TimeStamp,Delta_TP9,Delta_AF7,Delta_AF8,Delta_TP10,Theta_TP9,Theta_AF7,Theta_AF8,Theta_TP10,Alpha_TP9,Alpha_AF7,Alpha_AF8,Alpha_TP10,Beta_TP9,Beta_AF7,Beta_AF8,Beta_TP10,Gamma_TP9,Gamma_AF7,Gamma_AF8,Gamma_TP10,RAW_TP9,RAW_AF7,RAW_AF8,RAW_TP10,AUX_RIGHT,Accelerometer_X,Accelerometer_Y,Accelerometer_Z,Gyro_X,Gyro_Y,Gyro_Z,PPG_Ambient,PPG_IR,PPG_Red,Heart_Rate,HeadBandOn,HSI_TP9,HSI_AF7,HSI_AF8,HSI_TP10,Battery,Elements
2025-06-30 23:46:29.047,,,,,,,,,,,,,,,,,,,,,,,,,,,,,,,,,,,,,,,,,,/muse/event/connected Muse-9E7F
2025-06-30 23:46:29.075,0.5904422,0.5208681,0.5532998,1.1573681,0.19106142,0.2899657,0.52270603,0.8731364,0.14769599,0.39058095,0.5040459,0.62043774,0.07838265,-0.01066837,0.05224909,0.3996555,-0.3002507,-0.47066644,-0.38705397,0.08243097,820.3663,789.34064,791.3553,811.0989,840.10986,-0.401123046875,0.10223388671875,0.906005859375,4.015045166015625,-3.970184326171875,-0.500946044921875,317509.1575091575,8.202615384615384E7,3.303304029304029E7,50.97226,1,1.0,1.0,1.0,1.0,65.00
2025-06-30 23:46:30.080,0.25454783,0.18049923,0.21630886,0.39384744,0.016984034,-0.19464253,0.061798,-0.07268563,0.44283643,0.1671248,0.22560439,0.6394289,0.07096575,-0.12263809,0.07890228,0.23773932,-0.34423354,-0.39858672,-0.5248225,-0.23320739,772.01465,780.87915,818.7546,787.326,832.0513,-0.40570068359375,0.0994873046875,0.907958984375,4.089813232421875,-4.000091552734375,-0.7177734375,316703.2967032967,8.236703296703297E7,3.309347985347985E7,50.97226,1,1.0,1.0,1.0,1.0,65.00
2025-06-30 23:46:31.080,0.4983228,0.22741863,0.35801768,0.068818115,0.47479606,-0.22222161,0.2418449,0.020828102,0.9065314,0.33287323,0.13661478,0.6476989,0.28803033,-0.04072665,-0.12186205,0.22468363,-0.18977213,-0.4340668,-0.41829574,-0.25625739,821.1722,789.7436,794.17584,802.23444,703.1135,-0.4007568359375,0.0997314453125,0.9124755859375,3.81317138671875,-4.42626953125,-0.889739990234375,316703.2967032967,8.221553113553113E7,3.3054798534798533E7,50.97226,1,1.0,1.0,1.0,1.0,65.00
2025-06-30 23:46:32.088,0.17531623,0.10130822,0.25381932,-0.03741159,0.3246781,-0.26143447,-0.075528935,0.10183044,0.8261816,0.2678161,-0.012698586,0.39873946,0.0492076,-0.13005957,-0.17657046,0.13607132,-0.25933456,-0.42609286,-0.40108418,-0.17232262,809.4872,790.9524,787.72894,801.8315,790.14655,-0.40411376953125,0.09765625,0.91168212890625,3.81317138671875,-3.9178466796875,-0.814971923828125,317509.1575091575,8.207531135531135E7,3.3029816849816848E7,49.87558,1,1.0,1.0,1.0,1.0,65.00
2025-06-30 23:46:33.094,-0.042182695,0.09476612,0.28893468,-0.026176253,0.10478923,-0.20794372,-0.23662452,0.05176157,0.13468942,0.111541905,0.21859576,0.2531822,-0.08275516,-0.12463449,-0.15476997,0.17402509,-0.3476839,-0.50769556,-0.31645328,0.030354649,826.0073,797.8022,793.36993,809.89014,826.4103,-0.40008544921875,0.09619140625,0.91082763671875,3.69354248046875,-3.820648193359375,-0.7476806640625,315091.5750915751,8.197941391941392E7,3.3037069597069595E7,49.068573,1,1.0,1.0,1.0,1.0,65.00
2025-06-30 23:46:34.109,0.43761185,0.3238113,0.8616421,0.839115,-0.07687376,-0.009070928,0.20903488,0.37304428,0.45877856,0.19443358,0.4885464,0.6067912,0.1399612,0.04066216,-0.023648847,0.36115894,-0.16918965,-0.55909854,-0.5038982,0.063124284,824.3956,788.1319,799.41394,817.5458,789.7436,-0.4005126953125,0.0953369140625,0.91290283203125,4.015045166015625,-4.523468017578125,-0.381317138671875,316703.2967032967,8.209787545787546E7,3.3044322344322342E7,49.068573,1,1.0,1.0,1.0,1.0,70.00
2025-06-30 23:46:35.135,0.48108473,0.2623611,0.3877308,0.3186558,0.16594666,-0.037401173,0.12132102,0.092969194,0.1104993,0.15868607,-0.07791262,0.23730077,0.09811951,-0.04727397,0.061453544,0.1563847,-0.24605937,-0.60756147,-0.5495742,-0.12290861,830.0366,780.4762,786.52014,823.1868,714.3956,-0.40460205078125,0.09832763671875,0.91302490234375,3.9776611328125,-4.486083984375,-0.351409912109375,316703.2967032967,8.224615384615384E7,3.302901098901099E7,48.97715,1,1.0,1.0,1.0,1.0,70.00
2025-06-30 23:46:36.141,1.3498114,0.92312896,-0.06141992,0.94261074,0.39862475,0.40256518,0.030719342,0.30705294,0.33117956,0.19059762,0.18587977,0.3251255,0.098432146,-0.17623991,-0.045587495,0.19108914,-0.3292165,-0.5720924,-0.4259267,-0.080698155,796.99634,792.96704,791.75824,784.10254,674.5055,-0.40155029296875,0.09808349609375,0.9056396484375,3.78326416015625,-3.820648193359375,-0.3887939453125,316703.2967032967,8.248227106227106E7,3.3074945054945055E7,49.13007,1,1.0,1.0,1.0,1.0,70.00
2025-06-30 23:46:37.159,0.53070784,0.48811573,0.582051,0.6069235,-0.18220583,-0.0063356836,0.13741516,0.207476,0.12355622,0.28727016,0.2976818,0.38969535,0.13836583,-0.23205926,-0.16782296,0.049163792,-0.36701885,-0.49498022,-0.42313945,-0.102348745,805.05493,803.0403,794.9817,799.81683,761.13556,-0.40704345703125,0.099853515625,0.912109375,3.970184326171875,-4.209442138671875,-0.67291259765625,315897.4358974359,8.226710622710623E7,3.3017728937728938E7,49.32823,1,1.0,1.0,1.0,1.0,70.00
2025-06-30 23:46:38.186,-0.15895757,0.42456865,0.676948,0.29411262,-0.092826985,0.10225682,0.26938385,-0.028133243,-0.017746594,0.2952676,0.30000755,0.12264766,0.08850402,-0.027960865,-0.0765934,0.23213385,-0.34776786,-0.49870676,-0.4622439,-0.03558881,801.8315,790.54944,793.36993,796.99634,880.80585,-0.4027099609375,0.09869384765625,0.91143798828125,3.745880126953125,-3.828125,-0.934600830078125,317509.1575091575,8.214461538461538E7,3.3021758241758242E7,49.026585,1,1.0,1.0,1.0,1.0,70.00
2025-06-30 23:46:39.219,0.17732057,-0.06303476,0.47692168,0.20532884,0.0023479352,-0.036843035,0.08635857,-0.106753185,0.09946873,-0.12695505,0.093646176,0.29003823,0.07506755,-0.009464356,-0.07416592,0.19845448,-0.3664341,-0.5001016,-0.4935459,-0.1805842,791.75824,790.14655,796.5934,789.34064,751.8681,-0.4046630859375,0.096435546875,0.91241455078125,3.865509033203125,-3.805694580078125,-1.09161376953125,317509.1575091575,8.208739926739927E7,3.29814652014652E7,48.916595,1,1.0,1.0,1.0,1.0,70.00
2025-06-30 23:46:40.220,0.42848796,-0.28173858,-0.060857207,0.4328817,0.004130746,-0.39986634,-0.40837714,0.13362817,0.45417914,-0.39317504,0.013348311,0.5906783,-0.007104604,-0.16190945,-0.23653328,0.18549934,-0.4428288,-0.7598433,-0.45516324,-0.14667846,768.7912,793.7729,792.5641,783.2967,643.8828,-0.40069580078125,0.097900390625,0.90826416015625,4.1571044921875,-3.536529541015625,-0.418701171875,316703.2967032967,8.212527472527473E7,3.300241758241758E7,48.916595,1,1.0,1.0,1.0,1.0,70.00
2025-06-30 23:46:41.221,1.0641783,0.115662284,0.08223625,0.9664185,0.71782976,-0.030398384,-0.36502317,0.6479542,0.7052295,-0.21331957,0.115259,0.69093585,0.20539415,-0.1285344,-0.15677053,0.29066968,-0.3455557,-0.5003059,-0.40371174,-0.1635023,783.69965,794.57874,790.9524,806.6667,743.8095,-0.3994140625,0.09454345703125,0.91363525390625,3.880462646484375,-3.81317138671875,-0.7476806640625,315897.4358974359,8.218168498168498E7,3.3054798534798533E7,49.451347,1,1.0,1.0,1.0,1.0,70.00
2025-06-30 23:46:42.222,1.2254431,0.17079097,0.0818471,0.5330353,0.8972384,-0.14387283,-0.15402575,0.38517296,0.5667203,-0.0087310495,0.1305787,0.32526097,0.17684962,-0.054642335,-0.044746857,0.08207918,-0.34434757,-0.43291086,-0.32789186,-0.45686272,767.1795,799.011,790.14655,780.87915,625.7509,-0.40008544921875,0.0943603515625,0.90924072265625,3.46923828125,-3.880462646484375,-1.323394775390625,315897.4358974359,8.233238095238096E7,3.3076556776556775E7,49.777737,1,1.0,1.0,1.0,1.0,70.00
2025-06-30 23:46:43.223,0.81601137,0.20646787,0.06344979,0.46237844,0.6945536,-0.29319575,-0.24731283,0.412406,0.71484923,-0.01496601,-0.07854952,0.4999205,0.16257635,-0.095120035,-0.25585076,0.10923143,-0.36957884,-0.48459306,-0.43318647,-0.17615122,795.38464,795.78754,796.1905,801.02563,890.07324,-0.40216064453125,0.0999755859375,0.9163818359375,3.715972900390625,-3.820648193359375,-1.143951416015625,316703.2967032967,8.231304029304029E7,3.3067692307692308E7,50.313908,1,1.0,1.0,1.0,1.0,70.00
2025-06-30 23:46:44.182,,,,,,,,,,,,,,,,,,,,,,,,,,,,,,,,,,,,,,,,,,/muse/elements/blink
2025-06-30 23:46:44.224,0.29084417,0.11680594,-0.2253464,0.34155527,0.20121644,-0.28452656,-0.24779367,0.3477649,0.47730404,-0.025238581,0.19504018,0.47436565,0.0575368,-0.2764639,-0.15465975,0.20437747,-0.30237266,-0.41825387,-0.611498,-0.1781581,772.8205,789.7436,793.7729,781.685,685.38464,-0.4022216796875,0.0994873046875,0.912353515625,3.656158447265625,-3.730926513671875,-0.43365478515625,315897.4358974359,8.227274725274725E7,3.3067692307692308E7,50.46037,1,1.0,1.0,1.0,1.0,65.00
2025-06-30 23:46:44.769,,,,,,,,,,,,,,,,,,,,,,,,,,,,,,,,,,,,,,,,,,/muse/elements/blink
2025-06-30 23:46:45.225,0.5641344,-0.06987996,-0.18322659,0.33828306,-0.13388598,-0.36757103,-0.074737415,0.12884171,0.21332705,-0.1905825,0.26324445,-0.14650233,0.105395496,-0.24619582,-0.062749036,0.3557028,-0.19209397,-0.46773896,-0.6013653,-0.12561296,802.6374,793.7729,798.60803,799.011,688.60803,-0.40167236328125,0.0960693359375,0.91259765625,4.11224365234375,-3.96270751953125,-0.919647216796875,316703.2967032967,8.220666666666667E7,3.30225641025641E7,50.63165,1,1.0,1.0,1.0,1.0,65.00
2025-06-30 23:46:46.227,0.5641344,0.33574444,0.3397612,0.33828306,-0.13388598,-0.0034168342,-0.013795003,0.12884171,0.21332705,-0.22371241,0.20648727,-0.14650233,0.105395496,-0.3009445,-0.19630179,0.3557028,-0.19209397,-0.3912581,-0.4445363,-0.12561296,792.5641,793.36993,786.9231,796.5934,778.46155,-0.39794921875,0.09918212890625,0.91033935546875,3.24493408203125,-3.656158447265625,-1.45050048828125,316703.2967032967,8.215347985347985E7,3.3016117216117214E7,50.853397,1,1.0,1.0,1.0,1.0,65.00
2025-06-30 23:46:47.228,0.5641344,0.603447,0.6334789,0.33828306,-0.13388598,-0.058906183,0.16006409,0.12884171,0.21332705,-0.004102945,0.031949542,-0.14650233,0.105395496,-0.32793024,-0.14581771,0.3557028,-0.19209397,-0.4465867,-0.46101955,-0.12561296,811.0989,781.28204,782.49084,810.293,850.18317,-0.400634765625,0.099853515625,0.9095458984375,4.007568359375,-3.671112060546875,-0.829925537109375,315897.4358974359,8.22123076923077E7,3.3048351648351647E7,51.256824,1,2.0,1.0,1.0,2.0,65.00
2025-06-30 23:46:48.236,0.5641344,0.8022928,0.20615038,1.1701885,-0.13388598,-0.173853,0.06016386,0.14984345,0.21332705,0.009459178,-0.06561783,0.5809762,0.105395496,-0.16997781,-0.1121612,0.27856323,-0.19209397,-0.34994128,-0.46420482,-0.20135495,771.2088,789.7436,792.96704,797.3993,883.22345,-0.4036865234375,0.099365234375,0.90399169921875,3.611297607421875,-4.044952392578125,-0.70281982421875,315897.4358974359,8.236945054945055E7,3.3068498168498166E7,51.720295,1,2.0,1.0,1.0,2.0,65.00
2025-06-30 23:46:49.241,1.0227032,0.23435788,0.36558273,1.0106612,0.9478074,-0.22469722,0.19472224,0.9343468,0.5802177,-0.14813456,0.4101506,0.6422222,0.21767396,-0.17079137,0.021080915,0.36771274,-0.09811896,-0.30027765,-0.35580242,-0.18395773,779.67035,793.7729,797.3993,788.5348,648.315,-0.400634765625,0.09954833984375,0.9129638671875,3.7384033203125,-3.910369873046875,-0.665435791015625,316703.2967032967,8.231787545787546E7,3.304996336996337E7,51.90441,1,1.0,1.0,1.0,1.0,65.00
2025-06-30 23:46:49.568,,,,,,,,,,,,,,,,,,,,,,,,,,,,,,,,,,,,,,,,,,/muse/elements/blink
2025-06-30 23:46:50.243,1.0458509,0.1298744,0.3477927,1.1240582,0.9731662,-0.04918946,0.21852691,1.0718604,0.5755642,-0.029689375,0.41025147,0.5729041,0.25781927,-0.31047767,-0.04067024,0.43636358,-0.0864246,-0.5177042,-0.34393784,-0.23175149,796.99634,797.8022,795.38464,803.0403,681.3553,-0.40423583984375,0.1007080078125,0.90826416015625,3.775787353515625,-3.7982177734375,-1.069183349609375,317509.1575091575,8.273289377289377E7,3.3086227106227104E7,51.90441,1,1.0,1.0,1.0,1.0,65.00
2025-06-30 23:46:51.244,0.55077606,0.0944502,-0.020347835,0.43575796,-0.18545847,-0.13178964,-0.09926883,-0.14388743,-0.079547666,0.04963606,0.1800614,0.21801253,0.017622838,-0.12618572,-0.08324959,0.20936432,-0.34175035,-0.6760916,-0.5532928,-0.17707941,782.0879,798.60803,793.36993,796.99634,915.05493,-0.40576171875,0.09674072265625,0.9090576171875,3.60382080078125,-4.127197265625,-0.5682373046875,316703.2967032967,8.258058608058608E7,3.3028205128205128E7,51.90441,1,1.0,1.0,1.0,1.0,65.00
2025-06-30 23:46:52.246,0.7885268,0.007937235,0.6660848,0.4580619,0.0866007,0.16474831,0.3247317,0.15337338,0.37919396,0.20757632,0.0913662,0.481136,0.023506852,-0.09987495,0.08429501,0.19557863,-0.29888558,-0.5560816,-0.65527266,-0.12981333,786.9231,788.93774,796.5934,786.1172,668.46155,-0.4024658203125,0.09979248046875,0.91839599609375,4.134674072265625,-3.745880126953125,-0.28411865234375,315897.4358974359,8.245406593406594E7,3.3007252747252747E7,51.03711,1,1.0,1.0,1.0,1.0,65.00
2025-06-30 23:46:53.247,0.8756821,0.13414055,0.6607801,0.62727267,0.23579504,0.17465958,0.3601265,0.42698836,0.38792542,0.3271256,0.04093353,0.55353284,0.11491582,-0.04515269,0.08322828,0.34067577,-0.30085474,-0.5432789,-0.5649373,-0.15337162,802.6374,794.9817,800.2198,794.57874,824.3956,-0.401123046875,0.10430908203125,0.90692138671875,3.790740966796875,-3.955230712890625,-0.366363525390625,316703.2967032967,8.240490842490843E7,3.3032234432234433E7,50.599365,1,1.0,1.0,1.0,1.0,65.00
2025-06-30 23:46:54.246,0.37159812,-0.049781397,0.13282786,0.35910583,0.1562189,-0.3882066,0.15543087,0.3054679,0.2074636,0.26382554,0.14262527,0.5412047,0.042200986,-0.29686105,-0.08073187,0.16418652,-0.2379123,-0.48458737,-0.46855658,-0.27537718,792.5641,790.54944,788.93774,796.5934,707.1429,-0.4058837890625,0.10626220703125,0.91796875,3.7384033203125,-3.96270751953125,-1.27105712890625,315897.4358974359,8.233882783882783E7,3.3025787545787547E7,50.599365,1,1.0,1.0,1.0,1.0,70.00
2025-06-30 23:46:55.248,0.52782786,0.08174832,0.51011974,0.5357685,0.2641022,-0.090693876,0.104906715,0.28108913,0.4653842,0.078295656,0.18648897,0.67674166,0.027174331,-0.13946615,0.08955316,0.0723235,-0.18662001,-0.7431418,-0.37049603,-0.25218594,730.9158,794.9817,822.7839,746.2271,601.1722,-0.40423583984375,0.10516357421875,0.91632080078125,4.65057373046875,-3.357086181640625,-0.306549072265625,316703.2967032967,8.228322344322345E7,3.3037069597069595E7,50.45081,1,1.0,1.0,1.0,1.0,70.00
2025-06-30 23:46:56.250,0.5463995,0.30039617,0.90398103,0.57442105,0.34877446,-0.26820603,0.22429194,0.35017794,0.39480722,-0.16110514,0.37632653,0.67674166,4.3950207E-5,-0.035115678,0.07525958,0.040651537,-0.348312,-0.71446264,-0.38332006,-0.33734143,816.7399,796.5934,799.81683,803.0403,716.0073,-0.4017333984375,0.10479736328125,0.91168212890625,4.20196533203125,-3.3795166015625,-0.31402587890625,316703.2967032967,8.219296703296703E7,3.300161172161172E7,49.133244,1,1.0,1.0,1.0,1.0,70.00
2025-06-30 23:46:56.536,,,,,,,,,,,,,,,,,,,,,,,,,,,,,,,,,,,,,,,,,,/muse/elements/blink
2025-06-30 23:46:57.251,0.5463995,0.41294834,0.66419315,0.6470412,0.34877446,-0.11521185,0.18393347,0.42138165,0.39480722,0.009852136,0.36077666,0.63650644,4.3950207E-5,-0.29823834,0.008668,0.06806236,-0.348312,-0.53550017,-0.38404027,-0.36808857,807.0696,789.7436,795.38464,791.75824,807.8755,-0.40875244140625,0.10333251953125,0.90557861328125,3.925323486328125,-4.2169189453125,-0.657958984375,317509.1575091575,8.199553113553113E7,3.2967765567765567E7,49.598965,1,1.0,1.0,1.0,1.0,70.00
2025-06-30 23:46:58.251,0.91488487,0.20284668,0.10328745,0.31941095,0.7211366,-0.14300674,0.031984247,0.12998499,1.0130688,0.16524425,0.15855761,0.26705992,0.17948516,-0.23073621,-0.057340946,0.22456384,-0.1664162,-0.5917745,-0.42824012,-0.15189102,815.9341,792.96704,797.8022,801.02563,730.10986,-0.39984130859375,0.09881591796875,0.91119384765625,3.5888671875,-4.329071044921875,-1.009368896484375,316703.2967032967,8.213655677655677E7,3.30185347985348E7,54.354164,1,1.0,1.0,1.0,1.0,70.00
2025-06-30 23:46:59.253,0.24108249,0.19686422,0.15104698,0.41828018,0.020535944,-0.22747968,-0.19596832,0.064163916,0.46099067,0.092590965,0.33013698,0.52562726,0.14280508,0.01934794,0.062018797,0.14360131,-0.19473903,-0.60989267,-0.5370029,-0.181399,788.93774,788.5348,803.44324,789.34064,974.68866,-0.398193359375,0.09423828125,0.90240478515625,3.372039794921875,-3.349609375,-0.70281982421875,315897.4358974359,8.208336996336997E7,3.3006446886446886E7,54.354164,1,1.0,1.0,1.0,1.0,70.00
2025-06-30 23:47:00.254,0.9081611,0.7440366,0.6659265,0.3127387,-0.031542107,0.13711788,0.43436855,-0.05750684,0.5986264,0.121343374,0.37315744,0.4049727,0.22638755,0.062849656,0.06286359,0.22381051,-0.32013428,-0.5975831,-0.42443955,-0.26105782,828.022,799.011,799.41394,810.696,827.619,-0.406005859375,0.10101318359375,0.9085693359375,3.84307861328125,-3.63372802734375,-1.4056396484375,315897.4358974359,8.241216117216118E7,3.303142857142857E7,54.354164,1,1.0,1.0,1.0,1.0,70.00
2025-06-30 23:47:01.255,1.0343205,0.43975297,0.38550887,1.223374,0.7631139,0.006608296,0.2790657,0.7607302,0.46880075,0.052182134,0.22174558,0.75725204,0.3462417,-0.17006801,0.03344519,0.44200948,-0.19636114,-0.49317136,-0.295861,-0.30312577,818.3516,792.96704,796.5934,806.26373,731.31866,-0.40478515625,0.09515380859375,0.9102783203125,3.90289306640625,-3.835601806640625,-0.478515625,315897.4358974359,8.2436336996337E7,3.303948717948718E7,54.354164,1,1.0,1.0,1.0,1.0,70.00
2025-06-30 23:47:02.257,1.0359777,0.29075128,0.14593494,1.094252,0.6853874,-0.12093345,0.057481006,0.6600558,0.40094456,0.084199145,0.25962803,0.73229736,0.20050265,-0.06366509,0.07313526,0.46507853,-0.28951627,-0.5215312,-0.44030836,-0.25185478,829.2308,794.9817,796.1905,811.50183,911.4286,-0.4027099609375,0.0980224609375,0.90985107421875,3.828125,-4.164581298828125,-0.381317138671875,316703.2967032967,8.230336996336997E7,3.3006446886446886E7,52.844044,1,1.0,1.0,1.0,1.0,70.00
2025-06-30 23:47:03.258,1.0325893,0.08912833,0.057069875,0.9449795,0.5272275,-0.18494634,-0.07464911,0.5068839,0.53455126,0.36668444,0.16221009,0.5407957,0.039914027,-0.0816012,-0.14868346,0.29915833,-0.404853,-0.64503574,-0.47897935,-0.22009571,824.3956,786.1172,790.9524,812.71063,765.9707,-0.4041748046875,0.0986328125,0.910400390625,3.641204833984375,-3.611297607421875,-0.85235595703125,316703.2967032967,8.233399267399268E7,3.3045934065934066E7,51.450138,1,1.0,1.0,1.0,1.0,70.00
2025-06-30 23:47:04.260,1.1741232,0.073323995,0.4126141,1.0903398,0.84756386,0.059882622,0.06316661,0.76305634,0.8395167,0.57294774,0.48673832,0.69536865,0.004087871,-0.047274493,-0.05671013,0.14129153,-0.3720385,-0.73488826,-0.333058,-0.19863251,821.5751,784.10254,804.65204,814.7253,703.1135,-0.4044189453125,0.098876953125,0.91094970703125,3.5589599609375,-3.7982177734375,-0.6280517578125,315897.4358974359,8.235897435897435E7,3.306205128205128E7,51.179726,1,1.0,1.0,1.0,1.0,65.00
2025-06-30 23:47:05.262,0.9363846,0.37095326,0.44314802,0.5201258,0.5486541,0.044439517,-0.049019057,0.23469242,0.6870212,0.45378345,0.3601709,0.4812665,-0.09050032,-0.15041763,-0.027287463,0.06425667,-0.3773874,-0.63572854,-0.27958116,-0.27559936,815.9341,803.44324,798.60803,795.38464,744.21246,-0.40863037109375,0.09942626953125,0.91436767578125,3.940277099609375,-4.358978271484375,-0.82244873046875,316703.2967032967,8.239846153846154E7,3.3053992673992675E7,51.179726,1,1.0,1.0,1.0,1.0,65.00
2025-06-30 23:47:06.265,0.8585948,0.35639504,0.30979106,0.73592234,0.28696698,0.10452385,-0.03337986,0.365791,0.50546926,0.3333481,0.124555945,0.48483726,0.19972463,-0.17036848,0.0013007213,0.13348024,-0.17587622,-0.6118219,-0.54703563,-0.13607724,827.619,800.6227,779.2674,817.1429,746.63007,-0.3975830078125,0.0987548828125,0.91571044921875,3.536529541015625,-3.506622314453125,-1.33087158203125,315897.4358974359,8.261523809523809E7,3.3058021978021976E7,51.179726,1,1.0,1.0,1.0,1.0,65.00
2025-06-30 23:47:07.129,,,,,,,,,,,,,,,,,,,,,,,,,,,,,,,,,,,,,,,,,,/muse/elements/blink
2025-06-30 23:47:07.267,0.80067223,0.12609437,0.44400316,0.84219605,0.20883374,0.15299068,-0.14536136,0.30024117,0.42106652,0.29152697,0.0805073,0.28344458,0.19216195,-0.16273819,-0.048224777,0.19492634,-0.16182725,-0.5649942,-0.35225144,-0.16534168,821.5751,787.72894,803.8461,821.978,731.7216,-0.4010009765625,0.096435546875,0.906982421875,3.22998046875,-3.805694580078125,-1.1962890625,315897.4358974359,8.259992673992674E7,3.2993553113553114E7,49.624695,1,1.0,1.0,1.0,1.0,65.00
2025-06-30 23:47:08.271,0.9560957,0.5232756,0.4135043,0.81875473,0.5839212,0.24381758,0.025507405,0.49036616,0.6242735,0.072914384,0.15936057,0.5712461,0.23168498,-0.067638375,-0.008454503,0.2919675,-0.13851741,-0.40500376,-0.3395013,-0.1804237,816.337,800.2198,775.64105,794.9817,826.0073,-0.402587890625,0.0982666015625,0.91375732421875,3.768310546875,-4.433746337890625,-0.55328369140625,316703.2967032967,8.249032967032968E7,3.2982271062271062E7,49.624695,1,1.0,1.0,1.0,1.0,65.00
2025-06-30 23:47:09.273,0.7530826,0.34913406,0.59446156,0.6884259,0.25691235,-0.094491914,0.41013297,0.38863173,0.6138138,0.05972475,0.5011896,0.6064875,0.10927284,-0.12913266,-0.010785398,0.17775767,-0.2787696,-0.44909653,-0.5401664,-0.08684053,822.7839,798.20514,793.7729,811.0989,817.9487,-0.40594482421875,0.099853515625,0.91351318359375,3.491668701171875,-4.14215087890625,-1.188812255859375,315897.4358974359,8.225582417582418E7,3.300161172161172E7,49.756096,1,1.0,1.0,1.0,1.0,65.00
2025-06-30 23:47:10.274,0.42477974,0.2705691,0.48724824,0.39628175,0.21278772,-0.19195426,0.19625129,0.30643165,0.71061987,0.086875334,0.5109081,0.64870995,0.019036405,-0.13299422,-0.035196595,0.12849066,-0.31433874,-0.48350176,-0.43271,-0.037498713,829.2308,767.5824,793.7729,809.89014,851.39197,-0.40362548828125,0.0220947265625,0.9083251953125,0.067291259765625,-2.863616943359375,-4.91973876953125,315091.5750915751,8.227274725274725E7,3.308139194139194E7,49.773438,1,1.0,1.0,1.0,1.0,65.00
2025-06-30 23:47:11.280,1.3254839,0.8131958,0.53072375,1.0600673,1.2325157,-0.20896512,0.35627797,0.9513723,1.0539453,0.13549559,0.55340827,0.90653485,0.080764756,0.0024068314,0.014779104,0.18207933,-0.24294809,-0.41799217,-0.36014688,-0.017200237,832.4542,796.5934,794.9817,821.5751,704.3223,-0.385986328125,0.08575439453125,0.92034912109375,7.065582275390625,-11.088104248046875,3.072967529296875,316703.2967032967,8.234124542124543E7,3.3098315018315017E7,49.773438,1,1.0,1.0,1.0,1.0,65.00
2025-06-30 23:47:12.288,1.5120404,0.20903176,0.4635661,0.88343513,1.4164566,0.053753573,0.09217315,0.42902255,1.0524781,0.23230796,0.36606804,0.4724311,0.052631002,0.01945401,-0.079297245,0.18468432,-0.21373452,-0.54998255,-0.41295287,-0.050040096,822.7839,786.52014,792.96704,808.68134,736.9597,-0.3985595703125,0.09521484375,0.91351318359375,3.4991455078125,-4.23187255859375,-0.949554443359375,317509.1575091575,8.247501831501831E7,3.3137802197802197E7,49.773438,1,1.0,1.0,1.0,1.0,65.00
2025-06-30 23:47:13.291,0.7473249,-0.012698809,0.20179567,0.7631996,0.11226171,-0.19353227,-0.28521165,0.115540795,0.25330016,0.20211132,0.14412992,0.13963675,-0.034177545,-0.1096737,-0.17403035,0.10677868,-0.35809252,-0.5026892,-0.3740072,-0.2838279,823.1868,791.3553,796.1905,819.5604,802.6374,-0.40850830078125,0.08880615234375,0.9078369140625,3.671112060546875,-3.84307861328125,-1.256103515625,317509.1575091575,8.216315018315019E7,3.3075750915750913E7,48.89393,1,1.0,1.0,1.0,1.0,65.00
2025-06-30 23:47:13.730,,,,,,,,,,,,,,,,,,,,,,,,,,,,,,,,,,,,,,,,,,/muse/elements/blink
2025-06-30 23:47:14.292,0.33672324,0.41352004,0.07259549,0.20906934,-0.045188688,-0.2382862,0.21784708,-0.20072734,0.13496184,0.15087855,0.29717225,0.16908275,-0.13139173,-0.13846068,0.0450397,0.14268719,-0.24352045,-0.50459325,-0.40598336,-0.28380844,819.9634,788.93774,787.72894,825.2015,1008.1319,-0.400634765625,0.08648681640625,0.912353515625,3.895416259765625,-3.790740966796875,-0.88226318359375,316703.2967032967,8.22840293040293E7,3.307091575091575E7,48.89393,1,1.0,1.0,1.0,1.0,65.00
2025-06-30 23:47:15.294,1.0803618,0.49607846,0.10926221,1.0708221,0.8454629,-0.097470514,0.3063627,0.54847515,0.7833179,0.13077165,0.40518862,0.41497883,0.23246546,-0.020690633,-0.011034265,0.1382268,-0.16398937,-0.41010877,-0.42173702,-0.15508662,824.7985,784.90845,792.5641,815.5311,766.77655,-0.40380859375,0.09051513671875,0.9063720703125,3.8580322265625,-3.349609375,-0.755157470703125,316703.2967032967,8.24443956043956E7,3.3106373626373626E7,48.89393,1,1.0,1.0,1.0,1.0,65.00
2025-06-30 23:47:16.295,0.62044895,0.37662905,-0.15072349,0.6224734,0.26295984,-0.03580603,-0.17743695,0.3642,0.66595584,-0.08111594,0.30701277,0.583048,0.15876487,0.12535974,0.009778497,0.41133186,-0.28503555,-0.38037995,-0.44325206,-0.14232683,812.3077,800.2198,795.38464,795.78754,882.01465,-0.402587890625,0.0858154296875,0.91217041015625,3.72344970703125,-3.686065673828125,-0.6878662109375,316703.2967032967,8.245164835164835E7,3.3112820512820512E7,48.592037,1,1.0,1.0,1.0,1.0,65.00
2025-06-30 23:47:17.298,1.0302291,0.36655775,0.012298194,1.0791373,0.63634205,0.13874374,-0.10326392,0.6452228,0.73588943,0.089906245,0.37143746,0.9501626,0.03317383,0.014174136,-0.113560826,0.2341457,-0.35503408,-0.40002054,-0.47576573,-0.22389074,828.022,795.78754,794.57874,817.1429,913.0403,-0.40460205078125,0.08612060546875,0.911376953125,4.02252197265625,-3.940277099609375,-0.52337646484375,316703.2967032967,8.233076923076923E7,3.3105567765567765E7,48.905075,1,1.0,1.0,1.0,1.0,65.00
2025-06-30 23:47:18.300,1.1891792,0.2110641,0.42023426,1.2367055,1.0200324,0.22212522,0.09055423,1.0058947,0.87166536,0.07558488,0.28438532,0.90918326,0.05261879,-0.27546173,-0.12060872,0.3725364,-0.30060983,-0.42375255,-0.39504236,-0.24834691,819.15753,796.1905,795.78754,811.0989,676.1172,-0.4034423828125,0.0848388671875,0.9102783203125,3.536529541015625,-3.9776611328125,-1.338348388671875,317509.1575091575,8.224131868131869E7,3.309912087912088E7,49.07453,1,1.0,1.0,1.0,1.0,65.00
2025-06-30 23:47:18.707,,,,,,,,,,,,,,,,,,,,,,,,,,,,,,,,,,,,,,,,,,/muse/elements/blink
2025-06-30 23:47:18.923,,,,,,,,,,,,,,,,,,,,,,,,,,,,,,,,,,,,,,,,,,/muse/elements/blink
2025-06-30 23:47:19.302,1.221003,0.49029306,0.2292093,1.1300771,0.9799471,0.27613944,-0.14992285,0.8131139,0.8309343,-0.08512166,-0.0024081182,0.71869594,0.08547412,-0.18289459,-0.11120532,0.30248553,-0.23897377,-0.5079058,-0.4191951,-0.3711875,807.0696,798.20514,798.60803,807.8755,876.3736,-0.405029296875,0.087890625,0.91253662109375,3.985137939453125,-4.14215087890625,-1.143951416015625,316703.2967032967,8.219135531135531E7,3.3065274725274723E7,49.314907,1,1.0,1.0,1.0,1.0,65.00
2025-06-30 23:47:20.312,-0.28381535,0.6699024,0.0841017,-0.32918406,-0.101000756,0.33075416,-0.30300465,-0.19461095,-0.037560005,0.0121484585,-0.06546959,0.3648593,-0.13900168,-0.2506224,0.022636006,-0.205493,-0.40086773,-0.49006683,-0.34097558,-0.26664695,786.52014,791.3553,790.9524,781.685,864.2857,-0.40484619140625,0.08746337890625,0.9156494140625,3.70849609375,-4.448699951171875,-0.695343017578125,316703.2967032967,8.221311355311355E7,3.301289377289377E7,49.544285,1,1.0,1.0,1.0,1.0,65.00
2025-06-30 23:47:21.314,0.737517,-0.19645035,0.22141221,0.69945204,0.4110148,-0.15314701,-0.11795342,0.44640118,0.6546456,-0.15549229,-0.06690683,0.7001501,0.2793139,-0.20744821,-0.19717477,0.24439478,-0.22262374,-0.4146339,-0.50333256,-0.17483696,794.57874,793.7729,792.1612,802.6374,754.68866,-0.4061279296875,0.08673095703125,0.9140625,3.970184326171875,-4.20196533203125,-0.52337646484375,316703.2967032967,8.201728937728937E7,3.3008864468864467E7,50.25695,1,1.0,1.0,1.0,1.0,65.00
2025-06-30 23:47:22.317,1.1611797,0.0930684,0.43000716,1.0341727,0.90435725,-0.061933056,0.13877434,0.6958821,0.8028312,-0.22840399,0.11668509,0.6916144,0.2170896,-0.14084983,-0.1959326,0.3238971,-0.16146678,-0.51066977,-0.3318746,-0.29035157,798.60803,807.0696,796.1905,814.3223,749.0476,-0.4080810546875,0.0865478515625,0.91015625,4.11224365234375,-3.805694580078125,-0.73272705078125,316703.2967032967,8.240652014652014E7,3.310153846153846E7,50.25695,1,1.0,1.0,1.0,1.0,65.00
2025-06-30 23:47:23.320,0.7293128,0.2956354,0.35408023,0.8194692,0.4881488,-0.029031524,0.279459,0.42391863,0.5114247,0.24389896,0.44953153,0.48478517,-0.025658835,-0.22696266,-0.009411058,0.12127665,-0.15486515,-0.59606564,-0.25781685,-0.17983055,810.696,797.8022,788.93774,808.2784,821.5751,-0.401123046875,0.083740234375,0.913818359375,3.745880126953125,-3.581390380859375,-0.85235595703125,315897.4358974359,8.230901098901099E7,3.3116043956043955E7,50.25695,1,1.0,1.0,1.0,1.0,65.00
2025-06-30 23:47:24.322,0.79929334,0.30700922,0.09266211,0.6756524,0.5901435,-0.12173606,0.18588668,0.63571525,0.52242535,0.2581258,0.44953153,0.3836301,-0.06403166,-0.18471476,-0.037659153,0.16104165,-0.2178782,-0.5631681,-0.4610302,-0.1936985,797.8022,797.8022,797.3993,802.6374,752.674,-0.40179443359375,0.08544921875,0.91009521484375,3.69354248046875,-3.775787353515625,-0.859832763671875,315897.4358974359,8.229208791208792E7,3.3108791208791208E7,50.25695,1,1.0,1.0,1.0,1.0,65.00
2025-06-30 23:47:24.981,,,,,,,,,,,,,,,,,,,,,,,,,,,,,,,,,,,,,,,,,,/muse/elements/blink
2025-06-30 23:47:25.324,0.7181819,0.21676348,0.5807556,0.65754265,0.10901474,-0.38452747,0.49211666,0.25708994,0.31533882,-0.06757801,0.58268106,0.026471173,0.039225407,-0.04112343,-0.022391988,0.21163286,-0.24098945,-0.4311516,-0.55656517,-0.09692238,807.0696,803.8461,792.1612,806.6667,654.7619,-0.4031982421875,0.08819580078125,0.91363525390625,4.000091552734375,-3.9776611328125,-0.680389404296875,315897.4358974359,8.219941391941392E7,3.3096703296703298E7,50.63522,1,1.0,1.0,1.0,1.0,65.00
2025-06-30 23:47:26.326,0.7704829,0.062838115,0.82090634,0.25605327,0.46026358,-0.47365192,0.6094968,0.28169474,0.48560402,-0.012891624,0.58268106,0.11419061,0.04582105,-0.20602196,0.028883968,0.08317947,-0.05286781,-0.40314737,-0.4393871,-0.08081641,796.5934,800.2198,790.9524,801.02563,829.2308,-0.4000244140625,0.08050537109375,0.90972900390625,3.521575927734375,-3.21502685546875,-0.94207763671875,316703.2967032967,8.226065934065934E7,3.308058608058608E7,50.789146,1,1.0,1.0,1.0,1.0,65.00
2025-06-30 23:47:27.328,0.35764855,0.13171694,0.36947682,0.13796704,0.15190686,-0.28976327,0.30236974,0.33977306,0.38850525,-0.14918087,0.27732584,0.2812128,0.09726797,-0.20708461,0.083869964,0.22560968,-0.11083659,-0.52786726,-0.45795295,-0.03970844,785.31134,791.3553,788.93774,790.9524,724.4689,-0.40350341796875,0.08551025390625,0.91241455078125,3.835601806640625,-3.3197021484375,-0.79254150390625,315897.4358974359,8.220827838827838E7,3.3065274725274723E7,50.789146,1,1.0,1.0,1.0,1.0,65.00
2025-06-30 23:47:28.336,0.51426136,-0.015052784,-0.024354873,0.31985533,0.54587513,-0.2619156,0.010462385,0.4185266,0.6438684,-0.10504825,0.28051165,0.5016689,0.33533037,-0.077757604,0.002294992,0.26254603,-0.22124325,-0.43457252,-0.4490297,-0.18710817,823.5897,788.93774,797.8022,814.7253,622.1245,-0.4022216796875,0.08453369140625,0.91070556640625,3.87298583984375,-3.342132568359375,-0.8673095703125,315897.4358974359,8.240974358974358E7,3.3097509157509156E7,50.789146,1,1.0,1.0,1.0,1.0,65.00
2025-06-30 23:47:29.337,0.37390524,0.7222154,0.27489692,0.05416575,0.3374813,0.22080871,-0.12567827,0.2754112,0.16801602,0.03456811,0.075339295,0.21273212,0.2038323,-0.1585635,-0.09252017,0.24644096,-0.24327996,-0.42826635,-0.46746978,-0.46011785,796.5934,796.5934,815.12823,822.381,961.79486,-0.4017333984375,0.08013916015625,0.9075927734375,3.529052734375,-3.51409912109375,-0.8074951171875,316703.2967032967,8.258058608058608E7,3.3119267399267398E7,50.789146,1,1.0,1.0,1.0,1.0,65.00
2025-06-30 23:47:30.339,0.5882538,0.22028334,0.09564833,0.5139051,0.05734734,-0.14746256,0.15151556,0.29018757,0.28282893,0.024586055,0.34576076,0.085680954,0.031728618,-0.20250209,-0.0021893412,0.016975868,-0.5172479,-0.4359869,-0.33234957,-0.101530924,809.89014,799.011,792.5641,811.50183,743.8095,-0.40460205078125,0.07952880859375,0.90997314453125,3.835601806640625,-3.75335693359375,-0.889739990234375,317509.1575091575,8.246051282051282E7,3.309992673992674E7,50.789146,1,1.0,1.0,1.0,1.0,65.00
2025-06-30 23:47:31.341,0.20430784,-0.029103601,-0.01581086,0.11442338,-0.22339699,-0.36494315,-0.10273492,-0.025872184,0.0025263615,-0.017843178,0.17299034,0.21262287,-0.0036106321,-0.124875896,-0.08159218,0.078192204,-0.25379464,-0.36443534,-0.33869806,-0.121487804,795.78754,803.8461,809.0842,805.05493,723.663,-0.40386962890625,0.08282470703125,0.9100341796875,3.536529541015625,-3.850555419921875,-0.829925537109375,317509.1575091575,8.24403663003663E7,3.307091575091575E7,51.146233,1,1.0,1.0,1.0,1.0,65.00
2025-06-30 23:47:32.342,0.27565563,0.2992896,0.1680005,0.52230155,0.15601414,-0.26593792,0.07326106,0.3249512,0.38678437,0.12345316,0.22271334,0.5752008,0.01922642,-0.03787942,-0.03157736,0.18945463,-0.16309784,-0.36273468,-0.442967,-0.064766735,777.25275,805.4579,807.0696,777.6557,758.71796,-0.4002685546875,0.07403564453125,0.90826416015625,2.85614013671875,-3.93280029296875,0.067291259765625,315897.4358974359,8.240249084249084E7,3.3063663003663003E7,51.146233,1,1.0,1.0,1.0,1.0,65.00
2025-06-30 23:47:33.343,0.27126148,0.41171634,0.35353687,0.89115846,0.5323191,-0.024465265,0.26279923,0.7196664,0.3636297,0.10116893,0.35270634,0.5741411,-0.007949333,-0.062537335,-0.083058104,0.18039063,-0.23058923,-0.3409185,-0.28955203,-0.027669443,805.05493,792.96704,790.9524,805.8608,934.7985,-0.4088134765625,0.07330322265625,0.90869140625,3.865509033203125,-4.9945068359375,-0.88226318359375,316703.2967032967,8.252901098901099E7,3.305076923076923E7,51.146233,1,1.0,1.0,1.0,1.0,65.00
2025-06-30 23:47:34.345,0.41419536,0.25733778,0.30165395,0.27293563,-0.17969361,0.049171574,0.05367707,0.1282638,0.22399753,-0.09334351,0.10633957,0.53983945,0.22688106,-0.048847757,-0.17695159,0.42054355,-0.3413294,-0.45346183,-0.32785013,-0.2375166,796.99634,799.011,799.41394,808.68134,732.1245,-0.4134521484375,0.07171630859375,0.9058837890625,3.446807861328125,-3.6785888671875,-1.03179931640625,316703.2967032967,8.24218315018315E7,3.2976630036630034E7,51.146233,1,1.0,1.0,1.0,1.0,65.00
2025-06-30 23:47:35.347,0.45819035,0.20977794,0.33587384,0.48367572,-0.3091313,0.04295336,0.073841885,0.0068486235,0.23462306,-0.13785455,-0.045587443,0.496205,0.20737864,-0.0030164386,-0.029482957,0.3534871,-0.296675,-0.4657068,-0.40731668,-0.13276927,814.3223,783.69965,799.81683,826.4103,693.0403,-0.4078369140625,0.0743408203125,0.9075927734375,3.7384033203125,-3.84307861328125,-0.83740234375,316703.2967032967,8.238234432234432E7,3.2914578754578754E7,51.146233,1,1.0,1.0,1.0,1.0,65.00
2025-06-30 23:47:36.349,0.6659224,0.84220445,0.52669597,0.64845544,-0.20962879,-0.09390364,-0.29461014,-0.020195736,0.12521864,0.23164257,-0.11725245,0.15346462,0.1942869,-0.11827368,-0.012109503,0.43504167,-0.1818584,-0.3798819,-0.33582982,-0.11719068,783.2967,795.78754,793.7729,795.78754,836.08057,-0.41204833984375,0.08087158203125,0.90679931640625,3.84307861328125,-3.641204833984375,-0.4486083984375,316703.2967032967,8.238879120879121E7,3.296131868131868E7,50.70689,1,1.0,1.0,1.0,1.0,65.00
2025-06-30 23:47:37.350,0.50028616,0.26863846,0.08989742,-0.050994284,0.2393099,0.03557985,-0.33925104,0.24548537,0.6674765,0.2909883,-0.15319103,-0.047088325,0.13175668,-0.19953364,-0.15386175,0.07146619,-0.14468853,-0.6804336,-0.36353284,-0.3786983,782.0879,797.8022,806.6667,795.38464,760.7326,-0.40594482421875,0.0750732421875,0.9134521484375,3.641204833984375,-4.194488525390625,-0.919647216796875,317509.1575091575,8.253787545787546E7,3.3071721611721613E7,51.049843,1,1.0,1.0,1.0,1.0,65.00
2025-06-30 23:47:38.351,1.2306461,0.27464807,0.37636605,1.1473092,0.85205567,-0.17565498,-0.22878961,0.70316994,0.8421121,0.06406676,-0.059228417,0.8289436,0.25148702,-0.10475075,-0.036200058,0.22846784,-0.050340842,-0.5325506,-0.41851366,-0.31497547,784.5055,790.9524,798.20514,794.17584,813.91943,-0.406982421875,0.07781982421875,0.90704345703125,3.970184326171875,-4.05242919921875,-0.83740234375,315897.4358974359,8.243391941391942E7,3.3092673992673993E7,51.049843,1,1.0,1.0,1.0,1.0,65.00
2025-06-30 23:47:39.352,0.64968455,-0.37041047,0.21054102,0.6207287,0.16225198,-0.2589755,-0.079258,0.24510509,0.41722137,-0.22272968,0.104366675,0.43116727,0.041488368,-0.12207684,-0.059313275,0.2025329,-0.33288386,-0.53288,-0.5271263,-0.2550752,776.8498,790.54944,799.41394,794.17584,680.14655,-0.406494140625,0.07989501953125,0.90863037109375,3.701019287109375,-4.373931884765625,-0.695343017578125,315897.4358974359,8.239604395604396E7,3.306285714285714E7,50.77643,1,1.0,1.0,1.0,1.0,65.00
2025-06-30 23:47:40.354,0.61834204,-0.16615102,0.068186715,0.4445185,0.28214893,-0.26739985,0.053453445,0.31694934,0.3524772,0.071486056,0.29681888,0.47814098,0.23820068,-0.1043051,-0.07780762,0.38396528,-0.29026783,-0.47360992,-0.4488662,-0.12858078,780.87915,788.93774,794.57874,790.9524,593.1135,-0.41046142578125,0.0811767578125,0.91131591796875,4.373931884765625,-3.970184326171875,-0.059814453125,316703.2967032967,8.247260073260073E7,3.311201465201465E7,50.521873,1,1.0,1.0,1.0,1.0,65.00
2025-06-30 23:47:41.028,,,,,,,,,,,,,,,,,,,,,,,,,,,,,,,,,,,,,,,,,,/muse/elements/blink
2025-06-30 23:47:41.355,1.3108499,0.2628924,0.7346589,1.4745331,0.89634603,0.3235744,0.35323864,1.304061,0.57300115,0.44999522,-0.01760927,0.86907136,0.1025057,-0.17100567,-0.031858195,0.278578,-0.39055884,-0.45337868,-0.30585337,-0.29026845,781.28204,784.10254,784.5055,799.011,778.86444,-0.4046630859375,0.08160400390625,0.9132080078125,3.648681640625,-3.6785888671875,-0.770111083984375,317509.1575091575,8.262974358974358E7,3.3084615384615384E7,50.22964,1,1.0,1.0,1.0,1.0,65.00
2025-06-30 23:47:42.355,-0.092886455,0.5240325,0.42571533,1.4678445,-0.25405273,0.25504148,0.15132672,1.3311732,0.03091822,0.4787299,0.3185724,0.84643465,0.16342977,-0.059786297,0.075893246,0.1605884,-0.36436623,-0.49793345,-0.47176778,-0.3410372,778.46155,796.5934,797.8022,796.99634,828.022,-0.406005859375,0.08184814453125,0.91046142578125,4.41131591796875,-4.1571044921875,-0.5084228515625,317509.1575091575,8.280783882783882E7,3.3075750915750913E7,49.571716,1,1.0,1.0,1.0,1.0,65.00
2025-06-30 23:47:43.358,-0.34124944,0.10217382,0.12761271,-0.11719751,-0.10190965,-0.15987585,0.095111296,0.05433027,0.18642905,0.32983553,0.35182148,0.6077178,0.16498221,-0.06949398,0.09605685,0.14589357,-0.28200457,-0.42712757,-0.6052976,-0.31160673,778.0586,792.1612,796.5934,779.67035,683.36993,-0.4091796875,0.0782470703125,0.91290283203125,3.8580322265625,-3.828125,-0.73272705078125,316703.2967032967,8.260717948717949E7,3.3016117216117214E7,49.565807,1,1.0,1.0,1.0,1.0,65.00
2025-06-30 23:47:44.360,0.00952876,0.09514929,0.040670477,0.22329868,0.06516239,0.12436777,-0.13224562,0.18525292,0.26683587,0.3468152,0.2307219,0.6290684,0.21233436,-0.12624027,0.044610064,0.21289223,-0.26223797,-0.40561068,-0.42580888,-0.39380515,785.31134,793.36993,799.011,794.9817,778.46155,-0.40924072265625,0.0814208984375,0.910888671875,3.805694580078125,-3.730926513671875,-0.665435791015625,316703.2967032967,8.245164835164835E7,3.301047619047619E7,49.565807,1,1.0,1.0,1.0,1.0,65.00
2025-06-30 23:47:45.360,0.18551463,0.5712415,0.35214898,0.4637518,0.07225406,0.5612304,0.13640964,0.19649255,0.2606794,0.43528602,0.40873048,0.27135092,0.18545689,-0.12865144,0.007808753,-0.006069169,-0.33440143,-0.38678044,-0.3903336,-0.58365345,782.49084,792.96704,794.17584,791.3553,778.0586,-0.40625,0.075927734375,0.91259765625,4.007568359375,-4.02252197265625,-0.64300537109375,317509.1575091575,8.220021978021978E7,3.2979853479853477E7,49.565807,1,1.0,1.0,1.0,1.0,70.00
2025-06-30 23:47:46.031,,,,,,,,,,,,,,,,,,,,,,,,,,,,,,,,,,,,,,,,,,/muse/elements/blink
2025-06-30 23:47:46.363,0.78370434,0.20686363,0.225111,0.6317712,0.64732087,-0.0054692226,-0.09506231,0.5371203,0.37207434,0.083371945,0.30895716,0.3257616,0.03678428,-0.16834368,0.09298082,0.23733523,-0.26045662,-0.42926595,-0.3243664,-0.059939347,780.07324,790.54944,799.81683,793.7729,769.19415,-0.4075927734375,0.08203125,0.90887451171875,3.955230712890625,-3.96270751953125,-0.710296630859375,317509.1575091575,8.232915750915751E7,3.2992747252747253E7,49.565807,1,1.0,1.0,1.0,1.0,70.00
2025-06-30 23:47:47.368,0.71826506,0.29868954,0.08232656,0.55974406,0.46949813,0.14885798,-0.13818784,0.34129772,0.31020567,0.041595716,0.2903081,0.30161467,-0.029867034,-0.15874442,0.105236,0.18978705,-0.28687754,-0.36305484,-0.32506236,-0.057248324,774.0293,799.011,788.5348,784.90845,688.20514,-0.405517578125,0.07745361328125,0.9139404296875,3.6785888671875,-4.358978271484375,-0.61309814453125,316703.2967032967,8.244358974358974E7,3.3025787545787547E7,49.565807,1,1.0,1.0,1.0,1.0,70.00
2025-06-30 23:47:48.055,,,,,,,,,,,,,,,,,,,,,,,,,,,,,,,,,,,,,,,,,,/muse/elements/blink
2025-06-30 23:47:48.370,0.30330825,0.38438448,0.3518969,0.2750622,-0.08553252,-0.05360529,-0.058056254,0.081554174,0.09370494,0.075275995,0.12648238,0.26047194,-0.10741932,-0.13935715,-0.05428008,0.08941648,-0.2698905,-0.2286658,-0.3591868,-0.17524081,779.67035,791.75824,798.20514,798.20514,751.8681,-0.4058837890625,0.0728759765625,0.909423828125,2.893524169921875,-2.9010009765625,-0.785064697265625,317509.1575091575,8.254190476190476E7,3.3043516483516484E7,49.565807,1,1.0,1.0,1.0,1.0,70.00
2025-06-30 23:47:49.372,0.22669613,0.49970686,0.27406716,0.29999763,0.013129441,5.4006634E-4,0.063773304,0.058086824,-0.124936745,-0.03178296,0.07402536,0.13762209,-0.13007762,-0.18541181,-0.14209528,0.120652355,-0.32244295,-0.39603746,-0.44521564,-0.23826125,780.07324,788.93774,790.14655,789.34064,731.31866,-0.4049072265625,0.082275390625,0.91363525390625,5.15899658203125,-4.822540283203125,0.471038818359375,316703.2967032967,8.238717948717949E7,3.3034652014652014E7,49.459435,1,1.0,1.0,1.0,1.0,70.00
2025-06-30 23:47:49.688,,,,,,,,,,,,,,,,,,,,,,,,,,,,,,,,,,,,,,,,,,/muse/elements/blink
2025-06-30 23:47:50.374,0.22669613,0.6184156,0.17689675,0.15913995,0.013129441,0.12393888,0.11899275,0.38135225,-0.124936745,-0.0010595958,0.21749374,5.085765E-4,-0.13007762,-0.21629117,-0.095977336,0.33081943,-0.32244295,-0.46133584,-0.43296227,-0.3261877,787.72894,805.4579,799.81683,794.9817,823.1868,-0.41497802734375,0.08203125,0.90576171875,4.329071044921875,-1.9140625,1.016845703125,316703.2967032967,8.24403663003663E7,3.294761904761905E7,49.11141,1,1.0,1.0,1.0,1.0,70.00
2025-06-30 23:47:51.382,0.14126994,0.56494045,0.44780353,0.32177964,0.2222169,0.07576889,-0.10021404,0.13863286,0.16748308,0.0029177433,0.15713546,0.35345367,0.023556186,-0.11887256,-0.01655596,0.13857216,-0.31012288,-0.4469739,-0.36852244,-0.19449797,779.67035,790.14655,791.75824,789.34064,751.8681,-0.41851806640625,0.072021484375,0.9117431640625,3.5589599609375,-4.119720458984375,-1.293487548828125,316703.2967032967,8.232915750915751E7,3.295003663003663E7,49.052162,1,1.0,1.0,1.0,1.0,70.00
2025-06-30 23:47:51.704,,,,,,,,,,,,,,,,,,,,,,,,,,,,,,,,,,,,,,,,,,/muse/elements/blink
2025-06-30 23:47:51.877,,,,,,,,,,,,,,,,,,,,,,,,,,,,,,,,,,,,,,,,,,/muse/elements/blink
2025-06-30 23:47:52.384,1.0294617,0.7405252,0.18602449,0.948555,1.158028,0.23341848,-0.07902333,0.9531811,1.1456257,0.12455784,0.1744743,1.0182036,0.2729922,-0.20552945,0.03322812,0.14380696,-0.34376395,-0.34960812,-0.40191242,-0.17994913,708.3516,794.57874,802.23444,722.8571,764.7619,-0.41680908203125,0.07623291015625,0.91119384765625,3.850555419921875,-3.865509033203125,-0.994415283203125,317509.1575091575,8.223567765567765E7,3.2937142857142854E7,49.106323,1,1.0,1.0,1.0,1.0,70.00
2025-06-30 23:47:52.583,,,,,,,,,,,,,,,,,,,,,,,,,,,,,,,,,,,,,,,,,,/muse/elements/blink
2025-06-30 23:47:53.389,1.3547906,0.8235889,0.09484394,1.1534598,1.480841,0.32437316,-0.009015668,1.1773282,1.1456257,0.13288732,0.25765717,1.0153677,0.4728619,-0.15610045,-0.2326509,0.21452768,-0.3477674,-0.50864464,-0.50332063,-0.25607148,780.07324,803.0403,805.05493,799.011,838.9011,-0.4158935546875,0.0794677734375,0.919189453125,4.089813232421875,-3.70849609375,-0.919647216796875,317509.1575091575,8.233399267399268E7,3.2953260073260073E7,50.808422,1,1.0,1.0,1.0,1.0,70.00
2025-06-30 23:47:53.713,,,,,,,,,,,,,,,,,,,,,,,,,,,,,,,,,,,,,,,,,,/muse/elements/blink
2025-06-30 23:47:54.391,1.3547906,0.34946066,0.037912946,1.1534598,1.480841,0.16374318,0.2644085,1.1773282,1.1456257,0.16458558,0.12296672,1.0153677,0.4728619,0.075499184,-0.071323924,0.21452768,-0.3477674,-0.5007845,-0.49029374,-0.25607148,774.43225,786.52014,788.5348,781.685,713.1868,-0.4166259765625,0.078125,0.905517578125,3.282318115234375,-3.6187744140625,-2.6617431640625,316703.2967032967,8.211721611721611E7,3.2893626373626374E7,50.808422,1,1.0,1.0,1.0,1.0,70.00
2025-06-30 23:47:55.359,,,,,,,,,,,,,,,,,,,,,,,,,,,,,,,,,,,,,,,,,,/muse/elements/blink
2025-06-30 23:47:55.392,1.3547906,0.33075225,0.33741787,1.1534598,1.480841,0.302676,0.26746267,1.1773282,1.1456257,0.20502752,0.07895441,1.0153677,0.4728619,-0.018976728,-0.08837455,0.21452768,-0.3477674,-0.48645198,-0.46815848,-0.25607148,813.5165,789.34064,799.41394,809.0842,694.65204,-0.4150390625,0.08367919921875,0.91387939453125,4.8150634765625,-4.463653564453125,0.61309814453125,317509.1575091575,8.253868131868131E7,3.2946007326007325E7,50.808422,1,2.0,1.0,1.0,2.0,70.00
2025-06-30 23:47:56.394,1.3547906,0.48133242,0.31679457,1.1534598,1.480841,0.48352554,-0.19124925,1.1773282,1.1456257,0.28377232,0.07943866,1.0153677,0.4728619,-0.119695835,-0.09331716,0.21452768,-0.3477674,-0.62959576,-0.44980007,-0.25607148,770.0,796.99634,786.52014,789.34064,752.27106,-0.40972900390625,0.0826416015625,0.91168212890625,3.835601806640625,-3.529052734375,-0.381317138671875,316703.2967032967,8.232190476190476E7,3.291135531135531E7,50.808422,1,2.0,1.0,1.0,2.0,60.00
2025-06-30 23:47:57.396,0.55707395,-0.0146394055,-0.041115593,-0.16972788,-0.27640668,-0.010407733,-0.025515668,0.03636632,0.043906435,0.22292192,0.2868018,0.37443218,0.085115604,-0.09877065,-0.0857025,0.062308174,-0.3670399,-0.6102942,-0.3253617,-0.30417955,801.4286,799.41394,790.9524,795.38464,681.3553,-0.41033935546875,0.0850830078125,0.90997314453125,3.820648193359375,-3.409423828125,-0.58319091796875,315897.4358974359,8.227435897435898E7,3.290087912087912E7,49.73745,1,1.0,1.0,1.0,1.0,60.00
2025-06-30 23:47:58.398,0.39755836,0.14811823,-0.061630085,-0.28246486,-0.13803242,-0.34843242,0.022988232,0.056293722,-0.104847774,0.15090513,0.40056863,0.39726868,0.037752017,-0.036059644,-0.094323605,0.093106635,-0.4750824,-0.49490583,-0.2947849,-0.29662332,750.65936,809.4872,803.8461,746.2271,852.6007,-0.41058349609375,0.08721923828125,0.91064453125,3.768310546875,-4.56085205078125,-0.710296630859375,316703.2967032967,8.214542124542125E7,3.2924249084249083E7,49.050323,1,1.0,1.0,1.0,1.0,60.00
2025-06-30 23:47:58.590,,,,,,,,,,,,,,,,,,,,,,,,,,,,,,,,,,,,,,,,,,/muse/elements/blink
2025-06-30 23:47:59.399,0.34731492,0.24710134,0.40172964,-0.4471431,-0.16837852,0.18088774,0.20816962,-0.07133528,-0.16898438,-0.035642035,0.22528033,-0.010133202,0.050633397,-0.029833393,0.0048026703,0.016776133,-0.499289,-0.41200915,-0.35034448,-0.35075632,788.1319,794.9817,793.7729,785.7143,845.34796,-0.40264892578125,0.0888671875,0.91522216796875,4.029998779296875,-3.39447021484375,-0.874786376953125,317509.1575091575,8.230820512820512E7,3.297904761904762E7,48.98425,1,1.0,1.0,1.0,1.0,60.00
2025-06-30 23:48:00.408,0.32279783,0.15669656,0.24074027,0.45347738,-0.18793537,0.051454097,0.08312688,-0.015756408,-0.05694501,-0.05007651,0.03131073,0.1744294,-0.11014513,-0.08146418,0.07091827,0.093641296,-0.42463416,-0.40875807,-0.5169538,-0.29894412,789.34064,795.78754,790.9524,792.1612,779.67035,-0.4068603515625,0.08221435546875,0.9063720703125,3.910369873046875,-4.029998779296875,-0.9271240234375,316703.2967032967,8.204388278388278E7,3.2924249084249083E7,48.78112,1,1.0,1.0,1.0,1.0,60.00
2025-06-30 23:48:01.411,0.5132884,-0.20194486,-0.053462666,0.5529859,0.2844109,-0.25057715,-0.15304594,0.40704164,0.22716242,-0.17794195,0.15059935,0.4502124,0.03626729,-0.044339664,-0.029043468,0.008489171,-0.341433,-0.39119527,-0.49256438,-0.12741525,799.011,794.57874,792.1612,804.65204,633.4066,-0.40863037109375,0.0859375,0.92138671875,3.9776611328125,-4.47113037109375,-0.2392578125,315897.4358974359,8.245648351648352E7,3.3019340659340657E7,48.78112,1,1.0,1.0,1.0,1.0,60.00
2025-06-30 23:48:01.455,,,,,,,,,,,,,,,,,,,,,,,,,,,,,,,,,,,,,,,,,,/muse/elements/blink
2025-06-30 23:48:02.411,0.7708704,0.38065428,0.56217027,0.7133478,0.57857144,0.033340093,0.14659277,0.63751656,0.22382021,-0.042096376,0.10170731,0.3145495,0.15179488,0.09099815,0.015577472,-0.07012223,-0.22012728,-0.49075043,-0.43315315,0.099740066,811.50183,792.5641,801.02563,806.26373,853.8095,-0.4063720703125,0.0848388671875,0.90802001953125,3.54400634765625,-4.0673828125,-0.844879150390625,317509.1575091575,8.231948717948718E7,3.299113553113553E7,48.78112,1,1.0,1.0,1.0,1.0,60.00
2025-06-30 23:48:03.189,,,,,,,,,,,,,,,,,,,,,,,,,,,,,,,,,,,,,,,,,,/muse/elements/blink
2025-06-30 23:48:03.366,,,,,,,,,,,,,,,,,,,,,,,,,,,,,,,,,,,,,,,,,,/muse/elements/blink
2025-06-30 23:48:03.414,0.7708704,0.23505089,0.45572507,0.7133478,0.57857144,0.019265464,0.26178962,0.63751656,0.22382021,0.1443575,0.33524486,0.3145495,0.15179488,-0.1266856,-0.05536404,-0.07012223,-0.22012728,-0.52494,-0.32691374,0.099740066,809.0842,790.14655,794.9817,807.47253,699.4872,-0.4063720703125,0.08172607421875,0.91302490234375,3.27484130859375,-4.089813232421875,-0.336456298828125,316703.2967032967,8.227516483516483E7,3.2975018315018315E7,48.78112,1,1.0,1.0,1.0,1.0,60.00
2025-06-30 23:48:04.416,1.2045245,0.23386142,0.19864213,0.7133478,0.8435073,0.2054604,0.14710279,0.63751656,0.7325861,0.2932946,0.35510907,0.3145495,0.1632815,-0.2297777,-0.09386036,-0.07012223,-0.2673924,-0.5252347,-0.36394456,0.099740066,792.5641,799.41394,795.38464,797.3993,663.6264,-0.4134521484375,0.08404541015625,0.90850830078125,4.18701171875,-4.5758056640625,-0.01495361328125,315897.4358974359,8.217201465201464E7,3.292989010989011E7,48.78112,1,1.0,1.0,1.0,1.0,60.00
2025-06-30 23:48:05.392,,,,,,,,,,,,,,,,,,,,,,,,,,,,,,,,,,,,,,,,,,/muse/elements/blink
2025-06-30 23:48:05.418,1.1470492,-0.062489223,0.47072095,1.0539788,0.6877841,-0.32915217,0.0074689984,0.6152367,0.7676154,-0.0454958,0.31114218,0.7118002,0.11665702,-0.06768798,-0.0016915187,0.2996327,-0.11358555,-0.36412442,-0.5331965,-0.2803795,813.91943,780.87915,795.38464,825.2015,822.7839,-0.40618896484375,0.084716796875,0.91058349609375,3.75335693359375,-3.656158447265625,-1.009368896484375,317509.1575091575,8.197619047619048E7,3.2916996336996336E7,48.78112,1,1.0,1.0,1.0,1.0,60.00
2025-06-30 23:48:06.421,0.73686993,0.6306408,0.45395672,0.70700973,0.12369092,0.09559678,0.14922483,0.19694218,0.28119007,0.27248678,0.3692463,0.27039856,0.09871073,-0.05212148,0.08014855,0.1847239,-0.03438822,-0.40387508,-0.35781586,-0.18417808,797.3993,795.78754,797.3993,799.41394,867.50916,-0.40948486328125,0.08587646484375,0.90863037109375,3.887939453125,-3.745880126953125,-0.321502685546875,317509.1575091575,8.204065934065934E7,3.291054945054945E7,48.78112,1,1.0,1.0,1.0,1.0,60.00
2025-06-30 23:48:07.422,0.73686993,0.19657668,0.15932752,1.4491316,0.12369092,-0.20868678,0.14914273,0.79482234,0.28119007,0.17966436,0.26576442,0.73258096,0.09871073,-0.24165669,0.0020068358,0.053665675,-0.03438822,-0.49380356,-0.38056114,-0.27432922,797.8022,798.60803,788.1319,790.54944,697.47253,-0.405517578125,0.08624267578125,0.91583251953125,3.6187744140625,-4.747772216796875,-1.00189208984375,315897.4358974359,8.23581684981685E7,3.294197802197802E7,48.78112,1,1.0,1.0,1.0,1.0,60.00
2025-06-30 23:48:08.248,,,,,,,,,,,,,,,,,,,,,,,,,,,,,,,,,,,,,,,,,,/muse/elements/blink
2025-06-30 23:48:08.423,0.84138715,-0.0777472,-0.16848104,1.0479593,0.7337231,-0.23073632,0.05238446,0.72869444,0.62665105,0.08451194,0.023740597,0.919191,0.18008299,-0.075494826,-0.11342567,0.07752015,-0.30727276,-0.55484724,-0.38705853,-0.28828493,802.23444,793.7729,793.36993,792.5641,745.42126,-0.41363525390625,0.09283447265625,0.9144287109375,4.717864990234375,-4.3963623046875,-0.441131591796875,315897.4358974359,8.201084249084249E7,3.286139194139194E7,47.842796,1,1.0,1.0,1.0,1.0,60.00
2025-06-30 23:48:09.376,,,,,,,,,,,,,,,,,,,,,,,,,,,,,,,,,,,,,,,,,,/muse/elements/blink
2025-06-30 23:48:09.424,1.2250419,0.5343039,0.05469553,1.1315707,0.96536964,0.29043618,-0.014018466,0.787077,0.56378627,0.31910145,-0.011529707,0.908369,0.170868,0.05281236,-0.10906643,0.30630326,-0.44269547,-0.42337483,-0.4082128,-0.25504857,834.0659,796.99634,793.36993,813.5165,720.84247,-0.40802001953125,0.0914306640625,0.9034423828125,3.775787353515625,-3.835601806640625,-0.500946044921875,315897.4358974359,8.241377289377289E7,3.2975018315018315E7,47.842796,1,1.0,1.0,1.0,1.0,60.00
2025-06-30 23:48:10.426,1.4729421,0.672626,-0.040578704,1.0459237,1.1132703,0.2616406,-0.07741442,0.42736998,0.50532484,0.335672,0.0056370553,0.49445063,0.09349711,-0.03486316,-0.15885402,0.46464992,-0.4553965,-0.33963218,-0.34695205,-0.21139821,834.4689,800.2198,790.14655,820.3663,676.1172,-0.407958984375,0.0887451171875,0.91204833984375,3.820648193359375,-4.0972900390625,-1.15142822265625,316703.2967032967,8.228644688644688E7,3.2982271062271062E7,47.842796,1,1.0,1.0,1.0,1.0,60.00
2025-06-30 23:48:11.428,1.2760415,0.1489314,-0.17751287,1.283849,0.8140506,-0.13693179,-0.2808805,0.62090105,0.6377412,0.1230822,0.1281541,0.6012195,0.19194445,-0.14543067,-0.013976511,0.37215522,-0.29468098,-0.511052,-0.34172386,-0.15653352,813.1135,796.5934,797.8022,807.0696,837.28937,-0.408447265625,0.08306884765625,0.90765380859375,3.887939453125,-3.63372802734375,-0.829925537109375,316703.2967032967,8.219860805860806E7,3.299194139194139E7,47.551506,1,1.0,1.0,1.0,1.0,60.00
2025-06-30 23:48:12.249,,,,,,,,,,,,,,,,,,,,,,,,,,,,,,,,,,,,,,,,,,/muse/elements/blink
2025-06-30 23:48:12.429,1.2264937,-0.20884721,-0.13897276,1.2228758,0.73716503,-0.33302194,-0.21647537,0.7352632,0.5281025,0.06964996,0.2878863,0.58853894,0.122180015,-0.06981299,0.064588726,0.2807749,-0.2103577,-0.49731427,-0.35274085,-0.07130406,826.8132,794.57874,796.99634,813.91943,805.05493,-0.4072265625,0.08074951171875,0.9083251953125,3.656158447265625,-3.7384033203125,-0.560760498046875,316703.2967032967,8.20414652014652E7,3.295084249084249E7,47.20416,1,1.0,1.0,1.0,1.0,60.00
2025-06-30 23:48:13.431,0.9791879,0.18030654,0.13769694,1.0836701,0.69861215,-0.13296591,0.10051722,0.8076949,0.3816615,0.042432852,0.3256997,0.28835902,0.12656873,-0.07612244,0.11035912,0.26922026,-0.10983813,-0.60289687,-0.4003733,-0.029776253,813.91943,791.3553,791.3553,804.2491,695.4579,-0.41436767578125,0.08697509765625,0.91143798828125,4.0673828125,-4.41131591796875,-0.478515625,315897.4358974359,8.210351648351648E7,3.2983882783882782E7,47.20416,1,1.0,1.0,1.0,1.0,60.00
2025-06-30 23:48:14.433,0.9745252,0.2995626,0.017790198,1.1604993,0.6298993,0.05530114,0.003813055,0.8948859,0.65398073,-0.15663874,0.2303282,0.8746688,-0.23595127,-0.10692571,-0.043354202,0.09138422,-0.54196656,-0.46031472,-0.41262606,-0.34682298,828.022,795.78754,792.5641,814.7253,885.64105,-0.41259765625,0.0802001953125,0.90380859375,3.51409912109375,-3.6187744140625,-0.665435791015625,315897.4358974359,8.235091575091575E7,3.3004835164835162E7,47.20416,1,1.0,1.0,1.0,1.0,60.00
2025-06-30 23:48:15.434,0.3985521,0.26257464,-0.25286496,0.46653107,0.2284835,0.17161962,-0.33338475,0.1910953,0.58589476,0.3332481,-0.06665452,0.6004772,0.022708694,-0.24212769,-0.07377528,0.10185223,-0.35254917,-0.5203153,-0.53495425,-0.2761019,821.1722,793.7729,797.3993,813.1135,849.7802,-0.4112548828125,0.0838623046875,0.90374755859375,4.20196533203125,-4.23187255859375,-0.545806884765625,316703.2967032967,8.234849816849817E7,3.298952380952381E7,47.20416,1,1.0,1.0,1.0,1.0,60.00
2025-06-30 23:48:16.437,1.0850745,0.66791624,-0.12173361,1.098127,0.72112125,0.5761437,-0.10350622,0.71583676,0.54968065,0.52734333,0.20425688,0.6503595,-0.06424886,-0.28920352,-0.08086386,0.07900497,-0.35582986,-0.5756296,-0.49178928,-0.2639043,820.3663,799.81683,792.1612,803.0403,636.63007,-0.41094970703125,0.08251953125,0.9095458984375,3.760833740234375,-4.299163818359375,-0.680389404296875,316703.2967032967,8.214058608058608E7,3.2987106227106225E7,47.20416,1,1.0,1.0,1.0,1.0,70.00
2025-06-30 23:48:17.439,0.8421693,0.1565431,0.48681226,0.80453247,0.45894802,0.12270663,0.22175813,0.635023,0.50261587,0.31742498,0.4411655,0.7465951,0.08078168,-0.057391297,0.14029084,0.26213282,-0.21637218,-0.43908146,-0.4574264,-0.21566045,813.1135,796.99634,784.5055,814.3223,780.87915,-0.40936279296875,0.0821533203125,0.9088134765625,3.596343994140625,-4.2767333984375,-0.874786376953125,316703.2967032967,8.20785347985348E7,3.2966153846153844E7,47.20416,1,1.0,1.0,1.0,1.0,70.00
2025-06-30 23:48:17.574,,,,,,,,,,,,,,,,,,,,,,,,,,,,,,,,,,,,,,,,,,/muse/elements/blink
2025-06-30 23:48:18.441,1.1297054,0.7905726,0.6160733,1.0304651,0.61241126,0.58640903,0.14823005,0.74279344,0.5005116,0.21149354,0.2548646,0.6112575,0.12927064,-0.07310145,-0.028978772,0.49722928,-0.08863717,-0.5509907,-0.3428232,-0.32392496,821.978,794.17584,787.72894,807.47253,805.05493,-0.4110107421875,0.085693359375,0.91168212890625,4.08233642578125,-3.887939453125,-0.61309814453125,315091.5750915751,8.204871794871795E7,3.295970695970696E7,47.20416,1,1.0,1.0,1.0,1.0,70.00
2025-06-30 23:48:19.443,0.35915095,0.42374253,0.31260392,0.35758203,-0.01785726,0.21051045,-0.28869447,-0.01489517,0.12686148,0.04850375,0.040699817,0.34258455,0.13922726,-0.002199225,0.0072249565,0.3249976,-0.15969498,-0.470581,-0.39687634,-0.203277,800.2198,805.8608,804.2491,791.75824,720.4396,-0.40899658203125,0.0833740234375,0.910888671875,3.581390380859375,-4.1571044921875,-1.256103515625,315897.4358974359,8.220827838827838E7,3.2971794871794872E7,47.20416,1,1.0,1.0,1.0,1.0,70.00
2025-06-30 23:48:20.445,0.24262773,0.39236745,0.7580395,0.837637,0.06132909,1.9789832E-4,0.42327923,0.45300525,0.11371062,0.07387983,0.29398853,0.4859256,0.1733932,-0.086429566,0.14095958,0.35279888,-0.2276038,-0.56436116,-0.53328335,-0.08542328,823.9927,791.75824,791.3553,814.7253,875.9707,-0.40887451171875,0.0816650390625,0.91998291015625,3.69354248046875,-4.358978271484375,-0.3289794921875,315897.4358974359,8.231868131868131E7,3.2969377289377287E7,47.68965,1,1.0,1.0,1.0,1.0,70.00
2025-06-30 23:48:20.868,,,,,,,,,,,,,,,,,,,,,,,,,,,,,,,,,,,,,,,,,,/muse/elements/blink
2025-06-30 23:48:21.446,0.20896421,0.6918337,0.6493425,1.1227746,0.07630902,0.020929052,0.4824336,0.77555734,0.057122525,0.1338337,0.4048155,0.46678513,0.13117328,-0.089165814,-0.01122548,0.37013826,-0.27178705,-0.48712564,-0.40062773,0.016762137,819.15753,790.9524,795.38464,811.50183,820.3663,-0.41705322265625,0.08349609375,0.906494140625,3.78326416015625,-3.96270751953125,-0.456085205078125,317509.1575091575,8.214783882783882E7,3.2944395604395602E7,48.14674,1,1.0,1.0,1.0,1.0,70.00
2025-06-30 23:48:22.446,0.20896421,0.70790386,0.47057134,1.1227746,0.07630902,0.137453,0.4964849,0.77555734,0.057122525,-0.07115627,0.31667534,0.46678513,0.13117328,-0.006376511,0.077202484,0.37013826,-0.27178705,-0.46255144,-0.29577002,0.016762137,821.1722,792.1612,796.1905,815.5311,790.14655,-0.41143798828125,0.0833740234375,0.908447265625,3.910369873046875,-4.373931884765625,-0.5084228515625,316703.2967032967,8.197457875457875E7,3.291296703296703E7,48.748405,1,1.0,1.0,1.0,1.0,70.00
2025-06-30 23:48:23.449,0.50104094,0.15345863,0.8561397,1.1227746,0.2276779,0.10397174,0.70092213,0.77555734,0.4089057,-0.01817972,0.36366934,0.46678513,0.13092074,0.12697615,-0.018038426,0.37013826,-0.20016125,-0.3493974,-0.21150312,0.016762137,822.381,798.20514,789.34064,807.0696,815.5311,-0.41058349609375,0.0797119140625,0.9110107421875,3.596343994140625,-3.775787353515625,-0.740203857421875,315897.4358974359,8.188996336996336E7,3.2925860805860806E7,48.783787,1,2.0,1.0,1.0,2.0,70.00
2025-06-30 23:48:24.449,0.67303187,0.28049988,0.4808496,0.6830997,0.33042344,0.12318369,0.21319573,0.4448088,0.5108857,-0.016076643,0.35687387,0.4115868,0.15453377,-0.024711996,-0.12980641,0.45935085,-0.31468567,-0.42999166,-0.09657213,-0.16210689,822.7839,798.60803,787.326,818.3516,798.20514,-0.4129638671875,0.07733154296875,0.9083251953125,3.7982177734375,-4.23187255859375,-0.814971923828125,315897.4358974359,8.176666666666667E7,3.2913772893772893E7,48.783787,1,1.0,1.0,1.0,1.0,70.00
2025-06-30 23:48:25.450,0.8799095,0.3260557,0.23524673,0.7655726,0.22237901,0.032256454,-0.13602123,0.15639544,0.6244347,0.09272435,0.35065842,0.60493594,0.11984735,-0.17987213,-0.032557085,0.30330396,-0.34353155,-0.62454706,-0.20121972,-0.24166845,812.3077,792.1612,792.96704,805.05493,751.8681,-0.4161376953125,0.0804443359375,0.9073486328125,3.69354248046875,-4.029998779296875,-0.76263427734375,316703.2967032967,8.199069597069597E7,3.2979853479853477E7,48.783787,1,1.0,1.0,1.0,1.0,70.00
2025-06-30 23:48:26.451,0.6215287,0.5315856,0.29311687,0.70901746,0.067665525,0.012697288,0.101226516,0.49901417,0.50300294,0.19398743,0.25904197,0.70795834,-0.008377585,-0.10063091,0.20459944,0.2632899,-0.4488121,-0.35731593,-0.4031183,-0.24181089,824.7985,795.78754,790.54944,817.5458,736.9597,-0.4119873046875,0.07989501953125,0.90679931640625,4.11224365234375,-3.768310546875,-1.00189208984375,317509.1575091575,8.225098901098901E7,3.304915750915751E7,47.809372,1,1.0,1.0,1.0,1.0,70.00
2025-06-30 23:48:27.453,0.25409737,0.2938821,0.07156758,0.33727422,-0.025862252,-0.26191518,0.058099493,0.29336512,0.19951671,0.20280293,0.35470098,0.61495715,-0.23783158,-0.14507183,0.13906269,0.19206107,-0.4948529,-0.36623153,-0.34358498,-0.3486024,811.50183,796.1905,803.44324,811.50183,778.46155,-0.40972900390625,0.07879638671875,0.9102783203125,3.730926513671875,-4.1571044921875,-0.82244873046875,316703.2967032967,8.217362637362637E7,3.305076923076923E7,47.809372,1,1.0,1.0,1.0,1.0,70.00
2025-06-30 23:48:28.464,0.89042693,-0.122829735,0.47977996,0.68391997,0.4827782,-0.015239004,0.12930682,0.3484647,0.58578825,0.18017139,0.48562944,0.43176144,0.15907614,-0.21794173,0.07263955,0.19748574,-0.42640626,-0.65033185,-0.35547906,-0.34537902,825.6044,798.20514,805.4579,813.5165,865.89746,-0.41064453125,0.07916259765625,0.9097900390625,3.730926513671875,-3.78326416015625,-0.73272705078125,316703.2967032967,8.209384615384614E7,3.3037069597069595E7,48.01107,1,1.0,1.0,1.0,1.0,70.00
2025-06-30 23:48:29.466,1.0538782,0.30409577,0.3849329,0.71779466,0.84843975,0.07748429,0.241505,0.5396597,0.8424198,0.07455434,0.5681536,0.3447381,0.16718917,-0.12227237,0.12419766,0.14071639,-0.45607722,-0.5764638,-0.43431816,-0.36226097,818.7546,795.78754,796.99634,810.696,809.0842,-0.4105224609375,0.06915283203125,0.90899658203125,3.805694580078125,-4.104766845703125,-1.039276123046875,317509.1575091575,8.207934065934065E7,3.300161172161172E7,48.176044,1,1.0,1.0,1.0,1.0,70.00
2025-06-30 23:48:30.467,1.1262852,0.4120525,0.08374294,0.84499836,0.8897739,0.203388,0.21327609,0.6170093,0.9026526,0.2577859,0.3059044,0.72693336,0.16996937,-0.19577543,0.06978323,0.44470608,-0.2133418,-0.5409614,-0.34068486,-0.25556657,826.4103,786.52014,807.0696,813.91943,737.76556,-0.4129638671875,0.07379150390625,0.91412353515625,3.768310546875,-4.658050537109375,-0.76263427734375,315897.4358974359,8.196007326007326E7,3.2967765567765567E7,48.3113,1,1.0,1.0,1.0,1.0,70.00
2025-06-30 23:48:31.468,0.6277702,0.031339567,0.3258223,0.6168516,0.42598435,-0.23456149,0.043840922,0.4348324,0.56705034,0.2669941,0.059588566,0.73466176,0.10838519,-0.13544485,-0.13190092,0.2734868,-0.18195401,-0.40241814,-0.32262307,-0.23975079,808.2784,793.36993,790.9524,805.05493,916.6667,-0.4107666015625,0.08099365234375,0.90887451171875,3.566436767578125,-3.36456298828125,-0.949554443359375,316703.2967032967,8.205516483516483E7,3.2995164835164834E7,48.759243,1,1.0,1.0,1.0,1.0,70.00
2025-06-30 23:48:31.727,,,,,,,,,,,,,,,,,,,,,,,,,,,,,,,,,,,,,,,,,,/muse/elements/blink
2025-06-30 23:48:32.469,-0.08683921,0.2616475,0.21006429,0.30695516,-0.033057865,0.06224211,0.020465648,0.19026823,0.269396,0.050641805,0.0676367,0.5281772,-0.019906716,-0.16734289,-0.10194783,0.07403873,-0.12599051,-0.3165796,-0.25940612,-0.25295046,805.05493,802.6374,801.8315,811.9048,840.5128,-0.41180419921875,0.075439453125,0.90667724609375,3.8580322265625,-4.299163818359375,-0.73272705078125,316703.2967032967,8.184644688644688E7,3.296212454212454E7,48.993263,1,1.0,1.0,1.0,1.0,70.00
2025-06-30 23:48:32.957,,,,,,,,,,,,,,,,,,,,,,,,,,,,,,,,,,,,,,,,,,/muse/elements/blink
2025-06-30 23:48:33.470,-0.12493138,0.5216211,0.39558372,0.40947923,-0.0899594,0.5187459,0.24198706,0.35259134,0.18523456,0.042793658,0.1983175,0.4894719,-0.08514466,-0.17043582,-0.12176499,0.07605178,-0.12667659,-0.5377367,-0.40108165,-0.4253091,824.3956,795.78754,793.7729,821.978,846.9597,-0.41162109375,0.07373046875,0.91595458984375,4.015045166015625,-4.66552734375,-0.34393310546875,316703.2967032967,8.223084249084249E7,3.3046739926739927E7,48.993263,1,1.0,1.0,1.0,1.0,70.00
2025-06-30 23:48:34.471,1.2932328,0.4760441,0.30800816,0.40947923,1.228766,0.4867019,0.22591558,0.35259134,0.9758674,0.17384662,0.36160287,0.4894719,0.30741015,-0.15108374,0.0042671696,0.07605178,-0.21450536,-0.514871,-0.47239318,-0.4253091,816.337,798.60803,790.9524,803.0403,849.7802,-0.41162109375,0.0760498046875,0.9095458984375,3.72344970703125,-3.81317138671875,-0.13458251953125,316703.2967032967,8.210109890109889E7,3.301047619047619E7,48.993263,1,1.0,1.0,1.0,1.0,70.00
2025-06-30 23:48:35.472,1.239616,0.13427737,0.25954467,1.194749,1.1082077,0.10877734,0.022267131,1.005518,0.99043095,0.18190408,0.3180755,1.1065677,0.1997159,-0.1382397,-0.009933043,0.22708721,-0.27829087,-0.6354577,-0.45411444,-0.24477716,796.1905,790.9524,791.75824,801.02563,778.86444,-0.40313720703125,0.07635498046875,0.90533447265625,4.000091552734375,-4.17205810546875,-0.19439697265625,316703.2967032967,8.205435897435898E7,3.3024981684981685E7,48.993263,1,1.0,1.0,1.0,1.0,70.00
2025-06-30 23:48:36.473,0.3810971,-0.060692094,0.2878856,0.13582557,0.17192152,-0.22897057,-0.001665216,0.2478754,0.47442773,0.1474426,0.30578002,0.72140443,-0.0866285,-0.15543418,-0.043899056,0.0967354,-0.34788892,-0.4928625,-0.39972022,-0.31887585,774.83514,811.50183,799.011,770.0,711.978,-0.4083251953125,0.077880859375,0.91131591796875,3.72344970703125,-3.9178466796875,-0.9271240234375,316703.2967032967,8.200761904761904E7,3.299113553113553E7,49.23842,1,1.0,1.0,1.0,1.0,70.00
2025-06-30 23:48:37.475,0.25845635,0.66609925,0.39516166,0.13478923,0.19066054,0.3241815,0.07054311,0.0568542,0.18922518,0.23012674,0.40645304,0.34930798,-0.08367292,-0.018109303,0.053803537,-0.21057263,-0.59033024,-0.3937908,-0.4018064,-0.5087857,801.4286,801.8315,794.9817,812.71063,770.0,-0.41107177734375,0.0770263671875,0.90716552734375,3.775787353515625,-3.940277099609375,-0.76263427734375,316703.2967032967,8.210432234432234E7,3.2990329670329668E7,49.464066,1,1.0,1.0,1.0,1.0,55.00
2025-06-30 23:48:37.998,,,,,,,,,,,,,,,,,,,,,,,,,,,,,,,,,,,,,,,,,,/muse/elements/blink
2025-06-30 23:48:38.476,1.3353444,0.6707576,0.5379419,1.3522127,1.2739173,0.2888938,0.16009557,1.3276081,0.9382908,0.31950784,0.32826737,0.9130757,0.25365895,-0.03905315,0.0022136776,0.26802936,-0.22456828,-0.36386466,-0.32184458,-0.09899787,784.90845,788.93774,794.17584,790.54944,747.03296,-0.41314697265625,0.08050537109375,0.9085693359375,3.828125,-3.790740966796875,-0.9869384765625,316703.2967032967,8.210351648351648E7,3.2955677655677654E7,50.066067,1,1.0,1.0,1.0,1.0,55.00
2025-06-30 23:48:39.483,1.1582576,0.37507334,0.5239122,1.143844,1.0333813,0.016113179,0.116781026,1.0925314,0.9382908,0.33037186,0.26847175,0.9130757,0.2554277,-0.13039975,-0.11154227,0.18402115,-0.25335494,-0.51946074,-0.3686432,-0.22283863,797.3993,796.5934,798.60803,812.71063,709.15753,-0.41082763671875,0.0799560546875,0.91259765625,3.940277099609375,-3.895416259765625,-0.70281982421875,317509.1575091575,8.24484249084249E7,3.2967765567765567E7,50.066067,1,1.0,1.0,1.0,1.0,55.00
2025-06-30 23:48:40.484,0.6721835,0.11796909,0.06209695,0.35440361,0.20909208,-0.22642341,0.25762844,0.11119908,0.40983173,0.07656239,0.26324055,0.2916062,0.132769,-0.26034543,-0.043843403,0.09579103,-0.33321542,-0.5747665,-0.35782567,-0.4266959,805.4579,793.7729,778.0586,807.0696,848.5714,-0.4093017578125,0.07867431640625,0.90997314453125,3.790740966796875,-3.84307861328125,-0.605621337890625,316703.2967032967,8.232915750915751E7,3.2935531135531135E7,50.066067,1,1.0,1.0,1.0,1.0,55.00
2025-06-30 23:48:41.485,0.519009,0.07004037,0.34967557,0.38015702,0.23651457,-0.26750034,0.11921052,0.2636297,0.23496273,-0.041338272,0.053086136,0.28897077,0.06023495,-0.19435738,-0.20662993,0.14209343,-0.38668275,-0.5132182,-0.4024721,-0.30344385,800.2198,796.99634,790.9524,805.8608,901.3553,-0.410888671875,0.0748291015625,0.911376953125,3.850555419921875,-3.955230712890625,-0.59814453125,315091.5750915751,8.202534798534799E7,3.2946813186813187E7,50.066067,1,1.0,1.0,1.0,1.0,55.00
2025-06-30 23:48:42.379,,,,,,,,,,,,,,,,,,,,,,,,,,,,,,,,,,,,,,,,,,/muse/elements/blink
2025-06-30 23:48:42.487,0.7534686,0.20906654,0.2120336,0.43438515,0.6452439,-0.045240458,-0.033112157,0.26195943,0.9498614,0.040644996,-0.10285509,0.24923323,0.10367277,-0.14529833,-0.12875845,0.15405181,-0.31418437,-0.4537706,-0.32161492,-0.17416847,792.1612,787.72894,799.81683,807.0696,811.9048,-0.41009521484375,0.0731201171875,0.9093017578125,3.75335693359375,-4.26177978515625,-1.136474609375,315897.4358974359,8.20229304029304E7,3.2982271062271062E7,49.915257,1,1.0,1.0,1.0,1.0,55.00
2025-06-30 23:48:42.999,,,,,,,,,,,,,,,,,,,,,,,,,,,,,,,,,,,,,,,,,,/muse/elements/blink
2025-06-30 23:48:43.490,1.5083374,0.33907324,0.516822,0.45469218,1.4660078,0.30077186,0.3163074,0.25299886,1.1432209,-0.030334156,0.2783728,0.18702656,0.043566454,-0.32402262,-0.020097025,0.1556042,-0.33779457,-0.47373176,-0.3319169,-0.14543334,781.685,795.78754,800.6227,796.1905,811.9048,-0.41168212890625,0.077880859375,0.908447265625,3.626251220703125,-3.790740966796875,-0.8074951171875,316703.2967032967,8.18996336996337E7,3.3024175824175823E7,49.87592,1,1.0,1.0,1.0,1.0,55.00
2025-06-30 23:48:44.491,1.5966682,0.16051811,0.53469235,0.35505906,1.5536238,-0.049076278,0.47265574,0.3455956,1.1432209,0.14696836,0.31121996,0.20078833,0.060847078,-0.097373284,-0.0760414,-0.09521043,-0.33732226,-0.5295118,-0.3427448,-0.2827823,804.65204,792.1612,783.2967,823.1868,886.04395,-0.409912109375,0.0733642578125,0.9129638671875,3.69354248046875,-4.17205810546875,-0.82244873046875,316703.2967032967,8.195040293040293E7,3.3014505494505495E7,49.87592,1,1.0,1.0,1.0,1.0,55.00
2025-06-30 23:48:44.627,,,,,,,,,,,,,,,,,,,,,,,,,,,,,,,,,,,,,,,,,,/muse/elements/blink
2025-06-30 23:48:45.493,1.5966682,0.2774383,0.46106413,0.35505906,1.5536238,-0.3175396,0.2924081,0.3455956,1.1432209,0.17818837,0.29520527,0.20078833,0.060847078,-0.08934044,-0.08963261,-0.09521043,-0.33732226,-0.4858192,-0.46948147,-0.2827823,781.685,792.1612,792.5641,790.54944,764.7619,-0.4129638671875,0.07769775390625,0.908447265625,4.104766845703125,-4.3963623046875,-0.770111083984375,316703.2967032967,8.216395604395604E7,3.3016117216117214E7,49.87592,1,1.0,1.0,1.0,1.0,55.00
2025-06-30 23:48:46.496,0.43531564,0.17145738,0.3957328,0.35505906,0.44941327,-0.25281134,0.32204422,0.3455956,0.23841546,0.008806504,0.3165572,0.20078833,0.07556592,-0.063409925,-0.08678524,-0.09521043,-0.046018448,-0.47359422,-0.382791,-0.2827823,782.49084,794.9817,798.20514,798.20514,796.99634,-0.4105224609375,0.0732421875,0.90631103515625,3.775787353515625,-3.850555419921875,-0.897216796875,315897.4358974359,8.18254945054945E7,3.29814652014652E7,48.864826,1,1.0,1.0,1.0,1.0,55.00
2025-06-30 23:48:47.498,0.43531564,0.23084386,0.8156287,0.35505906,0.44941327,-0.14718354,0.7540392,0.3455956,0.23841546,0.021867426,0.21402155,0.20078833,0.07556592,-0.10332973,-0.063883096,-0.09521043,-0.046018448,-0.47243467,-0.40664956,-0.2827823,786.1172,795.38464,798.60803,802.6374,754.68866,-0.41021728515625,0.074951171875,0.91058349609375,3.69354248046875,-3.865509033203125,-0.710296630859375,315897.4358974359,8.21317216117216E7,3.3098315018315017E7,48.864826,1,1.0,1.0,1.0,1.0,65.00
2025-06-30 23:48:48.510,0.957638,0.11356237,0.8351537,1.2256545,0.7502025,-0.29839945,0.62785625,0.8893465,0.26888627,0.040488847,0.2096461,0.59151316,0.16184282,-0.10312822,-0.073775806,0.17313477,0.0061646723,-0.50211746,-0.40632558,-0.08194112,774.0293,804.2491,794.57874,785.7143,690.2198,-0.4111328125,0.06964111328125,0.9097900390625,3.581390380859375,-3.775787353515625,-0.874786376953125,316703.2967032967,8.205435897435898E7,3.3139413919413917E7,48.864826,1,1.0,1.0,1.0,1.0,65.00
2025-06-30 23:48:49.518,0.79882735,-0.12450553,0.37088412,0.99460495,0.65395296,-0.41150454,-0.18278886,0.82578844,0.40580896,0.08926188,0.3002168,0.6681628,0.119341426,-0.01252949,-0.08405391,0.17154388,-0.10775713,-0.57009655,-0.2961322,-0.14732265,785.31134,803.8461,794.57874,790.9524,795.78754,-0.40728759765625,0.07501220703125,0.91241455078125,3.596343994140625,-3.880462646484375,-1.069183349609375,315897.4358974359,8.205113553113553E7,3.3146666666666664E7,48.864826,1,1.0,1.0,1.0,1.0,65.00
2025-06-30 23:48:50.518,0.6358744,0.30949625,-0.025105083,0.57674754,0.32614514,-0.27413437,-0.15037662,0.30874494,0.19714789,0.14959323,0.19989529,0.3574126,0.03540172,-0.13027479,0.09697846,0.25765464,-0.35447827,-0.43639287,-0.19792825,-0.20126547,810.293,796.99634,784.5055,809.89014,834.87177,-0.41265869140625,0.077880859375,0.91094970703125,3.805694580078125,-3.99261474609375,-1.09161376953125,317509.1575091575,8.198344322344323E7,3.314989010989011E7,49.023705,1,1.0,1.0,1.0,1.0,65.00
2025-06-30 23:48:51.520,0.76470214,0.5307273,0.6579543,1.0932422,0.19512533,0.20842294,0.21586318,0.5964904,0.16824053,0.3514762,0.49137995,0.37770018,0.014837363,-0.15909088,0.10900138,0.2194911,-0.51575536,-0.41255453,-0.32755953,-0.113010705,788.1319,796.99634,796.99634,798.20514,784.10254,-0.40869140625,0.07366943359375,0.9134521484375,3.70849609375,-4.164581298828125,-0.657958984375,316703.2967032967,8.201406593406594E7,3.3145054945054945E7,49.20776,1,1.0,1.0,1.0,1.0,65.00
2025-06-30 23:48:52.522,0.4929927,0.2626816,0.6593099,1.050964,0.24599151,0.15715712,0.19561313,0.6232482,0.18122464,0.26571736,0.5083512,0.5087977,-0.09371821,-0.2502498,0.10239021,0.043623194,-0.30895457,-0.44701517,-0.39833295,-0.14026959,776.04395,792.1612,793.36993,786.1172,731.7216,-0.40667724609375,0.070556640625,0.909912109375,3.656158447265625,-4.11224365234375,-0.740203857421875,315897.4358974359,8.206564102564102E7,3.3116043956043955E7,49.394787,1,1.0,1.0,1.0,1.0,65.00
2025-06-30 23:48:53.523,0.96208036,0.43254882,0.14821836,0.73102814,0.6704954,0.0157533,-0.14596476,0.5581099,0.6670384,-0.10259585,0.27029845,0.7059162,0.048002347,-0.08461596,0.031785555,-0.006430757,-0.3220968,-0.40188357,-0.30222905,-0.26045203,799.011,797.3993,799.41394,808.2784,743.8095,-0.40911865234375,0.07476806640625,0.9132080078125,3.69354248046875,-4.41131591796875,-0.485992431640625,315897.4358974359,8.22880586080586E7,3.311040293040293E7,49.620983,1,1.0,1.0,1.0,1.0,65.00
2025-06-30 23:48:54.524,0.94061047,0.60411733,0.3723137,0.78850687,0.6715052,0.2772917,-0.17731531,0.63050824,0.51917773,0.30893365,0.20683739,0.46347103,0.20954472,-0.0367653,9.72274E-4,0.24048023,-0.4014373,-0.39139545,-0.37616315,-0.2099543,782.8938,791.3553,799.81683,796.5934,790.9524,-0.40496826171875,0.071533203125,0.91119384765625,3.745880126953125,-3.7982177734375,-0.500946044921875,315897.4358974359,8.214703296703297E7,3.3056410256410256E7,50.17755,1,1.0,1.0,1.0,1.0,65.00
2025-06-30 23:48:55.525,1.0091807,0.00660817,0.48946038,0.79942334,0.70712864,0.07805749,0.016439661,0.5647247,0.98016137,0.18247065,0.2314828,0.39314792,0.3916173,-0.13133866,-0.055945154,0.23243468,-0.38204446,-0.45738283,-0.2970322,-0.23703168,776.04395,799.011,783.2967,787.326,646.7033,-0.41094970703125,0.07415771484375,0.90966796875,3.4991455078125,-3.87298583984375,-0.7476806640625,315897.4358974359,8.211882783882783E7,3.3077362637362637E7,50.4513,1,1.0,1.0,1.0,1.0,65.00
2025-06-30 23:48:56.527,0.30670246,0.08473574,0.52136,0.07158771,-0.12957485,5.324656E-4,0.11883099,0.24366896,0.047258615,0.08870634,0.34934166,0.526584,-0.22515836,-0.18428549,-0.14902428,0.24821702,-0.15828633,-0.43046823,-0.4207083,-0.07077378,713.9927,835.6777,786.9231,713.9927,740.989,-0.41131591796875,0.07586669921875,0.9063720703125,3.828125,-4.246826171875,-0.4486083984375,316703.2967032967,8.18545054945055E7,3.3032234432234433E7,50.495125,1,1.0,1.0,1.0,1.0,65.00
2025-06-30 23:48:56.712,,,,,,,,,,,,,,,,,,,,,,,,,,,,,,,,,,,,,,,,,,/muse/elements/blink
2025-06-30 23:48:57.529,0.30670246,0.969178,0.5099916,0.057882056,-0.12957485,0.6034053,0.15519474,0.28702828,0.047258615,0.4001632,0.32952797,0.51953554,-0.22515836,-0.10019381,-0.02406834,0.23210482,-0.15828633,-0.43006575,-0.4565572,-0.07086358,775.64105,787.326,794.17584,797.8022,842.9304,-0.41070556640625,0.07574462890625,0.90570068359375,3.66363525390625,-4.18701171875,-0.800018310546875,316703.2967032967,8.189882783882783E7,3.3035457875457875E7,50.495125,1,1.0,1.0,1.0,1.0,70.00
2025-06-30 23:48:58.532,0.42371264,0.7996187,0.0389286,0.318561,-0.0065265447,0.48259214,-0.15348439,-0.079203546,0.29175782,0.39142746,0.08445008,0.18647023,0.22088423,-0.14692685,0.058054112,0.06310746,-0.40819472,-0.4587646,-0.3881799,-0.2262125,780.07324,801.8315,803.44324,790.54944,661.2088,-0.41107177734375,0.072998046875,0.90924072265625,3.671112060546875,-4.0972900390625,-0.76263427734375,315897.4358974359,8.18480586080586E7,3.300241758241758E7,50.495125,1,1.0,1.0,1.0,1.0,70.00
2025-06-30 23:48:59.532,0.5726842,0.26983663,0.12820864,0.7398471,0.1692509,0.029196253,0.053813737,0.20678595,0.3851538,0.19537109,0.176458,0.6154943,0.13157953,-0.22422454,-0.021238325,0.16322932,-0.42378873,-0.37920082,-0.2810874,-0.040220413,779.67035,792.5641,794.9817,798.20514,842.9304,-0.41278076171875,0.07489013671875,0.906982421875,3.820648193359375,-4.164581298828125,-0.70281982421875,316703.2967032967,8.197699633699633E7,3.30225641025641E7,50.495125,1,1.0,1.0,1.0,1.0,70.00
2025-06-30 23:49:00.140,,,,,,,,,,,,,,,,,,,,,,,,,,,,,,,,,,,,,,,,,,/muse/elements/blink
2025-06-30 23:49:00.535,0.65152985,0.30592164,0.29043728,0.7555862,0.23669912,-0.004297814,0.16153459,0.34900236,0.34096056,-0.04844263,0.21595058,0.5893849,0.08728198,-0.15652671,-0.02650013,0.23821817,-0.3166715,-0.31630093,-0.425467,0.0027083233,788.93774,792.1612,793.36993,801.02563,783.69965,-0.41168212890625,0.0733642578125,0.91229248046875,3.57391357421875,-4.02252197265625,-1.12152099609375,315897.4358974359,8.181501831501831E7,3.3011282051282052E7,51.050606,1,1.0,1.0,1.0,1.0,70.00
2025-06-30 23:49:01.537,0.6002134,0.35494724,0.3484364,0.5413473,0.15882851,0.014235546,0.16953495,0.26554754,-0.11929662,0.06424103,0.10083086,0.048375443,-0.11421478,-0.14816971,0.058443666,0.18894677,-0.2739539,-0.3109861,-0.4211813,-0.05594148,786.1172,797.3993,806.6667,793.7729,722.0513,-0.40814208984375,0.07379150390625,0.90960693359375,3.4991455078125,-3.940277099609375,-0.59814453125,316703.2967032967,8.214380952380952E7,3.308058608058608E7,51.050606,1,1.0,1.0,1.0,1.0,70.00
2025-06-30 23:49:02.541,0.84488994,0.0014094375,0.034746613,0.6969649,0.64623594,-0.2671983,0.22014605,0.5940919,0.7710842,0.06824053,0.37879145,0.87755287,0.1523743,-0.19522606,-0.054617606,0.38075492,-0.28577334,-0.40576646,-0.26599175,-0.12781855,792.1612,792.1612,794.57874,805.4579,1015.38464,-0.4129638671875,0.07525634765625,0.907470703125,3.94775390625,-3.760833740234375,-0.7177734375,315897.4358974359,8.202373626373626E7,3.3053992673992675E7,51.050606,1,1.0,1.0,1.0,1.0,70.00
2025-06-30 23:49:03.279,,,,,,,,,,,,,,,,,,,,,,,,,,,,,,,,,,,,,,,,,,/muse/elements/blink
2025-06-30 23:49:03.543,1.1257821,0.3091111,0.41155118,0.9897651,1.0355502,0.1921158,0.28122607,0.84587044,0.86734045,0.36499447,0.42184535,0.8889846,0.46547386,-0.19744156,0.05578574,0.5762582,-0.34095013,-0.44829762,-0.27671066,-0.21562707,782.0879,792.96704,787.326,789.34064,724.87177,-0.41217041015625,0.0718994140625,0.906982421875,3.75335693359375,-3.5589599609375,-1.084136962890625,315897.4358974359,8.203179487179486E7,3.3045128205128204E7,50.241203,1,1.0,1.0,1.0,1.0,70.00
2025-06-30 23:49:04.546,1.3347808,0.50091976,0.4694042,1.1820809,1.0532645,0.41511476,0.325192,1.017811,0.7855463,0.38349095,0.27285603,0.8889846,0.14861347,-0.17320411,0.072833285,0.66126376,-0.43922415,-0.4272168,-0.19299403,-0.20528707,778.46155,799.81683,803.44324,791.3553,722.8571,-0.4102783203125,0.0758056640625,0.91033935546875,3.9178466796875,-4.134674072265625,-0.4486083984375,315897.4358974359,8.191655677655677E7,3.2998388278388277E7,49.828156,1,1.0,1.0,1.0,1.0,70.00
2025-06-30 23:49:04.826,,,,,,,,,,,,,,,,,,,,,,,,,,,,,,,,,,,,,,,,,,/muse/elements/blink
2025-06-30 23:49:05.540,,,,,,,,,,,,,,,,,,,,,,,,,,,,,,,,,,,,,,,,,,/muse/elements/blink
2025-06-30 23:49:05.547,1.1592939,0.29597637,0.45846784,1.1820809,0.8409304,0.019807596,0.24161172,1.017811,0.5518172,0.21373509,0.35371354,0.8889846,0.03645729,-0.16787386,0.03111157,0.66126376,-0.41555145,-0.5371673,-0.24084926,-0.20528707,800.6227,790.14655,790.54944,812.71063,730.9158,-0.406494140625,0.0714111328125,0.91180419921875,3.70849609375,-4.14215087890625,-0.934600830078125,316703.2967032967,8.183838827838828E7,3.2954871794871792E7,50.187145,1,1.0,1.0,1.0,1.0,70.00
2025-06-30 23:49:06.547,1.1592939,0.5324893,0.519291,1.1820809,0.8409304,0.23597239,0.29778397,1.017811,0.5518172,0.18597278,0.30266395,0.8889846,0.03645729,-0.1390838,0.0072304513,0.66126376,-0.41555145,-0.56141114,-0.35426065,-0.20528707,778.86444,795.38464,801.02563,797.3993,715.6044,-0.408447265625,0.07171630859375,0.91339111328125,3.57391357421875,-4.18701171875,-0.605621337890625,316703.2967032967,8.188351648351648E7,3.298065934065934E7,50.84747,1,1.0,1.0,1.0,1.0,70.00
2025-06-30 23:49:07.549,0.042122573,0.18378899,0.6173602,-0.17474896,-0.01461694,0.017916242,0.14661247,-0.047550097,-0.12086428,0.1956499,0.37866604,0.29079327,0.033947375,-0.069158666,0.00900066,0.21305157,-0.24209312,-0.53206027,-0.36733824,-0.13486989,787.72894,792.96704,796.99634,788.93774,628.5714,-0.40985107421875,0.0714111328125,0.9090576171875,3.6785888671875,-3.6187744140625,-0.83740234375,316703.2967032967,8.186014652014652E7,3.301047619047619E7,51.207066,1,1.0,1.0,1.0,1.0,65.00
2025-06-30 23:49:08.060,,,,,,,,,,,,,,,,,,,,,,,,,,,,,,,,,,,,,,,,,,/muse/elements/blink
2025-06-30 23:49:08.551,-0.051605597,0.4953482,0.59199977,0.03193122,0.1518817,0.20852546,0.32514444,0.0028782678,-0.091995396,0.12030585,0.22452427,-0.0888334,-0.009669338,-0.14018436,0.09584406,0.21323793,-0.37413043,-0.55153304,-0.25842196,-0.13675235,790.9524,794.9817,791.75824,793.36993,617.6923,-0.4100341796875,0.07550048828125,0.907958984375,3.970184326171875,-3.96270751953125,-0.859832763671875,316703.2967032967,8.202212454212454E7,3.3024175824175823E7,51.207066,1,1.0,1.0,1.0,1.0,65.00
2025-06-30 23:49:09.553,0.3418586,0.4792627,0.43244672,0.41039577,-0.08118842,0.20478089,0.23141102,0.031284805,-0.1728582,-0.0031099785,0.22458921,-0.023730021,0.08174747,-0.08491029,0.05067465,0.035128664,-0.54685795,-0.54187363,-0.26055896,-0.27140746,792.1612,801.8315,793.36993,792.1612,622.9304,-0.40869140625,0.07177734375,0.90869140625,3.94775390625,-4.269256591796875,-0.7476806640625,315897.4358974359,8.209787545787546E7,3.3057216117216118E7,51.953167,1,1.0,1.0,1.0,1.0,65.00
2025-06-30 23:49:10.554,0.30350554,-0.13423146,-0.03580462,0.24750789,0.31073183,-0.16863306,-0.0561479,-0.0069397446,0.30798432,0.103103474,0.16624227,0.0830928,0.017478613,-0.23387624,0.0035513358,0.13869569,-0.4000039,-0.52384424,-0.2582484,-0.19572425,772.8205,794.57874,789.34064,791.3553,851.39197,-0.416015625,0.07012939453125,0.9102783203125,3.828125,-4.104766845703125,-0.58319091796875,315897.4358974359,8.208820512820512E7,3.3026593406593405E7,52.41004,1,1.0,1.0,1.0,1.0,65.00
2025-06-30 23:49:11.557,0.37523514,-0.13685583,-0.14868787,0.2231537,0.17734212,-0.3397793,-0.27228534,-0.010860436,0.29519042,-0.074769154,-0.022711607,0.04752083,0.023317484,-0.14573143,-0.028079817,0.2094263,-0.39654094,-0.56275934,-0.386867,-0.2555985,780.87915,796.1905,790.9524,791.3553,774.43225,-0.40997314453125,0.0748291015625,0.91448974609375,3.895416259765625,-3.9178466796875,-0.665435791015625,316703.2967032967,8.205274725274725E7,3.3004029304029305E7,52.46407,1,1.0,1.0,1.0,1.0,65.00
2025-06-30 23:49:12.327,,,,,,,,,,,,,,,,,,,,,,,,,,,,,,,,,,,,,,,,,,/muse/elements/blink
2025-06-30 23:49:12.558,-0.0016848115,0.15823555,0.22951089,0.12982309,-0.35416633,-0.0935329,0.26899418,0.048586622,0.03407216,0.25493422,0.18711852,0.1864113,-0.007903207,-0.08423361,0.016926665,0.12241386,-0.49927184,-0.51930654,-0.53691036,-0.2761028,779.2674,794.9817,804.65204,796.1905,749.85345,-0.41693115234375,0.07330322265625,0.90826416015625,4.044952392578125,-3.955230712890625,-0.2691650390625,315897.4358974359,8.199714285714285E7,3.301047619047619E7,52.154926,1,1.0,1.0,1.0,1.0,65.00
2025-06-30 23:49:13.560,-0.39703402,0.6394852,0.9555897,-0.1422483,-0.34582475,0.23725778,0.50182164,-0.06487554,-0.05437612,0.2746046,0.4544502,0.14575258,-0.022142394,-0.04157126,0.18660007,0.036544673,-0.40819642,-0.48222163,-0.36869672,-0.17123994,784.5055,798.20514,793.7729,793.36993,757.1062,-0.411865234375,0.0677490234375,0.9176025390625,4.089813232421875,-3.9776611328125,-1.00189208984375,316703.2967032967,8.203340659340659E7,3.300241758241758E7,51.505302,1,1.0,1.0,1.0,1.0,65.00
2025-06-30 23:49:14.561,0.16996202,0.06941616,0.5203854,0.25131866,0.15052263,-0.19346713,0.12802196,0.20303424,0.2738386,0.1001393,0.46235693,0.49801683,0.0835951,-0.12504478,0.2300568,0.1968163,-0.26598185,-0.48163205,-0.24459632,-0.20809647,787.72894,794.57874,794.57874,790.54944,738.97437,-0.40966796875,0.0672607421875,0.91387939453125,4.1571044921875,-4.164581298828125,-0.61309814453125,316703.2967032967,8.185772893772894E7,3.2987106227106225E7,51.505302,1,1.0,1.0,1.0,1.0,65.00
2025-06-30 23:49:15.562,0.98867935,0.24551205,0.10117119,0.88874686,0.64333415,0.02792304,0.07073199,0.65126324,0.26504844,-0.032367032,0.39446753,0.6181578,-0.052295234,-0.15414846,0.08934672,0.14555028,-0.2344286,-0.3723093,-0.17611016,-0.32160565,773.22345,798.20514,794.57874,782.0879,756.7033,-0.416015625,0.07147216796875,0.91632080078125,3.887939453125,-4.11224365234375,-0.500946044921875,315897.4358974359,8.223245421245421E7,3.307091575091575E7,51.505302,1,1.0,1.0,1.0,1.0,65.00
2025-06-30 23:49:16.564,0.5318657,-0.27122778,-0.069559366,0.3685333,0.24435313,-0.036605835,-0.18117726,0.39284074,0.64608586,0.22537012,0.15423752,0.5020361,-0.08024592,-0.14108822,-0.09218891,0.087624595,-0.19675505,-0.41261786,-0.36547235,-0.20026472,780.87915,790.54944,801.02563,786.52014,751.8681,-0.4107666015625,0.07452392578125,0.911865234375,3.656158447265625,-4.104766845703125,-0.755157470703125,316703.2967032967,8.215912087912087E7,3.30596336996337E7,51.505302,1,1.0,1.0,1.0,1.0,65.00
2025-06-30 23:49:17.565,0.5196782,0.055788677,0.27911073,0.64601314,0.19115704,-0.01698525,-0.25678277,0.2771286,0.44634953,0.121267214,0.22128378,0.40961498,0.13640347,-0.038107917,-0.18221551,0.22868703,-0.25584236,-0.4683627,-0.28773245,-0.24429786,810.696,800.6227,802.23444,807.47253,694.2491,-0.41278076171875,0.07098388671875,0.9100341796875,3.925323486328125,-3.9776611328125,-0.2691650390625,315897.4358974359,8.210915750915751E7,3.30410989010989E7,50.42379,1,1.0,1.0,1.0,1.0,65.00
2025-06-30 23:49:18.137,,,,,,,,,,,,,,,,,,,,,,,,,,,,,,,,,,,,,,,,,,/muse/elements/blink
2025-06-30 23:49:18.575,0.73652947,0.32770303,0.18973583,0.8498928,0.40805757,0.3078701,-0.21521065,0.44145107,0.36249962,-0.025646284,0.24306843,0.2492806,0.088335454,-0.12859844,0.027524216,0.17311835,-0.25808653,-0.4677138,-0.3479177,-0.286499,813.5165,790.54944,806.26373,805.8608,680.54944,-0.41387939453125,0.0709228515625,0.909423828125,3.536529541015625,-3.78326416015625,-0.770111083984375,316703.2967032967,8.196007326007326E7,3.3015311355311353E7,50.06413,1,1.0,1.0,1.0,1.0,65.00
2025-06-30 23:49:19.577,0.611941,0.3845945,0.22701336,0.5770394,-0.0805805,0.33169815,0.41462696,0.18570872,-0.005558931,0.04442203,0.4913347,0.42945957,0.1497206,-0.029961284,-0.041275788,0.14436954,-0.19287029,-0.52283573,-0.4470304,-0.22427887,810.696,790.9524,793.7729,810.293,845.34796,-0.408203125,0.07080078125,0.9119873046875,4.284210205078125,-4.35150146484375,-0.545806884765625,316703.2967032967,8.202615384615384E7,3.3004835164835162E7,50.06413,1,1.0,1.0,1.0,1.0,65.00
2025-06-30 23:49:20.579,0.62310535,0.32362142,0.20249446,0.7206462,0.3712726,-0.025619589,0.2785563,0.5111528,0.52118224,0.14623368,0.5980894,0.7914776,0.21402937,0.026917852,-0.02825927,0.29927605,-0.24514024,-0.5991503,-0.24470934,-0.19161795,793.7729,799.81683,805.4579,790.14655,674.10254,-0.41265869140625,0.07281494140625,0.91455078125,3.87298583984375,-3.641204833984375,-1.016845703125,315897.4358974359,8.188754578754579E7,3.2987912087912086E7,50.013695,1,1.0,1.0,1.0,1.0,65.00
2025-06-30 23:49:21.586,1.0812613,0.18033421,0.2817241,0.96920276,1.07982,-0.110855594,-0.36267018,1.0261497,1.0633656,0.13714229,0.471142,1.0068717,0.30385098,-0.08570136,0.010248002,0.32910785,-0.18924658,-0.47197083,-0.31895688,-0.22562242,832.4542,811.50183,796.5934,819.15753,803.0403,-0.4046630859375,0.0728759765625,0.90594482421875,3.282318115234375,-3.925323486328125,-0.844879150390625,315897.4358974359,8.23476923076923E7,3.3042710622710623E7,50.013695,1,1.0,1.0,1.0,1.0,65.00
2025-06-30 23:49:22.174,,,,,,,,,,,,,,,,,,,,,,,,,,,,,,,,,,,,,,,,,,/muse/elements/blink
2025-06-30 23:49:22.587,0.6711415,0.43997514,0.20823345,0.5215038,0.7039321,0.13855302,-0.10868486,0.6265986,0.8365243,0.22335555,0.24862981,0.65857047,0.23576306,-0.053719494,0.014900661,0.17981325,-0.22860008,-0.64169455,-0.5345915,-0.17613283,822.381,784.5055,799.81683,817.5458,978.315,-0.4122314453125,0.0679931640625,0.90814208984375,3.805694580078125,-4.179534912109375,-0.500946044921875,316703.2967032967,8.217282051282051E7,3.301289377289377E7,50.013695,1,1.0,1.0,1.0,1.0,65.00
2025-06-30 23:49:23.588,-0.3333414,0.5314645,0.4030108,-0.13450573,-0.0668526,0.22828865,0.1550124,-0.10179174,0.07212759,0.26180303,0.27528724,0.12784424,0.14420529,-0.09657163,-0.03204022,0.18792365,-0.22323672,-0.48920888,-0.5212423,-0.087224476,825.2015,793.7729,800.2198,813.91943,766.77655,-0.41082763671875,0.07244873046875,0.910400390625,3.70849609375,-3.745880126953125,-0.620574951171875,316703.2967032967,8.20785347985348E7,3.2974212454212453E7,50.013695,1,1.0,1.0,1.0,1.0,65.00
2025-06-30 23:49:23.623,,,,,,,,,,,,,,,,,,,,,,,,,,,,,,,,,,,,,,,,,,/muse/elements/blink
2025-06-30 23:49:24.590,-0.3333414,0.06305047,0.42779034,-0.13450573,-0.0668526,0.023243556,0.32102054,-0.10179174,0.07212759,0.07484034,0.6770715,0.12784424,0.14420529,-0.098990925,0.3187701,0.18792365,-0.22323672,-0.39030644,0.015473642,-0.087224476,817.5458,803.44324,801.4286,815.9341,835.2747,-0.40728759765625,0.0693359375,0.90985107421875,4.044952392578125,-3.96270751953125,-0.73272705078125,316703.2967032967,8.188190476190476E7,3.294197802197802E7,50.23945,1,1.0,1.0,1.0,1.0,65.00
2025-06-30 23:49:25.592,0.26327196,0.07419479,0.17609552,0.25272492,-0.084621385,-0.28336436,0.043205503,0.21608828,0.4961857,0.0045291693,0.39607996,0.4713492,0.17331256,-0.013072827,0.06981308,0.183742,-0.32487196,-0.3930356,-0.261255,-0.44921783,802.23444,796.99634,787.326,809.0842,853.00366,-0.4095458984375,0.0723876953125,0.9072265625,3.611297607421875,-3.835601806640625,-0.58319091796875,315897.4358974359,8.180695970695971E7,3.292989010989011E7,50.393513,1,1.0,1.0,1.0,1.0,65.00
2025-06-30 23:49:26.594,0.08859251,0.32770875,0.13742551,0.075367264,0.0938909,-0.1480191,0.1091153,0.07394305,0.4915681,0.08166616,0.31256807,0.41032788,0.0830855,-0.13386898,0.009803823,0.17969769,-0.30200443,-0.40209624,-0.26662895,-0.20529807,822.381,798.60803,799.81683,812.71063,660.40295,-0.4141845703125,0.06610107421875,0.91064453125,3.5589599609375,-4.17205810546875,-0.590667724609375,315897.4358974359,8.1996336996337E7,3.2949230769230768E7,50.916126,1,1.0,1.0,1.0,1.0,65.00
2025-06-30 23:49:27.595,-0.08321146,0.13659097,0.12805313,0.05556485,0.076517105,-0.24920931,-0.17704664,-0.012818034,0.34615678,0.039397962,0.33146188,0.29847512,-0.007952968,-0.18346438,0.041306086,0.11478511,-0.21422128,-0.41968283,-0.2763822,-0.093781956,807.8755,786.52014,787.72894,811.9048,867.9121,-0.40960693359375,0.07171630859375,0.90740966796875,3.342132568359375,-3.7384033203125,-0.70281982421875,315897.4358974359,8.228967032967032E7,3.3013699633699633E7,50.916126,1,1.0,1.0,1.0,1.0,65.00
2025-06-30 23:49:28.598,0.06938726,-0.06358308,-0.14440833,0.18407491,0.17377725,-0.23647562,-0.07436679,-0.2289296,0.3283393,-0.10189678,0.2995028,0.44564748,0.026751127,-0.22657067,0.04256044,0.26327273,-0.3468753,-0.5123347,-0.27638683,-0.21496607,831.6484,795.38464,787.326,825.2015,769.59705,-0.409912109375,0.06976318359375,0.90728759765625,3.805694580078125,-4.029998779296875,-0.680389404296875,315897.4358974359,8.219135531135531E7,3.3016923076923076E7,50.28126,1,1.0,1.0,1.0,1.0,65.00
2025-06-30 23:49:29.491,,,,,,,,,,,,,,,,,,,,,,,,,,,,,,,,,,,,,,,,,,/muse/elements/blink
2025-06-30 23:49:29.600,0.38057676,-0.08390775,0.2771535,0.48038536,0.24775478,-0.1524625,0.49797666,0.0016511224,0.35538325,-0.00422794,0.08729112,0.48811436,0.08427856,-0.14157648,0.07501768,0.29982597,-0.28329474,-0.4229313,-0.06561476,-0.22990659,821.978,799.41394,795.78754,820.3663,726.08057,-0.412353515625,0.07647705078125,0.9095458984375,4.164581298828125,-3.8580322265625,-0.73272705078125,315897.4358974359,8.200600732600732E7,3.2996776556776557E7,50.26168,1,1.0,1.0,1.0,1.0,65.00
2025-06-30 23:49:30.602,0.50682575,0.51718307,0.4239851,0.48756295,-0.16885523,0.23019695,0.48136085,0.07510759,0.047770195,0.17328751,-0.0025582495,0.19444275,0.079803824,-0.049437493,-0.023091467,0.22475542,-0.16705228,-0.2979963,-0.0729547,-0.11159167,781.28204,803.44324,790.14655,791.3553,704.7253,-0.41461181640625,0.07171630859375,0.91015625,3.940277099609375,-4.314117431640625,-0.800018310546875,316703.2967032967,8.193347985347985E7,3.2996776556776557E7,50.19366,1,1.0,1.0,1.0,1.0,65.00
2025-06-30 23:49:30.832,,,,,,,,,,,,,,,,,,,,,,,,,,,,,,,,,,,,,,,,,,/muse/elements/blink
2025-06-30 23:49:31.604,0.50682575,0.93975216,0.0052876514,0.48756295,-0.16885523,0.1725881,-0.13848639,0.07510759,0.047770195,0.26464868,0.36694217,0.19444275,0.079803824,-0.26679182,0.086223714,0.22475542,-0.16705228,-0.40745816,-0.29197675,-0.11159167,813.1135,802.6374,803.0403,813.5165,771.6117,-0.41192626953125,0.0721435546875,0.91290283203125,3.60382080078125,-3.93280029296875,-1.233673095703125,316703.2967032967,8.188512820512821E7,3.2977435897435896E7,50.15552,1,1.0,1.0,1.0,1.0,65.00
2025-06-30 23:49:32.606,0.43363252,0.859175,0.26488605,0.87751526,0.46123576,0.24258699,0.05392907,0.539787,0.35913885,0.21968287,0.4469871,0.4032799,-0.032186277,-0.21168593,0.11017944,0.10869654,-0.340741,-0.475558,-0.30100128,-0.13808098,797.8022,799.011,796.1905,800.6227,799.41394,-0.4075927734375,0.0699462890625,0.912353515625,3.611297607421875,-3.99261474609375,-0.874786376953125,316703.2967032967,8.193428571428572E7,3.298065934065934E7,50.16547,1,1.0,1.0,1.0,1.0,65.00
2025-06-30 23:49:33.607,0.9128345,0.14779189,0.43100113,1.0590256,0.7953183,-0.18205819,0.12310587,0.9034555,0.8582031,0.16906986,0.36515352,0.91600686,0.2001247,-0.07799982,0.023564775,0.4204046,-0.3981287,-0.3371816,-0.48795727,-0.18631761,819.5604,805.8608,800.2198,806.6667,915.4579,-0.40667724609375,0.06475830078125,0.9085693359375,3.596343994140625,-3.701019287109375,-0.919647216796875,315897.4358974359,8.195443223443224E7,3.2996776556776557E7,50.45752,1,1.0,1.0,1.0,1.0,65.00
2025-06-30 23:49:34.607,0.7680308,0.046411276,0.36356613,0.95418996,0.43107155,-0.43089366,0.05821919,0.60671264,0.33385655,0.22371776,0.2387711,0.39107946,0.008699501,-0.090137675,0.11338531,0.17274086,-0.282841,-0.43944564,-0.29701033,-0.21910456,822.381,789.7436,796.1905,823.5897,916.26373,-0.40716552734375,0.069580078125,0.91162109375,3.357086181640625,-3.96270751953125,-0.964508056640625,316703.2967032967,8.218007326007326E7,3.3036263736263737E7,51.06118,1,1.0,1.0,1.0,1.0,65.00
2025-06-30 23:49:35.609,0.20904826,-0.28573617,0.20989475,0.09234519,0.04041791,-0.12429802,0.07261958,0.14415178,0.14957143,0.1780682,0.22962996,0.31970257,-0.045533367,-0.13137253,0.057596814,0.038275342,-0.33826464,-0.42604205,-0.21555622,-0.16045772,749.85345,818.7546,816.7399,745.82416,670.4762,-0.40863037109375,0.073974609375,0.91485595703125,3.768310546875,-3.566436767578125,-0.785064697265625,316703.2967032967,8.209868131868131E7,3.299919413919414E7,51.453064,1,1.0,1.0,1.0,1.0,65.00
2025-06-30 23:49:35.898,,,,,,,,,,,,,,,,,,,,,,,,,,,,,,,,,,,,,,,,,,/muse/elements/blink
2025-06-30 23:49:36.610,0.28204098,0.6070442,0.4809522,0.08659961,0.2836141,0.28823337,0.3977918,0.25603038,0.084864385,0.15308787,0.2750941,0.2329283,-0.04542154,-0.116569206,-0.0073243645,-0.06295118,-0.34112927,-0.4372507,-0.20960987,-0.16735047,806.26373,797.3993,799.81683,808.68134,757.9121,-0.40997314453125,0.06915283203125,0.9111328125,3.656158447265625,-3.925323486328125,-0.725250244140625,316703.2967032967,8.204791208791208E7,3.3004029304029305E7,51.298958,1,1.0,1.0,1.0,1.0,65.00
2025-06-30 23:49:37.613,0.3556963,0.52881855,0.59624267,0.3664866,0.0624727,0.24152613,0.16278522,0.09436652,0.24945027,0.24511595,0.34574693,0.6167032,0.07601048,-0.03230815,0.02066876,0.10620535,-0.17420344,-0.44301677,-0.31411242,-0.067278825,809.4872,792.5641,795.78754,814.7253,880.80585,-0.4102783203125,0.0731201171875,0.9117431640625,3.686065673828125,-3.75335693359375,-0.79254150390625,317509.1575091575,8.1932673992674E7,3.3007252747252747E7,51.242615,1,1.0,1.0,1.0,1.0,65.00
2025-06-30 23:49:38.615,0.27244487,-0.086722374,0.43554628,0.50292826,0.18625152,0.03194365,0.0051844846,0.019510936,0.47863165,0.3332325,0.40372542,0.5971317,0.02864715,-0.08485641,-0.017481273,0.057634197,-0.21566267,-0.5042169,-0.308609,-0.10060503,795.78754,802.6374,804.65204,799.81683,750.65936,-0.41400146484375,0.07061767578125,0.91058349609375,4.02252197265625,-3.8580322265625,-0.83740234375,315897.4358974359,8.19818315018315E7,3.302901098901099E7,51.236298,1,1.0,1.0,1.0,1.0,60.00
2025-06-30 23:49:39.617,0.4221742,0.11529061,0.41901326,0.7959515,0.44626543,-0.3728722,0.21829097,0.579543,0.41538185,-0.080497086,0.6024476,0.6097559,-0.049490035,-0.042657476,0.10312242,0.09128695,-0.34516364,-0.44281578,-0.31963196,-0.24883187,812.71063,789.34064,797.3993,800.2198,835.6777,-0.41302490234375,0.07135009765625,0.91400146484375,3.925323486328125,-4.194488525390625,-0.800018310546875,315897.4358974359,8.181663003663003E7,3.2984688644688644E7,51.236298,1,1.0,1.0,1.0,1.0,60.00
2025-06-30 23:49:40.619,0.69184715,0.48106593,0.31216836,0.5326238,0.5674479,0.28459424,0.1315255,0.48669145,0.73949695,0.362625,0.4494839,1.0643792,0.18860446,0.047327638,0.1433396,0.06886107,-0.23884787,-0.38899645,-0.31133565,-0.26312873,808.2784,792.1612,795.78754,809.89014,762.3443,-0.4100341796875,0.07073974609375,0.90252685546875,3.671112060546875,-4.089813232421875,-0.73272705078125,315897.4358974359,8.199714285714285E7,3.3011282051282052E7,51.236298,1,1.0,1.0,1.0,1.0,60.00
2025-06-30 23:49:41.621,0.8725076,0.602061,0.3266266,0.72269404,0.70852584,0.37587306,0.15202703,0.698772,0.73949695,0.34200808,0.41402096,1.0625378,0.20825262,0.10086067,0.0885072,-0.012069339,-0.2927041,-0.36929822,-0.2563446,-0.24474718,816.337,797.8022,794.57874,825.2015,707.9487,-0.412353515625,0.070068359375,0.90423583984375,3.745880126953125,-3.21502685546875,-0.919647216796875,317509.1575091575,8.224454212454212E7,3.302336996336996E7,51.236298,1,1.0,1.0,1.0,1.0,60.00
2025-06-30 23:49:41.668,,,,,,,,,,,,,,,,,,,,,,,,,,,,,,,,,,,,,,,,,,/muse/elements/blink
2025-06-30 23:49:42.609,,,,,,,,,,,,,,,,,,,,,,,,,,,,,,,,,,,,,,,,,,/muse/elements/blink
2025-06-30 23:49:42.623,1.0592117,0.26918212,0.34020498,0.72269404,0.78148156,0.2889754,-0.003569603,0.698772,0.76553625,0.022175562,0.3028095,1.0625378,0.051092725,-0.015284305,0.122384235,-0.012069339,-0.2837362,-0.45676643,-0.24668989,-0.24474718,818.7546,796.99634,797.3993,827.2161,869.12085,-0.409912109375,0.06842041015625,0.90704345703125,3.760833740234375,-3.805694580078125,-0.8074951171875,315897.4358974359,8.223728937728937E7,3.3028205128205128E7,51.236298,1,1.0,1.0,1.0,1.0,60.00
2025-06-30 23:49:43.627,1.0592117,0.44501245,0.60009634,0.72269404,0.78148156,0.25203496,-0.07303992,0.698772,0.76553625,0.07238356,0.50048316,1.0625378,0.051092725,-0.039527077,0.08063953,-0.012069339,-0.2837362,-0.48235092,-0.3124023,-0.24474718,826.4103,797.8022,804.2491,813.5165,1064.9451,-0.40826416015625,0.0787353515625,0.91546630859375,4.18701171875,-4.777679443359375,-0.04486083984375,316703.2967032967,8.204791208791208E7,3.3016923076923076E7,51.376778,1,1.0,1.0,1.0,1.0,60.00
2025-06-30 23:49:44.627,0.040516116,0.08365033,0.35208392,0.27169946,0.06262547,0.16620453,-0.13753241,0.405885,0.101898484,0.5145651,0.4164995,0.3654723,0.07069741,-0.1317801,0.060363997,0.05373736,-0.39212877,-0.41064772,-0.31593603,-0.2715227,805.8608,797.8022,779.2674,799.41394,799.011,-0.40972900390625,0.06890869140625,0.91143798828125,3.66363525390625,-4.000091552734375,-1.03179931640625,315897.4358974359,8.188271062271062E7,3.2997582417582415E7,51.376778,1,1.0,1.0,1.0,1.0,60.00
2025-06-30 23:49:45.628,0.27726728,0.1627539,0.31826407,0.6523385,0.0525478,0.050940357,-0.15716526,0.5343784,0.2601058,0.48338982,0.2020795,0.72489804,0.119404554,-0.10879038,0.07944446,0.08434996,-0.40617466,-0.4374949,-0.33347473,-0.25713554,817.9487,792.5641,798.20514,822.7839,939.6337,-0.41363525390625,0.06402587890625,0.90631103515625,3.5888671875,-4.08233642578125,-0.8074951171875,316703.2967032967,8.18295238095238E7,3.2974212454212453E7,51.376778,1,1.0,1.0,1.0,1.0,60.00
2025-06-30 23:49:46.630,0.656166,0.44178432,0.13491304,0.4963557,0.67788017,7.832697E-4,-0.029293856,0.3103598,0.6912712,0.107622005,0.4361648,0.34169367,0.19613947,-0.21799046,0.045268614,0.11914656,-0.41659424,-0.3903102,-0.24186254,-0.43606725,823.1868,792.5641,791.3553,821.5751,954.5421,-0.41424560546875,0.07080078125,0.90765380859375,4.179534912109375,-3.850555419921875,-0.6280517578125,316703.2967032967,8.189882783882783E7,3.297098901098901E7,51.376778,1,1.0,1.0,1.0,1.0,60.00
2025-06-30 23:49:47.487,,,,,,,,,,,,,,,,,,,,,,,,,,,,,,,,,,,,,,,,,,/muse/elements/blink
2025-06-30 23:49:47.631,0.72078747,0.2666894,-0.13531199,0.67447126,0.69831234,-0.057723463,0.07195763,0.54303783,0.7597723,0.29138705,0.38254234,0.9454924,0.1603887,-0.12782906,0.08101612,0.23484771,-0.32388353,-0.44454193,-0.23997074,-0.25947347,817.9487,793.7729,802.23444,815.12823,731.7216,-0.4100341796875,0.06793212890625,0.9091796875,3.648681640625,-3.536529541015625,-1.158905029296875,316703.2967032967,8.217040293040293E7,3.3014505494505495E7,51.376778,1,1.0,1.0,1.0,1.0,60.00
2025-06-30 23:49:48.106,,,,,,,,,,,,,,,,,,,,,,,,,,,,,,,,,,,,,,,,,,/muse/elements/blink
2025-06-30 23:49:48.632,1.4722519,0.60015225,0.38652968,1.5788124,1.2850521,0.35354435,0.06028375,1.324508,0.7767317,0.38829586,0.38446423,1.1272812,0.121953756,-0.11399309,0.029060936,0.42483813,-0.27945134,-0.32850805,-0.28380877,-0.2835111,807.8755,795.78754,795.38464,810.696,827.2161,-0.4139404296875,0.0625,0.90777587890625,3.768310546875,-4.08233642578125,-0.49346923828125,316703.2967032967,8.240249084249084E7,3.303142857142857E7,50.888287,1,1.0,1.0,1.0,1.0,65.00
2025-06-30 23:49:49.634,1.4722519,0.31874278,0.32543266,1.3753455,1.2850521,-0.10340789,0.18587147,1.1113164,0.7767317,-0.040700644,0.65786487,1.0549107,0.121953756,-0.16703619,0.20931165,0.27874652,-0.27945134,-0.4364968,-0.26189396,-0.3350882,824.3956,792.1612,797.3993,822.381,967.4359,-0.40655517578125,0.06732177734375,0.90545654296875,3.790740966796875,-3.99261474609375,-1.024322509765625,316703.2967032967,8.219135531135531E7,3.2965347985347986E7,50.419815,1,1.0,1.0,1.0,1.0,65.00
2025-06-30 23:49:50.635,0.8282257,-0.1578317,0.08415115,0.79209286,0.6535385,-0.2897725,0.2624211,0.7337555,0.4640263,-0.08231035,0.65786487,0.6058433,0.020790154,-0.19328302,0.25666046,0.1276758,-0.2777258,-0.39916402,-0.2474098,-0.11949141,807.0696,795.78754,786.52014,804.2491,726.4835,-0.41259765625,0.0697021484375,0.91339111328125,3.970184326171875,-3.955230712890625,-0.97198486328125,317509.1575091575,8.1996336996337E7,3.295003663003663E7,50.419815,1,1.0,1.0,1.0,1.0,65.00
2025-06-30 23:49:51.635,0.66710126,0.12583621,0.44023836,0.67119527,0.48873934,-0.11832136,0.2719166,0.6229088,0.46585444,-0.11499641,0.27068245,0.5414302,0.060345,-0.12983708,0.1610041,0.1675464,-0.30590162,-0.36868665,-0.2132277,-0.038735583,795.38464,797.8022,798.60803,809.4872,880.40295,-0.41119384765625,0.0687255859375,0.9097900390625,3.551483154296875,-3.656158447265625,-0.95703125,316703.2967032967,8.188190476190476E7,3.2977435897435896E7,50.419815,1,1.0,1.0,1.0,1.0,65.00
2025-06-30 23:49:52.637,0.93424916,0.6244782,0.63217676,0.86743885,0.30597374,0.39841294,0.14053617,0.4460667,0.154376,0.42255354,0.25876674,0.22787902,0.16616625,-0.016094135,0.01717339,0.09701553,-0.13117698,-0.4383258,-0.21653256,-0.0077623287,813.5165,790.9524,794.57874,810.696,945.2747,-0.411865234375,0.068359375,0.91436767578125,4.127197265625,-4.14215087890625,-0.7177734375,315897.4358974359,8.200600732600732E7,3.308139194139194E7,50.419815,1,1.0,1.0,1.0,1.0,65.00
2025-06-30 23:49:53.638,0.7695237,0.77931345,0.15781467,0.90474534,0.102879174,0.4824862,-0.100820795,0.45633754,0.53358835,0.5492209,0.16534491,0.070789576,0.22746836,0.04938638,0.062065456,0.07816806,-0.23465346,-0.4049683,-0.25091362,-0.0055408636,802.23444,798.60803,796.1905,799.81683,726.8865,-0.40911865234375,0.06744384765625,0.91192626953125,3.87298583984375,-4.463653564453125,-0.82244873046875,316703.2967032967,8.210835164835164E7,3.309106227106227E7,49.45865,1,1.0,1.0,1.0,1.0,65.00
2025-06-30 23:49:54.639,0.5246247,0.17971568,0.43458894,0.47291538,0.018112322,0.07543677,0.19047849,0.39917442,0.4992921,0.4400996,0.26874438,0.59065616,0.10789117,-0.059418764,0.07653146,0.14557923,-0.3533982,-0.46444365,-0.19890676,-0.1649754,800.2198,789.7436,798.60803,820.7692,960.18317,-0.4095458984375,0.0677490234375,0.90924072265625,3.760833740234375,-3.880462646484375,-0.6878662109375,315897.4358974359,8.220908424908425E7,3.311765567765568E7,49.475716,1,1.0,1.0,1.0,1.0,65.00
2025-06-30 23:49:55.640,0.2765367,0.09476048,0.5261503,0.591855,0.03913108,-0.15954988,0.3926201,0.3715948,-0.115716584,0.005216913,0.12418531,0.46533394,-0.062479936,-0.15615554,0.15225795,0.21964917,-0.4653651,-0.343728,-0.051883217,-0.14234294,817.5458,796.5934,805.4579,814.7253,882.8205,-0.4091796875,0.06756591796875,0.90997314453125,3.54400634765625,-3.7982177734375,-0.83740234375,315897.4358974359,8.215428571428572E7,3.3085421245421246E7,49.417564,1,1.0,1.0,1.0,1.0,65.00
2025-06-30 23:49:56.641,-0.06289776,-0.34439313,0.2782107,0.18167168,-0.15898672,-0.34272856,0.049509212,0.16097194,0.34517097,0.12903677,0.116832435,0.5087098,0.032714985,-0.1949917,0.15753055,0.14612028,-0.47776848,-0.3838393,-0.11550635,-0.24973668,797.3993,801.02563,799.011,809.4872,723.663,-0.4117431640625,0.06512451171875,0.9122314453125,3.6785888671875,-3.925323486328125,-0.829925537109375,316703.2967032967,8.214380952380952E7,3.3069304029304028E7,49.417564,1,1.0,1.0,1.0,1.0,65.00
2025-06-30 23:49:57.643,0.9454177,0.29647252,0.5344918,0.20206256,0.8752951,0.12952608,0.4049788,0.31808484,0.90922296,0.34482682,0.2927881,0.54565585,0.08962751,-0.04189651,0.15248351,0.120280884,-0.4104434,-0.5396771,-0.1346452,-0.47744307,790.54944,790.9524,793.36993,790.14655,837.6923,-0.4097900390625,0.068359375,0.91107177734375,3.887939453125,-4.015045166015625,-0.657958984375,316703.2967032967,8.204791208791208E7,3.3074139194139194E7,49.417564,1,1.0,1.0,1.0,1.0,65.00
2025-06-30 23:49:58.644,1.0713626,0.35955012,0.49952227,0.49913964,0.96271557,0.12903057,0.4971128,0.2225476,0.9076041,0.34180194,0.33847305,0.2605789,0.093758866,0.04723286,0.11472813,0.09738828,-0.4055213,-0.45442575,-0.20057143,-0.21619251,786.9231,798.20514,793.7729,799.011,757.9121,-0.41241455078125,0.0697021484375,0.9130859375,3.96270751953125,-3.87298583984375,-0.620574951171875,316703.2967032967,8.204710622710623E7,3.3074945054945055E7,49.33226,1,1.0,1.0,1.0,1.0,65.00
2025-06-30 23:49:59.646,0.2433474,-0.3884042,0.017693207,0.3896068,0.16455767,-0.3048991,-0.25708413,0.19572869,0.44300613,0.05254818,0.40285587,0.4098133,0.08976606,-0.025839204,0.118574485,0.20189999,-0.2889443,-0.39756536,-0.25689965,-0.18406926,789.34064,794.17584,802.23444,805.8608,767.98535,-0.40789794921875,0.06488037109375,0.9140625,3.850555419921875,-3.96270751953125,-1.114044189453125,315897.4358974359,8.211641025641026E7,3.308058608058608E7,48.447605,1,1.0,1.0,1.0,1.0,65.00
2025-06-30 23:50:00.166,,,,,,,,,,,,,,,,,,,,,,,,,,,,,,,,,,,,,,,,,,/muse/elements/blink
2025-06-30 23:50:00.647,1.1959136,0.56237173,0.085608125,1.091047,1.0241235,0.40381384,0.15102075,1.003749,0.789806,0.3260186,0.6836587,0.8276844,0.23485331,-0.026013648,0.15929002,0.38353667,-0.20721044,-0.421575,-0.15997057,-0.17925869,786.1172,795.78754,790.9524,801.02563,855.82416,-0.412841796875,0.06439208984375,0.91357421875,3.730926513671875,-4.20196533203125,-0.88226318359375,315897.4358974359,8.233399267399268E7,3.3124102564102564E7,48.336864,1,1.0,1.0,1.0,1.0,65.00
2025-06-30 23:50:01.648,1.3511436,0.5994518,0.19510928,1.2598956,1.0942663,0.36829066,0.09825892,1.1442997,0.8164863,0.32663098,0.51429194,0.8278127,0.14982264,-0.07284568,0.17487529,0.3444934,-0.44669726,-0.41567054,-0.05073172,-0.20141467,799.011,795.78754,797.8022,806.6667,826.0073,-0.41241455078125,0.06640625,0.91290283203125,3.745880126953125,-3.90289306640625,-0.844879150390625,316703.2967032967,8.24178021978022E7,3.307897435897436E7,48.40534,1,1.0,1.0,1.0,1.0,65.00
2025-06-30 23:50:02.648,0.82656217,-0.16453275,0.4942835,0.736395,0.5944647,-0.39407378,0.03659816,0.426668,0.5671272,-0.03638571,0.30654734,0.58669746,0.060481295,-0.1547609,0.12510401,0.18070935,-0.25241888,-0.39078116,-0.019080093,-0.14625292,777.25275,808.2784,798.60803,774.0293,701.0989,-0.4122314453125,0.06268310546875,0.91278076171875,4.08233642578125,-4.164581298828125,-0.4486083984375,316703.2967032967,8.226227106227106E7,3.30185347985348E7,48.858093,1,1.0,1.0,1.0,1.0,65.00
2025-06-30 23:50:02.902,,,,,,,,,,,,,,,,,,,,,,,,,,,,,,,,,,,,,,,,,,/muse/elements/blink
2025-06-30 23:50:03.649,0.83823127,0.5800266,0.120958336,0.8186222,0.76077145,0.004988639,0.015332936,0.63471687,0.47059318,0.028337067,0.31103173,0.5233698,0.13531777,-0.08342393,0.12819552,0.15176378,-0.061635535,-0.52824855,-0.092285074,-0.09836698,790.54944,800.2198,793.36993,796.1905,846.1539,-0.408935546875,0.06683349609375,0.9085693359375,3.46923828125,-3.760833740234375,-0.97198486328125,316703.2967032967,8.215992673992674E7,3.2958901098901097E7,48.99813,1,1.0,1.0,1.0,1.0,65.00
2025-06-30 23:50:04.651,0.61220014,0.4713854,0.13105266,0.7375497,0.43691587,-0.098477274,-0.04902486,0.3475644,0.5246456,0.023885246,-0.0044233087,0.3385201,0.24785776,-0.06797682,0.039484028,0.24760342,-0.3984853,-0.5717947,-0.22373623,-0.17511304,797.8022,796.1905,790.54944,803.8461,840.5128,-0.411376953125,0.064453125,0.9085693359375,4.044952392578125,-3.99261474609375,-0.844879150390625,317509.1575091575,8.205113553113553E7,3.297904761904762E7,49.222824,1,1.0,1.0,1.0,1.0,65.00
2025-06-30 23:50:05.655,0.5950199,-0.47220483,0.0075601283,0.7110509,0.37517786,-0.42196152,0.104699165,0.40275648,0.51907355,0.18563601,-0.026585553,0.3192962,0.077233,-0.13140972,0.06679899,0.067676134,-0.33911586,-0.4555615,-0.21580951,-0.22131667,803.0403,801.02563,794.17584,815.12823,775.2381,-0.41107177734375,0.0648193359375,0.90740966796875,3.760833740234375,-3.671112060546875,-0.770111083984375,316703.2967032967,8.215589743589744E7,3.3014505494505495E7,49.400906,1,1.0,1.0,1.0,1.0,65.00
2025-06-30 23:50:06.656,0.6095162,-0.5174242,0.14845303,0.71943116,0.3620367,-0.45131105,0.114142664,0.43628615,0.4062452,0.26193333,0.17106538,0.41786847,-0.022420429,-0.12958418,0.22497824,-0.08618891,-0.4531517,-0.61458135,-0.16532747,-0.29730573,786.9231,796.1905,800.2198,797.3993,964.21246,-0.41485595703125,0.0626220703125,0.90570068359375,3.895416259765625,-3.566436767578125,-0.949554443359375,316703.2967032967,8.237428571428572E7,3.3075750915750913E7,49.84418,1,1.0,1.0,1.0,1.0,65.00
2025-06-30 23:50:07.659,0.6708942,-0.44298944,0.10253988,0.6178507,0.41579655,-0.29560408,0.113171004,0.39456967,0.43735063,0.21323729,0.34832996,0.580709,0.09473497,-0.12297906,0.18710929,0.17885293,-0.2590498,-0.39750275,-0.21456902,-0.1950852,809.4872,809.0842,800.6227,807.47253,819.15753,-0.4124755859375,0.0673828125,0.9122314453125,3.805694580078125,-4.254302978515625,-0.897216796875,316703.2967032967,8.234285714285713E7,3.307252747252747E7,50.302116,1,1.0,1.0,1.0,1.0,65.00
2025-06-30 23:50:08.664,0.60063994,-0.07853227,0.13596456,0.5007527,0.34474266,-0.19367461,0.19645275,0.29493573,0.46007502,0.22875978,0.38267434,0.5714824,0.117855944,-0.20151047,0.14454806,0.2983612,-0.18717124,-0.34658515,-0.12387057,-0.05528669,788.93774,787.72894,802.23444,801.8315,749.45056,-0.4110107421875,0.06756591796875,0.91436767578125,3.656158447265625,-4.127197265625,-0.814971923828125,316703.2967032967,8.223809523809524E7,3.3027399267399266E7,50.77353,1,1.0,1.0,1.0,1.0,65.00
2025-06-30 23:50:09.230,,,,,,,,,,,,,,,,,,,,,,,,,,,,,,,,,,,,,,,,,,/muse/elements/blink
2025-06-30 23:50:09.666,-0.3322662,0.2614492,0.7301095,-0.033531267,0.0011693157,0.0761693,0.4919453,-0.068735726,0.52668625,0.38873804,0.27225533,0.3986622,0.170708,-0.14951694,0.1346208,0.26494497,-0.22490968,-0.51020664,-0.22177719,-0.04571752,815.12823,799.41394,786.9231,804.2491,859.45056,-0.40777587890625,0.06524658203125,0.91259765625,3.760833740234375,-3.835601806640625,-0.6878662109375,316703.2967032967,8.21647619047619E7,3.3034652014652014E7,50.62857,1,1.0,1.0,1.0,1.0,65.00
2025-06-30 23:50:10.667,-0.36424643,0.03009767,0.88272136,0.122840576,0.1377353,0.2390369,0.5792225,0.30973125,0.5122,0.084594116,0.73930895,0.012826583,0.08321796,-0.034106527,0.2283016,0.22209989,-0.21591276,-0.5108708,-0.21655785,-0.14342402,804.65204,800.6227,800.2198,809.4872,801.02563,-0.409912109375,0.06170654296875,0.91387939453125,3.790740966796875,-4.5758056640625,-0.635528564453125,317509.1575091575,8.204791208791208E7,3.3004029304029305E7,50.477924,1,1.0,1.0,1.0,1.0,65.00
2025-06-30 23:50:11.669,0.18200183,-0.12369741,0.5877478,0.3235713,0.04056589,-0.018960025,0.41325197,0.13861907,0.41478837,0.13783222,0.6981153,0.332849,-0.022855872,-0.046986155,0.23809814,0.20411894,-0.4991547,-0.4281022,-0.16378929,-0.24051295,805.8608,799.81683,797.3993,810.696,774.43225,-0.41168212890625,0.0621337890625,0.90911865234375,3.84307861328125,-3.446807861328125,-1.12152099609375,316703.2967032967,8.209142857142857E7,3.305076923076923E7,50.26418,1,1.0,1.0,1.0,1.0,65.00
2025-06-30 23:50:12.671,0.7239545,0.109094776,0.2968401,0.7584776,0.55944824,0.042884447,0.15447412,0.6357598,0.64001036,0.13191172,0.2795928,0.79112643,0.019452225,-0.104755275,0.10368211,0.12394809,-0.41747305,-0.327842,-0.15374187,-0.14332843,813.91943,790.9524,792.96704,811.50183,751.8681,-0.410400390625,0.06512451171875,0.91162109375,3.865509033203125,-3.78326416015625,-0.9271240234375,315897.4358974359,8.22058608058608E7,3.3092673992673993E7,50.094067,1,1.0,1.0,1.0,1.0,65.00
2025-06-30 23:50:13.076,,,,,,,,,,,,,,,,,,,,,,,,,,,,,,,,,,,,,,,,,,/muse/elements/blink
2025-06-30 23:50:13.672,0.55175173,0.309161,0.40828523,0.4424847,0.40789843,0.108803675,0.2630233,0.36357567,0.4803219,0.254843,0.21368186,0.60590357,0.06257259,-0.029941134,0.12315011,-0.008897838,-0.37181398,-0.34761485,-0.30012304,0.028879173,831.2454,795.78754,796.1905,828.4249,735.7509,-0.41015625,0.06109619140625,0.90838623046875,3.66363525390625,-4.05242919921875,-0.814971923828125,316703.2967032967,8.225421245421246E7,3.3106373626373626E7,49.936115,1,1.0,1.0,1.0,1.0,65.00
2025-06-30 23:50:14.674,0.6078147,0.3525924,0.3193558,0.4526601,0.4387616,0.14220633,0.17361447,0.49612293,0.5422833,0.25685158,0.3359203,0.38435015,0.2662815,-0.16371694,0.05422728,0.26126438,-0.2876385,-0.51951504,-0.3129122,-0.04547688,817.9487,800.6227,790.9524,811.9048,655.56775,-0.41253662109375,0.06402587890625,0.91180419921875,3.431854248046875,-3.805694580078125,-0.58319091796875,315897.4358974359,8.2216336996337E7,3.3095091575091574E7,49.84101,1,1.0,1.0,1.0,1.0,65.00
2025-06-30 23:50:15.180,,,,,,,,,,,,,,,,,,,,,,,,,,,,,,,,,,,,,,,,,,/muse/elements/blink
2025-06-30 23:50:15.676,1.1461618,0.11971146,0.4271825,0.7305591,0.88165635,0.007050811,-0.0078045023,0.68281054,1.0212468,0.31679204,0.4332498,0.71831095,0.27031732,-0.18072656,0.016854832,0.33145043,-0.36179876,-0.404319,-0.1736831,-0.06265224,816.337,795.38464,794.57874,819.5604,849.7802,-0.4134521484375,0.064208984375,0.9102783203125,3.70849609375,-4.2169189453125,-0.85235595703125,316703.2967032967,8.213010989010988E7,3.30410989010989E7,49.61237,1,1.0,1.0,1.0,1.0,65.00
2025-06-30 23:50:16.300,,,,,,,,,,,,,,,,,,,,,,,,,,,,,,,,,,,,,,,,,,/muse/elements/blink
2025-06-30 23:50:16.677,1.4664668,0.42459494,0.5624253,0.89542115,1.168035,0.05794086,0.17357932,0.7469732,1.0382421,0.2924948,0.46972445,0.692329,0.23365949,-0.08541048,0.059405617,0.32064614,-0.34812558,-0.42840993,-0.23648387,-0.10998508,821.1722,792.1612,789.7436,823.5897,919.4872,-0.41107177734375,0.0618896484375,0.914306640625,3.790740966796875,-4.643096923828125,-0.680389404296875,315897.4358974359,8.22018315018315E7,3.3024175824175823E7,49.428963,1,1.0,1.0,1.0,1.0,65.00
2025-06-30 23:50:17.678,0.47407553,0.46875086,0.44372103,0.89542115,0.26863387,-0.10385539,0.33557257,0.7469732,0.6894146,-0.079962015,0.44400558,0.692329,0.16006601,-0.07339167,0.08435715,0.32064614,-0.30039692,-0.5047317,-0.15719874,-0.10998508,824.3956,799.81683,805.4579,820.3663,782.49084,-0.41265869140625,0.0660400390625,0.9046630859375,3.7384033203125,-3.30474853515625,-1.27105712890625,315897.4358974359,8.241860805860806E7,3.3057216117216118E7,49.100384,1,1.0,1.0,1.0,1.0,65.00
2025-06-30 23:50:18.679,0.22784182,-0.20741595,0.38842466,0.01833835,0.047001187,-0.33251014,0.38200074,-0.0504834,0.42666373,0.1765263,0.55527264,0.18988109,-0.02910224,-0.068399966,0.10142804,0.05575404,-0.25599465,-0.4130517,-0.13300917,-0.11163883,780.4762,819.5604,796.1905,773.22345,722.8571,-0.41119384765625,0.06036376953125,0.910400390625,3.865509033203125,-3.99261474609375,-0.79254150390625,315091.5750915751,8.249435897435898E7,3.309912087912088E7,48.67519,1,1.0,1.0,1.0,1.0,65.00
2025-06-30 23:50:18.829,,,,,,,,,,,,,,,,,,,,,,,,,,,,,,,,,,,,,,,,,,/muse/elements/blink
2025-06-30 23:50:19.679,0.31313443,0.67124945,0.5373647,0.0138561055,0.07756188,0.15989833,0.6173429,0.14323594,0.27798828,0.2376204,0.585746,0.056470104,0.049880605,-0.07723036,0.15720302,0.054706566,-0.09580366,-0.5639099,-0.23807888,-0.03990044,820.3663,794.9817,798.20514,812.3077,743.4066,-0.4100341796875,0.06298828125,0.91357421875,3.850555419921875,-4.05242919921875,-1.009368896484375,316703.2967032967,8.248227106227106E7,3.3085421245421246E7,48.530483,1,1.0,1.0,1.0,1.0,50.00
2025-06-30 23:50:20.681,0.4260427,0.34656072,0.30880934,0.3858368,0.42914563,0.023659626,0.64138186,0.22672863,0.59144026,0.09238819,0.5539784,0.48527673,0.2803946,-0.004925721,0.28809607,0.26750618,-0.18014576,-0.3687957,-0.14109907,-0.25031653,815.5311,799.41394,797.3993,806.6667,669.67035,-0.41259765625,0.06024169921875,0.9080810546875,3.446807861328125,-3.33465576171875,-0.829925537109375,316703.2967032967,8.24298901098901E7,3.30185347985348E7,48.45127,1,1.0,1.0,1.0,1.0,50.00
2025-06-30 23:50:21.683,0.531236,-0.26985,-0.023610426,0.39570057,0.38389766,-0.27328125,0.17632498,0.17199433,0.56925195,0.3018834,0.46748003,0.4584286,0.11851854,0.14141712,0.28145573,0.19871654,-0.34655774,-0.28768557,-0.14624216,-0.23412785,823.5897,803.8461,803.8461,815.9341,788.93774,-0.41033935546875,0.06329345703125,0.9107666015625,3.805694580078125,-4.11224365234375,-1.054229736328125,317509.1575091575,8.227516483516483E7,3.2953260073260073E7,48.372856,1,1.0,1.0,1.0,1.0,50.00
2025-06-30 23:50:22.687,0.8055421,0.2848557,0.14913613,0.8441066,0.6773811,-0.22807376,-0.032392044,0.5538026,0.5577218,0.3313157,0.3767397,0.32920152,0.05525651,0.17078109,0.04446934,0.19054516,-0.33565745,-0.3726026,-0.12573907,-0.031842906,808.68134,802.23444,804.2491,805.4579,750.2564,-0.41448974609375,0.0615234375,0.904541015625,4.104766845703125,-3.33465576171875,-1.218719482421875,316703.2967032967,8.258783882783882E7,3.298952380952381E7,48.295902,1,1.0,1.0,1.0,1.0,50.00
2025-06-30 23:50:23.689,0.94893384,0.4136298,0.413552,1.0766762,0.74765915,0.051998567,0.36568663,0.7160287,0.59614265,0.34589654,0.68102425,0.31874332,0.14537907,-0.08045995,0.050366364,0.16737312,-0.3790489,-0.38904873,-0.21397221,-0.008258101,816.337,794.17584,789.34064,807.8755,901.3553,-0.41357421875,0.06060791015625,0.90997314453125,3.686065673828125,-3.850555419921875,-0.800018310546875,317509.1575091575,8.254351648351648E7,3.305076923076923E7,48.23483,1,1.0,1.0,1.0,1.0,50.00
2025-06-30 23:50:24.691,0.9808804,0.17468432,0.2382846,0.91562057,0.4918649,0.12717167,0.29308,0.51030844,0.59882313,0.3636068,0.70128536,0.60160416,0.1822483,0.05189558,0.15754047,0.26603028,-0.21883073,-0.48535877,-0.21655644,-0.19320947,813.5165,794.57874,802.23444,805.05493,834.87177,-0.4124755859375,0.06048583984375,0.90985107421875,3.84307861328125,-3.9178466796875,-0.471038818359375,317509.1575091575,8.26232967032967E7,3.3044322344322342E7,48.108215,1,1.0,1.0,1.0,1.0,50.00
2025-06-30 23:50:25.693,0.66226846,-0.2898899,-0.040021632,0.8145104,0.32586092,-0.09830028,0.061987303,0.48254523,0.59995973,0.25366607,0.3878087,0.5906133,0.17596911,0.09325308,0.29519045,0.28864577,-0.23100603,-0.42955235,-0.22830816,-0.26127598,819.9634,794.9817,801.4286,811.50183,863.8828,-0.40985107421875,0.060791015625,0.9105224609375,3.409423828125,-3.75335693359375,-1.054229736328125,317509.1575091575,8.254673992673993E7,3.3014505494505495E7,48.099857,1,1.0,1.0,1.0,1.0,50.00
2025-06-30 23:50:26.694,0.8274104,-0.20967995,0.30210182,0.8192992,0.6938896,0.086783946,0.2895052,0.8524874,0.73861563,0.21649632,0.3934784,0.67026067,0.19137613,0.025453918,0.29409495,0.42319426,-0.19204156,-0.349727,-0.16199848,-0.18671168,812.3077,796.99634,796.99634,807.47253,800.6227,-0.41070556640625,0.05950927734375,0.90869140625,3.671112060546875,-4.388885498046875,-0.58319091796875,316703.2967032967,8.230417582417582E7,3.2905714285714284E7,48.087627,1,1.0,1.0,1.0,1.0,50.00
2025-06-30 23:50:27.696,1.0897622,-0.11433273,0.80516213,0.9027168,0.8328989,0.1425048,0.81824803,0.6775491,0.5601215,0.5777479,1.099266,0.54113007,0.037865184,0.025684603,0.33457702,0.23446564,-0.2068917,-0.42187595,-0.03355742,-0.10055117,830.0366,810.293,786.1172,823.1868,902.96704,-0.41046142578125,0.06201171875,0.9097900390625,3.581390380859375,-4.80010986328125,-0.5084228515625,317509.1575091575,8.233882783882783E7,3.291135531135531E7,48.135204,1,1.0,1.0,1.0,1.0,50.00
2025-06-30 23:50:28.698,1.0197915,0.023856748,0.9066974,0.96575105,0.7678883,0.17051277,0.8636274,0.64615494,0.5642898,0.57966876,1.0867609,0.40927166,-0.053901788,0.079515725,0.22625357,0.16028363,-0.27780536,-0.46244138,-0.14008899,-0.11383581,819.15753,795.38464,799.011,809.0842,776.4469,-0.41119384765625,0.06048583984375,0.90911865234375,3.506622314453125,-3.66363525390625,-0.471038818359375,316703.2967032967,8.230739926739927E7,3.3013699633699633E7,48.38719,1,1.0,1.0,1.0,1.0,50.00
2025-06-30 23:50:29.700,0.8998111,0.10493089,0.42447457,0.80397743,0.2876973,-0.004745477,0.44908932,0.2952142,0.4555463,0.10041619,0.37141111,0.3594797,-0.1969284,-0.04044914,0.16277313,0.15118599,-0.27305716,-0.3185735,-0.22818433,-0.097971775,820.7692,796.5934,796.5934,815.9341,755.09155,-0.4105224609375,0.0626220703125,0.91217041015625,3.42437744140625,-3.760833740234375,-0.76263427734375,315897.4358974359,8.222600732600732E7,3.309347985347985E7,48.61925,1,1.0,1.0,1.0,1.0,65.00
2025-06-30 23:50:30.701,0.68755084,-0.03922753,0.31744155,0.57674724,0.22358559,-0.008424662,0.23461178,0.06748204,0.26360047,-0.11674095,0.3559924,0.49643466,-0.08458237,-0.038403876,0.1543044,0.16660804,-0.32658893,-0.49569806,-0.23526783,-0.047178876,817.5458,796.5934,799.41394,813.1135,824.7985,-0.4105224609375,0.06378173828125,0.91192626953125,4.02252197265625,-4.05242919921875,-0.85235595703125,316703.2967032967,8.217443223443224E7,3.312168498168498E7,48.87719,1,1.0,1.0,1.0,1.0,65.00
2025-06-30 23:50:31.013,,,,,,,,,,,,,,,,,,,,,,,,,,,,,,,,,,,,,,,,,,/muse/elements/blink
2025-06-30 23:50:31.703,0.30925068,0.07833117,0.47322392,0.11120358,0.20603076,0.018138543,0.32889447,0.11485322,0.25831762,-0.25007552,0.3801933,0.49023572,-0.055497847,-0.057079688,0.19150527,0.11660899,-0.331357,-0.39362857,-0.107692726,-0.068629175,830.0366,803.8461,791.75824,821.1722,719.2308,-0.412353515625,0.06378173828125,0.91204833984375,3.850555419921875,-4.246826171875,-0.6280517578125,317509.1575091575,8.212688644688645E7,3.314344322344322E7,48.96308,1,1.0,1.0,1.0,1.0,65.00
2025-06-30 23:50:32.705,0.074824095,0.2354315,0.4621017,0.2187981,-0.09002332,-0.02068535,0.2963834,0.014480468,0.15280566,0.14505053,0.45559382,0.28027526,-0.015730966,-0.034821518,0.25353736,0.029567104,-0.14531359,-0.393517,-0.09134916,-0.09451653,811.50183,794.57874,810.293,812.3077,736.9597,-0.4122314453125,0.063232421875,0.90869140625,3.8580322265625,-3.887939453125,-0.680389404296875,317509.1575091575,8.214703296703297E7,3.3124908424908426E7,48.96308,1,1.0,1.0,1.0,1.0,65.00
2025-06-30 23:50:33.707,0.39451894,0.1991256,0.6012255,0.50433314,0.21007966,-0.090573154,0.46575293,0.46759012,0.23637767,0.20245537,0.56252706,0.5636747,0.18663643,-0.14414296,0.23566054,0.15382278,-0.21847439,-0.4575575,-0.25474158,-0.11568692,828.4249,813.91943,789.7436,815.12823,1018.20514,-0.40533447265625,0.0594482421875,0.9090576171875,3.551483154296875,-3.3795166015625,-1.09161376953125,317509.1575091575,8.227838827838828E7,3.3105567765567765E7,48.96308,1,1.0,1.0,1.0,1.0,65.00
2025-06-30 23:50:33.890,,,,,,,,,,,,,,,,,,,,,,,,,,,,,,,,,,,,,,,,,,/muse/elements/blink
2025-06-30 23:50:34.709,0.7377706,0.5187938,0.5875467,1.0034903,0.43095705,0.1553252,0.39963773,0.92506886,0.070181265,0.18551902,0.66112405,0.76883966,0.28504893,-0.18090037,0.19226398,0.16723783,-0.5253616,-0.40703446,-0.19916588,-0.12781794,832.8571,805.05493,789.7436,813.91943,714.7985,-0.41436767578125,0.05712890625,0.9088134765625,3.66363525390625,-3.768310546875,-1.2860107421875,316703.2967032967,8.232432234432234E7,3.307897435897436E7,48.524002,1,1.0,1.0,1.0,1.0,65.00
2025-06-30 23:50:35.711,0.8794477,0.44536966,0.408932,0.7779332,0.14959352,0.04304435,0.3528514,0.07552742,0.48733917,0.042505857,0.5939954,0.5679941,-0.0063318135,0.09764145,0.21991083,0.20228347,-0.4770702,-0.35801587,-0.08161156,-0.08520903,812.71063,796.1905,800.2198,806.26373,861.8681,-0.41326904296875,0.06219482421875,0.91253662109375,3.8580322265625,-4.246826171875,-0.85235595703125,316703.2967032967,8.221391941391942E7,3.307252747252747E7,48.524002,1,1.0,1.0,1.0,1.0,65.00
2025-06-30 23:50:36.712,0.90278625,0.09381366,0.45822746,0.90498286,0.27808532,-0.3088521,0.29788983,0.3049972,0.68538535,0.13082479,0.5151851,0.6534692,0.1156905,0.13438176,0.30516508,0.296276,-0.35573873,-0.30183432,-0.094911,-0.115475796,826.0073,790.9524,817.5458,819.15753,1064.1392,-0.414306640625,0.06170654296875,0.90972900390625,3.7982177734375,-4.029998779296875,-0.814971923828125,316703.2967032967,8.202857142857143E7,3.3066080586080585E7,49.400623,1,1.0,1.0,1.0,1.0,65.00
2025-06-30 23:50:37.635,,,,,,,,,,,,,,,,,,,,,,,,,,,,,,,,,,,,,,,,,,/muse/elements/blink
2025-06-30 23:50:37.713,0.497302,-0.03391886,0.48593783,-0.06518891,0.17601724,-0.21879585,0.32463273,0.20242925,0.36052933,0.08499207,0.52442,0.312143,0.08056233,0.10709613,0.4481994,0.011162954,-0.21881077,-0.3706486,0.06310213,-0.13785526,830.0366,791.75824,794.9817,812.71063,637.03296,-0.41314697265625,0.0599365234375,0.9102783203125,4.015045166015625,-3.72344970703125,-0.859832763671875,316703.2967032967,8.199875457875457E7,3.3071721611721613E7,49.836277,1,1.0,1.0,1.0,1.0,65.00
2025-06-30 23:50:38.660,,,,,,,,,,,,,,,,,,,,,,,,,,,,,,,,,,,,,,,,,,/muse/elements/blink
2025-06-30 23:50:38.715,0.054801743,0.34024918,0.78189576,0.117098525,-0.01822074,-0.12411731,0.066478126,0.12626477,-0.4409542,0.025741236,0.37273833,0.38071948,-0.12618482,-0.03876975,0.1657082,0.18287048,-0.30114374,-0.4185727,-0.17107266,-0.22808109,830.4396,794.17584,792.1612,823.9927,726.08057,-0.41339111328125,0.06512451171875,0.91259765625,3.970184326171875,-3.46923828125,-1.0467529296875,316703.2967032967,8.196571428571428E7,3.300805860805861E7,50.273136,1,1.0,1.0,1.0,1.0,65.00
2025-06-30 23:50:39.716,0.054801743,0.61377835,0.740612,0.117098525,-0.01822074,0.1837808,0.42908674,0.12626477,-0.4409542,0.07192001,0.3665384,0.38071948,-0.12618482,0.03982923,-0.03509583,0.18287048,-0.30114374,-0.24326032,-0.24945469,-0.22808109,769.19415,806.6667,817.5458,762.3443,798.20514,-0.40570068359375,0.06488037109375,0.9151611328125,3.730926513671875,-4.074859619140625,-0.530853271484375,316703.2967032967,8.196893772893773E7,3.3005641025641024E7,50.535397,1,1.0,1.0,1.0,1.0,65.00
2025-06-30 23:50:40.717,0.054801743,0.21657862,0.5021163,0.117098525,-0.01822074,-0.06619151,0.4712587,0.12626477,-0.4409542,-0.030223072,0.41556984,0.38071948,-0.12618482,-0.011831652,0.09865115,0.18287048,-0.30114374,-0.283264,-0.09179967,-0.22808109,822.7839,802.6374,793.36993,815.5311,705.9341,-0.4095458984375,0.0545654296875,0.9150390625,3.6785888671875,-3.536529541015625,-0.7177734375,316703.2967032967,8.19367032967033E7,3.2985494505494505E7,50.636524,1,2.0,1.0,1.0,2.0,70.00
2025-06-30 23:50:41.724,0.8621887,0.5808072,0.8548807,0.117098525,0.8526566,0.27661967,0.46200964,0.12626477,0.55690336,9.6756156E-4,0.4475791,0.38071948,0.23650278,0.09127114,0.17111707,0.18287048,-0.0028486848,-0.2358991,-0.29217184,-0.22808109,824.3956,811.50183,806.6667,811.50183,656.77655,-0.41143798828125,0.05450439453125,0.91290283203125,4.007568359375,-4.3963623046875,-1.128997802734375,316703.2967032967,8.193428571428572E7,3.2908937728937726E7,51.19038,1,1.0,1.0,1.0,1.0,70.00
2025-06-30 23:50:42.726,0.8621887,0.6219552,0.84480256,1.2349564,0.8526566,0.33035484,0.39248836,0.6592533,0.55690336,-0.0016338101,0.4206044,0.48555934,0.23650278,0.16815206,0.35935706,0.54060805,-0.0028486848,-0.074540086,0.04178337,0.349525,818.3516,800.6227,797.8022,832.8571,1037.5458,-0.409423828125,0.060546875,0.904296875,3.686065673828125,-2.923431396484375,-1.435546875,316703.2967032967,8.199553113553113E7,3.2924249084249083E7,52.186928,1,1.0,1.0,1.0,1.0,70.00
2025-06-30 23:50:43.435,,,,,,,,,,,,,,,,,,,,,,,,,,,,,,,,,,,,,,,,,,/muse/elements/blink
2025-06-30 23:50:43.727,0.8621887,0.54060394,0.914574,1.1798282,0.8526566,0.34588593,0.29780337,0.55581445,0.55690336,0.29738232,0.37243745,0.6625225,0.23650278,0.078959666,0.14687395,0.6838372,-0.0028486848,-0.124152094,-0.016948938,0.43477735,818.3516,801.02563,792.1612,800.2198,674.5055,-0.4112548828125,0.05670166015625,0.90850830078125,3.506622314453125,-3.648681640625,-0.770111083984375,316703.2967032967,8.188915750915751E7,3.296212454212454E7,52.840313,1,1.0,1.0,1.0,1.0,70.00
2025-06-30 23:50:44.729,0.8621887,0.61991346,1.0163404,1.1614572,0.8526566,0.40523785,0.6674788,0.42868707,0.55690336,0.2900656,0.53360224,0.6625225,0.23650278,-0.11028494,0.278061,0.7745795,-0.0028486848,-0.21289685,0.07992734,0.48283854,827.2161,807.0696,798.20514,816.337,642.674,-0.41827392578125,0.05963134765625,0.91094970703125,4.538421630859375,-3.880462646484375,-0.01495361328125,316703.2967032967,8.189076923076923E7,3.2966153846153844E7,52.947914,1,1.0,1.0,1.0,1.0,70.00
2025-06-30 23:50:45.733,0.8621887,-0.14169419,0.8370425,1.1614572,0.8526566,0.022022178,0.62593687,0.42868707,0.55690336,0.0850578,1.1800927,0.6625225,0.23650278,0.09014429,0.38861766,0.7745795,-0.0028486848,-0.1313407,-0.15451218,0.48283854,879.19415,792.1612,799.011,867.1062,929.5604,-0.41162109375,0.07025146484375,0.91162109375,3.93280029296875,-4.358978271484375,-0.680389404296875,317509.1575091575,8.206E7,3.301289377289377E7,55.927746,1,2.0,1.0,1.0,2.0,70.00
2025-06-30 23:50:45.788,,,,,,,,,,,,,,,,,,,,,,,,,,,,,,,,,,,,,,,,,,/muse/elements/blink
2025-06-30 23:50:46.734,0.8621887,0.67904764,0.5034404,1.1614572,0.8526566,0.4731033,0.6508317,0.42868707,0.55690336,0.36805665,1.1800927,0.6625225,0.23650278,0.11089678,0.41394287,0.7745795,-0.0028486848,-0.26914954,-0.115771644,0.48283854,785.31134,804.65204,788.1319,778.46155,808.68134,-0.41015625,0.0596923828125,0.91436767578125,3.626251220703125,-4.05242919921875,-0.657958984375,316703.2967032967,8.21462271062271E7,3.2977435897435896E7,57.0212,1,2.0,1.0,1.0,2.0,70.00
2025-06-30 23:50:47.003,,,,,,,,,,,,,,,,,,,,,,,,,,,,,,,,,,,,,,,,,,/muse/elements/blink
2025-06-30 23:50:47.734,0.8621887,0.7018159,0.14490063,1.1614572,0.8526566,0.36573732,-0.13126111,0.42868707,0.55690336,0.53074527,0.33600157,0.6625225,0.23650278,0.05817381,0.25612262,0.7745795,-0.0028486848,-0.36533293,-0.14943165,0.48283854,826.4103,799.011,803.0403,809.89014,786.9231,-0.4097900390625,0.05401611328125,0.91082763671875,4.17205810546875,-4.074859619140625,-0.545806884765625,316703.2967032967,8.217523809523809E7,3.29814652014652E7,57.0212,1,2.0,1.0,1.0,2.0,70.00
2025-06-30 23:50:48.737,-0.21344098,0.47202715,0.39158618,-0.025295116,0.10082207,0.1290333,0.21852806,0.1689152,0.5538575,0.48723269,0.42196593,0.27676442,0.060525134,0.10889397,0.15369225,0.22297494,-0.14879595,-0.41946864,-0.16789462,-0.14207149,822.381,793.36993,810.696,826.8132,1054.0659,-0.41009521484375,0.05987548828125,0.91217041015625,4.17205810546875,-4.007568359375,-0.0897216796875,316703.2967032967,8.19923076923077E7,3.297260073260073E7,57.0212,1,1.0,1.0,1.0,1.0,70.00
2025-06-30 23:50:49.549,,,,,,,,,,,,,,,,,,,,,,,,,,,,,,,,,,,,,,,,,,/muse/elements/blink
2025-06-30 23:50:49.739,-0.31056657,0.32207286,0.46414176,0.123516865,0.030845547,-0.25527155,0.41170204,0.005476373,0.5007164,-0.008256334,0.47682518,0.27699634,0.07869693,-0.011493124,0.1821669,0.2634027,-0.1314758,-0.38770103,-0.05605713,-0.072955795,812.3077,801.8315,780.87915,796.1905,669.2674,-0.40985107421875,0.05926513671875,0.91290283203125,3.6187744140625,-4.000091552734375,-1.368255615234375,316703.2967032967,8.197699633699633E7,3.3004835164835162E7,57.0212,1,1.0,1.0,1.0,1.0,70.00
2025-06-30 23:50:50.146,,,,,,,,,,,,,,,,,,,,,,,,,,,,,,,,,,,,,,,,,,/muse/elements/blink
2025-06-30 23:50:50.741,-0.4981617,1.054595,0.9158376,0.105929926,-0.49186954,0.22653127,0.8400333,-0.5413878,-0.16300197,-0.06215593,1.122566,-0.2446107,0.04898591,-0.0010083752,0.33341172,0.29016316,-0.039652232,-0.35616723,-0.014887071,-0.053199634,817.5458,797.8022,801.8315,810.293,758.315,-0.40972900390625,0.058349609375,0.9127197265625,3.880462646484375,-4.35150146484375,-0.3887939453125,316703.2967032967,8.194395604395604E7,3.2975824175824177E7,56.966423,1,1.0,1.0,1.0,1.0,65.00
2025-06-30 23:50:51.747,1.2114707,-0.10590096,0.82039684,1.1054114,0.7481012,-0.21277124,0.9111836,0.7813525,0.5443443,-0.09601826,1.2210114,0.6687391,0.39002728,-0.023119831,0.5043697,0.21074897,-0.12662064,-0.48169562,-0.06598478,-0.22776268,823.1868,803.8461,791.75824,806.6667,747.8388,-0.40966796875,0.060546875,0.91400146484375,3.36456298828125,-4.1571044921875,-0.919647216796875,316703.2967032967,8.197296703296703E7,3.298065934065934E7,55.719467,1,1.0,1.0,1.0,1.0,65.00
2025-06-30 23:50:52.749,1.0839493,-0.29807732,0.7666433,0.9644048,0.7461171,-0.23299363,0.3301196,0.6886634,0.7310562,0.21473096,0.719526,0.71609795,0.30976716,0.021936,0.43859005,0.13165693,-0.08240925,-0.2571999,-0.12675059,-0.0560161,811.50183,793.36993,806.6667,811.50183,760.32965,-0.40838623046875,0.05767822265625,0.9105224609375,3.297271728515625,-3.730926513671875,-1.00189208984375,316703.2967032967,8.212285714285713E7,3.2979853479853477E7,55.719467,1,1.0,1.0,1.0,1.0,65.00
2025-06-30 23:50:53.751,0.9826525,-0.113331795,0.6514796,0.97708243,0.7031006,-0.34088913,0.5039653,0.65047264,0.7024502,0.17045377,0.6993996,0.59998894,0.21396093,0.01718744,0.44572526,0.18538448,-0.19305427,-0.1815501,-0.28117928,-0.08568689,815.9341,794.17584,796.5934,809.0842,693.8461,-0.41217041015625,0.05810546875,0.91082763671875,3.90289306640625,-4.127197265625,-0.471038818359375,317509.1575091575,8.209626373626374E7,3.2975824175824177E7,55.719467,1,1.0,1.0,1.0,1.0,65.00
2025-06-30 23:50:54.753,1.2329587,-0.027770242,0.13748823,1.0518526,0.6817959,-0.46816486,0.37580067,0.47884145,0.5621405,0.06956402,0.4754001,0.6769209,0.2687739,-0.039572738,0.34113777,0.38406557,-0.2225251,-0.39272988,-0.18492416,-0.21141414,794.17584,791.3553,799.41394,776.8498,748.24176,-0.4100341796875,0.0638427734375,0.91729736328125,4.089813232421875,-4.1571044921875,-0.8074951171875,317509.1575091575,8.197135531135531E7,3.2988717948717948E7,55.719467,1,1.0,1.0,1.0,1.0,65.00
2025-06-30 23:50:55.755,1.1663345,0.19335176,0.08455949,0.99307853,0.5755263,-0.20924813,0.33623323,0.46103305,0.5240548,0.21201886,0.2550323,0.68471956,0.23150401,-0.02363042,0.3645555,0.2672214,-0.31645674,-0.44847313,-0.07262801,-0.13062093,815.9341,796.5934,801.02563,797.8022,746.2271,-0.4068603515625,0.05419921875,0.9122314453125,3.611297607421875,-3.805694580078125,-0.88226318359375,317509.1575091575,8.189802197802198E7,3.2971794871794872E7,54.948097,1,1.0,1.0,1.0,1.0,65.00
2025-06-30 23:50:56.757,1.3521054,0.3045968,0.53123194,0.8426516,0.9435594,0.08633862,0.20348886,0.27057382,0.78775316,0.14108995,0.37837484,0.30836746,0.21241094,0.06259433,0.292482,0.23068824,-0.36245722,-0.39119613,-0.2699586,-0.27041,818.7546,798.20514,808.2784,819.9634,689.81683,-0.40692138671875,0.05731201171875,0.913330078125,3.87298583984375,-4.314117431640625,-0.800018310546875,316703.2967032967,8.178197802197802E7,3.2949230769230768E7,53.92991,1,1.0,1.0,1.0,1.0,65.00
2025-06-30 23:50:57.759,1.4237784,0.12767766,0.63390696,1.310346,1.116507,0.0988692,0.12004085,0.7325432,0.80737656,-0.0044150758,0.57877153,0.412079,0.12570445,-0.08531046,0.29670465,0.41320133,-0.28452152,-0.34671366,-0.269019,-0.11451294,800.6227,788.5348,796.1905,792.1612,810.293,-0.410888671875,0.05865478515625,0.9083251953125,3.491668701171875,-4.14215087890625,-0.8074951171875,316703.2967032967,8.19221978021978E7,3.296051282051282E7,53.529472,1,1.0,1.0,1.0,1.0,65.00
2025-06-30 23:50:58.760,1.1456833,-0.29781187,0.7061647,1.184249,0.87881905,-0.09049495,0.5049796,0.6038319,0.80301046,0.051322065,0.87035537,0.60081536,0.23368657,-0.054029096,0.32082382,0.32651246,-0.26135895,-0.32848626,-0.28856853,-0.024580952,819.15753,794.17584,799.81683,811.9048,794.9817,-0.40789794921875,0.0560302734375,0.9102783203125,3.5589599609375,-3.63372802734375,-0.94207763671875,317509.1575091575,8.205758241758242E7,3.297904761904762E7,52.68239,1,1.0,1.0,1.0,1.0,65.00
2025-06-30 23:50:59.763,0.9469226,-0.37013584,0.4204687,1.0592854,0.4240028,-0.14352055,0.8104372,0.57641596,0.60826564,0.058536813,1.0458238,0.5876825,0.32909292,0.034538716,0.30962756,0.3200797,-0.25566047,-0.39491227,0.06881661,-0.04386835,800.6227,795.38464,797.8022,788.93774,673.69965,-0.41363525390625,0.05828857421875,0.913330078125,4.1571044921875,-4.373931884765625,-0.538330078125,316703.2967032967,8.217523809523809E7,3.306043956043956E7,52.3055,1,1.0,1.0,1.0,1.0,65.00
2025-06-30 23:51:00.765,0.7386968,-0.14297311,0.6149636,1.0036261,0.5741004,-0.37444654,0.3116105,0.5694923,0.5204225,-0.120669216,0.37428647,0.41588166,0.13596848,0.015679304,0.25761804,0.33519638,-0.26985607,-0.44888234,-0.15598466,-0.2578064,798.60803,797.8022,787.72894,790.9524,688.60803,-0.40924072265625,0.0560302734375,0.909912109375,3.656158447265625,-3.566436767578125,-0.904693603515625,316703.2967032967,8.215509157509157E7,3.3071721611721613E7,51.985554,1,1.0,1.0,1.0,1.0,65.00
2025-06-30 23:51:01.766,0.46812448,-0.04409526,0.5684163,0.6033613,0.32175973,-0.21091285,0.32409042,0.39670077,0.57054585,0.20074609,0.4169688,0.40631604,0.08831136,-0.08548653,0.26067838,0.3462307,-0.23647553,-0.4753488,-0.13134001,-0.122482926,806.26373,784.90845,800.6227,803.0403,742.6007,-0.41424560546875,0.055908203125,0.910400390625,3.887939453125,-4.11224365234375,-1.009368896484375,316703.2967032967,8.208095238095237E7,3.3069304029304028E7,51.549007,1,1.0,1.0,1.0,1.0,65.00
2025-06-30 23:51:02.332,,,,,,,,,,,,,,,,,,,,,,,,,,,,,,,,,,,,,,,,,,/muse/elements/blink
2025-06-30 23:51:02.769,0.5749722,0.6762535,0.601618,0.47223437,0.12736738,0.40743086,0.46907416,0.04433233,0.50329,0.3036756,0.45904037,0.53142786,0.19665845,-0.021589018,0.059867196,0.27158722,-0.15000513,-0.31094217,-0.21860565,-0.120377325,811.0989,804.65204,802.6374,802.6374,600.3663,-0.41351318359375,0.05816650390625,0.90966796875,3.775787353515625,-4.000091552734375,-1.158905029296875,315897.4358974359,8.200520146520147E7,3.301208791208791E7,51.32335,1,1.0,1.0,1.0,1.0,65.00
2025-06-30 23:51:03.770,0.7748366,0.7715312,0.50534946,0.6859761,0.62829924,0.52532494,0.51732314,-0.050421983,0.6906498,0.25972867,0.5760122,0.51045424,0.21635379,-0.06795294,0.1328841,0.2648478,-0.203755,-0.48303196,-0.016870579,0.06299246,798.60803,796.99634,796.99634,794.57874,644.2857,-0.41162109375,0.05462646484375,0.91436767578125,3.970184326171875,-4.23187255859375,-0.94207763671875,316703.2967032967,8.192864468864469E7,3.2988717948717948E7,51.301933,1,1.0,1.0,1.0,1.0,65.00
2025-06-30 23:51:04.774,0.7364795,-0.14770079,0.19698332,0.67854136,0.63855934,-0.34783357,-0.11023254,0.40992895,0.70274985,0.03328336,0.57618606,0.6449396,0.11048865,-0.06547819,0.2090087,0.18718949,-0.17782465,-0.3348723,-0.07074529,-0.035422552,782.8938,801.02563,797.3993,784.5055,659.19415,-0.41455078125,0.05462646484375,0.9124755859375,3.895416259765625,-4.762725830078125,-0.52337646484375,315897.4358974359,8.202534798534799E7,3.3007252747252747E7,51.301933,1,1.0,1.0,1.0,1.0,65.00
2025-06-30 23:51:05.771,,,,,,,,,,,,,,,,,,,,,,,,,,,,,,,,,,,,,,,,,,/muse/elements/blink
2025-06-30 23:51:05.776,0.71802986,-0.04762735,0.39105645,0.74933666,0.4566752,-0.325765,0.11850882,0.3761714,0.33489248,-0.0746481,0.5046876,0.44077116,0.010055333,-0.044580992,0.3170694,0.17015617,-0.16482466,-0.42614624,-0.11419797,-0.14372306,806.6667,796.5934,791.75824,805.8608,880.40295,-0.4163818359375,0.057373046875,0.91485595703125,3.656158447265625,-3.940277099609375,-0.97198486328125,316703.2967032967,8.198505494505495E7,3.30596336996337E7,51.301933,1,1.0,1.0,1.0,1.0,65.00
2025-06-30 23:51:06.777,1.5416192,0.3080031,0.4289268,1.3615621,1.3792441,-0.07348554,0.2534884,1.1072326,0.8784814,-0.10227733,0.45758995,0.7026516,0.0954305,-0.011659385,0.3927698,0.21852063,-0.117685854,-0.294326,-0.097678535,-0.018984469,805.8608,796.99634,797.3993,796.99634,757.50916,-0.4111328125,0.05621337890625,0.91058349609375,3.835601806640625,-3.985137939453125,-0.964508056640625,316703.2967032967,8.198747252747253E7,3.3114432234432235E7,50.88518,1,1.0,1.0,1.0,1.0,65.00
2025-06-30 23:51:07.778,0.827381,-0.013157527,0.36807054,0.84913486,0.7344458,-0.23176485,0.16446213,0.7014296,0.60873514,-0.29512894,0.577921,0.6949376,0.021998867,-0.08136853,0.2953092,-0.039269265,-0.3787688,-0.42447326,-0.18572658,0.021267347,782.49084,796.5934,805.05493,785.31134,694.2491,-0.41265869140625,0.05279541015625,0.907958984375,3.805694580078125,-3.925323486328125,-0.73272705078125,316703.2967032967,8.186739926739927E7,3.3108791208791208E7,50.88518,1,1.0,1.0,1.0,1.0,65.00
2025-06-30 23:51:08.784,0.5632119,0.2804707,0.74412715,0.6054944,0.30951843,-0.059227437,0.39387488,0.36039883,0.47294015,-0.08317446,0.53408134,0.37798277,-0.024519676,0.045930117,0.3197331,0.07457341,-0.13672413,-0.38459674,-0.13947323,0.08643764,808.2784,788.1319,790.9524,809.0842,859.0476,-0.408935546875,0.05328369140625,0.91180419921875,3.551483154296875,-4.17205810546875,-0.777587890625,315897.4358974359,8.184886446886447E7,3.309186813186813E7,50.918144,1,1.0,1.0,1.0,1.0,65.00
2025-06-30 23:51:08.807,,,,,,,,,,,,,,,,,,,,,,,,,,,,,,,,,,,,,,,,,,/muse/elements/blink
2025-06-30 23:51:09.787,0.37417305,0.38222185,0.7434744,0.619591,0.21875824,0.0021294402,0.45710742,0.20181488,0.42725718,0.009903349,0.5323157,0.25813448,0.09894795,0.010173886,0.29797757,0.11334319,0.024132825,-0.22791733,-0.11285156,0.18253234,792.1612,799.41394,796.1905,793.36993,803.0403,-0.41162109375,0.05767822265625,0.90765380859375,3.850555419921875,-3.75335693359375,-0.6878662109375,315897.4358974359,8.192864468864469E7,3.3094285714285713E7,50.96305,1,1.0,1.0,1.0,1.0,65.00
2025-06-30 23:51:10.795,0.67450464,0.05123798,0.7345482,0.7076477,0.50418043,-0.045032576,0.21278004,0.703841,0.5879306,-0.005418851,0.29304895,0.5341913,0.10300005,-0.119739465,0.0892018,0.29828182,-0.12025936,-0.21761276,-0.056639146,-0.37624663,776.8498,796.99634,794.9817,794.57874,679.34064,-0.408447265625,0.055419921875,0.91650390625,3.7982177734375,-3.401947021484375,-0.85235595703125,316703.2967032967,8.191010989010988E7,3.307010989010989E7,50.639,1,1.0,1.0,1.0,1.0,65.00
2025-06-30 23:51:11.797,0.6524386,0.0012091955,0.53085965,0.6833693,0.3963592,0.063598275,0.1973687,0.55948955,0.6167593,0.027734702,0.27393836,0.63089585,0.06327606,-0.019460699,0.1285401,0.31605607,-0.17917195,-0.26348197,-0.29788315,-0.17672846,792.96704,806.6667,802.23444,786.52014,707.9487,-0.41278076171875,0.06292724609375,0.91485595703125,3.506622314453125,-4.14215087890625,-1.472930908203125,316703.2967032967,8.194717948717949E7,3.3094285714285713E7,50.60806,1,1.0,1.0,1.0,1.0,65.00
2025-06-30 23:51:12.798,0.7609085,0.07515214,0.73836166,0.7294699,0.48787582,0.06700238,0.3584898,0.6158297,0.5739293,-0.021224963,0.46007672,0.5490695,0.009101446,-0.0013996549,0.18493564,0.4003039,-0.25765643,-0.3117438,-0.3325276,-0.14039317,797.8022,799.011,791.75824,806.6667,801.02563,-0.4130859375,0.05615234375,0.91107177734375,3.551483154296875,-3.90289306640625,-0.994415283203125,317509.1575091575,8.192139194139194E7,3.3106373626373626E7,50.155384,1,1.0,1.0,1.0,1.0,65.00
2025-06-30 23:51:13.800,0.8315473,0.404836,0.775674,0.6540733,0.33935475,0.042930156,0.34737948,0.45869973,0.49572647,0.035122078,0.59283257,0.3190206,-0.027856551,-0.04343061,0.22123052,0.31912026,-0.26018697,-0.24921305,-0.15815666,-0.18544374,781.28204,803.44324,807.0696,788.93774,718.4249,-0.4130859375,0.0596923828125,0.9097900390625,3.850555419921875,-3.985137939453125,-0.777587890625,317509.1575091575,8.184241758241758E7,3.3096703296703298E7,49.81152,1,1.0,1.0,1.0,1.0,65.00
2025-06-30 23:51:14.802,0.4099699,-0.26272193,0.32765764,0.5369717,0.53230315,-0.10096192,0.18112801,0.5791627,0.50086635,-0.0012971251,0.70414114,0.540263,0.3029191,-0.03265382,0.079693675,0.33804467,-0.19440879,-0.122460976,-0.15738328,-0.24532814,774.83514,803.8461,790.14655,788.1319,669.2674,-0.4075927734375,0.05712890625,0.9122314453125,3.349609375,-4.44122314453125,-0.70281982421875,315897.4358974359,8.183919413919413E7,3.307091575091575E7,49.76032,1,1.0,1.0,1.0,1.0,65.00
2025-06-30 23:51:15.804,0.65456575,-0.031264402,0.93242604,0.6679032,0.54342264,-0.17856471,0.18940777,0.6575986,0.5649009,0.11298061,0.6516387,0.6606031,0.247577,-0.033435978,0.28513756,0.30607516,-0.038124394,-0.19574386,-0.28239715,-0.04458519,790.54944,800.2198,817.1429,803.44324,770.40295,-0.41033935546875,0.05615234375,0.9122314453125,4.0673828125,-3.895416259765625,-0.64300537109375,315897.4358974359,8.193831501831502E7,3.3048351648351647E7,49.71999,1,1.0,1.0,1.0,1.0,65.00
2025-06-30 23:51:16.806,0.54304576,0.008360541,0.8524458,0.53957343,0.09938591,-0.23290665,0.31355312,0.28448865,0.44684958,0.21121234,0.6401536,0.63283706,0.17512023,0.07011054,0.50472,0.2132054,-0.03351814,-0.36597216,-0.17909126,-0.12543578,794.9817,794.17584,798.20514,811.0989,889.67035,-0.4088134765625,0.05767822265625,0.91571044921875,3.30474853515625,-4.14215087890625,-0.79254150390625,317509.1575091575,8.220666666666667E7,3.3084615384615384E7,49.430447,1,1.0,1.0,1.0,1.0,65.00
2025-06-30 23:51:17.813,0.6650134,0.28396612,0.569798,0.7481628,0.43851534,-0.15767653,0.63243014,0.64913124,0.80735594,0.4345081,0.8780089,0.81103706,0.32892874,0.025538387,0.42107102,0.30990016,-0.17335019,-0.38162482,-0.29648653,-0.058454797,795.78754,807.0696,816.337,801.02563,681.3553,-0.41015625,0.0584716796875,0.91094970703125,3.730926513671875,-3.9178466796875,-0.2093505859375,316703.2967032967,8.199391941391942E7,3.3066886446886446E7,49.08758,1,1.0,1.0,1.0,1.0,65.00
2025-06-30 23:51:18.815,0.5116847,-0.05339457,0.6088484,0.54659224,0.5172464,-0.09409475,0.46784952,0.73780966,0.80735594,0.2645597,0.7112143,0.81103706,0.32832208,-0.0034397808,0.43788362,0.37353045,-0.2523197,-0.36439776,-0.30926043,-0.07296645,782.8938,795.78754,786.9231,786.9231,1023.44324,-0.40771484375,0.0543212890625,0.91522216796875,3.372039794921875,-3.87298583984375,-1.188812255859375,316703.2967032967,8.186901098901099E7,3.3069304029304028E7,48.69658,1,1.0,1.0,1.0,1.0,65.00
2025-06-30 23:51:19.817,0.93473154,0.23738097,0.771416,0.7558386,0.51078075,-0.038665745,0.43862608,0.5006262,0.72596925,0.1911979,0.41914824,0.5903498,0.12193048,0.06311992,0.29821643,0.18913718,-0.21681486,-0.36624372,-0.12974091,-0.14338693,796.5934,799.011,804.2491,801.8315,843.73627,-0.4127197265625,0.056640625,0.9114990234375,3.5589599609375,-4.02252197265625,-1.12152099609375,317509.1575091575,8.17021978021978E7,3.3055604395604394E7,48.686478,1,1.0,1.0,1.0,1.0,65.00
2025-06-30 23:51:20.818,1.133035,0.37994507,0.83151424,1.0608023,0.69727564,0.055659458,0.4196197,0.6647008,0.7300072,0.21641113,0.57720894,0.5831814,0.21418215,0.13458076,0.38441658,0.2006549,-0.13759956,-0.42606142,-0.21477297,-0.05132268,771.2088,796.5934,789.7436,796.99634,774.43225,-0.4139404296875,0.05230712890625,0.912841796875,3.81317138671875,-4.149627685546875,-0.171966552734375,316703.2967032967,8.182630036630036E7,3.3084615384615384E7,48.67683,1,1.0,1.0,1.0,1.0,65.00
2025-06-30 23:51:21.819,0.9923273,0.28901652,0.8002821,1.05397,0.9094218,0.16031605,0.5624028,0.9585732,0.94542944,0.14808355,0.6773602,0.9544131,0.37138587,0.06352581,0.3348727,0.4673473,-0.0120900115,-0.533381,-0.33316115,-0.12179626,793.36993,800.2198,807.47253,796.5934,975.4945,-0.4127197265625,0.0584716796875,0.9034423828125,4.26177978515625,-3.72344970703125,-0.814971923828125,316703.2967032967,8.203743589743589E7,3.312007326007326E7,48.67683,1,1.0,1.0,1.0,1.0,70.00
2025-06-30 23:51:22.821,0.039675068,-0.25077358,0.7550243,0.19267291,-0.25497913,0.016755732,0.553942,0.09349236,0.022082917,0.098446414,0.5599252,0.29360303,0.046679117,-0.031057233,0.32118067,0.2811791,-0.1434631,-0.3744713,-0.3057146,-0.26818973,793.7729,801.4286,793.36993,804.65204,706.7399,-0.40850830078125,0.05047607421875,0.9124755859375,3.5589599609375,-3.910369873046875,-0.814971923828125,316703.2967032967,8.20495238095238E7,3.3125714285714284E7,48.67683,1,1.0,1.0,1.0,1.0,70.00
2025-06-30 23:51:23.822,0.058740865,0.03589783,0.3330624,0.44231746,-0.22789179,-0.23158684,0.5245245,0.07606454,0.33650088,0.113962874,0.45063493,0.10002172,-0.025214968,0.0782351,0.40613213,0.24975677,-0.22115704,-0.2849862,-0.18804139,-0.24904251,753.8828,815.9341,790.9524,758.315,636.2271,-0.41363525390625,0.0560302734375,0.91229248046875,3.730926513671875,-3.99261474609375,-0.560760498046875,317509.1575091575,8.189882783882783E7,3.3084615384615384E7,49.13051,1,1.0,1.0,1.0,1.0,70.00
2025-06-30 23:51:24.823,0.2313634,0.84831417,0.4487428,0.77558315,-0.20378336,0.05985889,0.6329744,-0.15488143,0.15043956,0.23775376,0.57970595,-0.25250465,-0.13615084,0.13041054,0.3339313,0.03941252,-0.18715683,-0.4040624,-0.17817369,-0.12260438,787.326,793.7729,802.6374,804.2491,1111.2821,-0.414794921875,0.05645751953125,0.90887451171875,3.641204833984375,-3.880462646484375,-1.114044189453125,317509.1575091575,8.184161172161172E7,3.3066080586080585E7,49.002064,1,1.0,1.0,1.0,1.0,70.00
2025-06-30 23:51:25.825,0.282928,0.80031216,0.489376,0.46505186,-0.3036679,0.035442736,0.30706343,-0.29170042,-0.011556342,0.2544665,0.79994416,-0.24772066,0.16024207,-0.00879878,0.30533248,0.09617625,-0.22589593,-0.35538512,-0.21534339,-0.07458363,800.2198,801.4286,812.3077,806.6667,719.6337,-0.41583251953125,0.05926513671875,0.90765380859375,4.164581298828125,-4.11224365234375,-0.500946044921875,316703.2967032967,8.174007326007326E7,3.3053186813186813E7,48.853214,1,1.0,1.0,1.0,1.0,70.00
2025-06-30 23:51:26.826,0.48825744,0.3711215,0.8224239,0.45724547,0.24991216,-0.06869155,0.24723414,0.19781241,0.39211696,0.37250057,0.6554891,0.41511518,0.12387407,0.042256575,0.28562406,0.2357626,-0.21684468,-0.3091463,-0.2307573,-0.09610932,786.9231,801.4286,793.7729,791.75824,731.31866,-0.40728759765625,0.05731201171875,0.91278076171875,3.656158447265625,-3.446807861328125,-1.099090576171875,316703.2967032967,8.183113553113553E7,3.307252747252747E7,48.853214,1,1.0,1.0,1.0,1.0,70.00
2025-06-30 23:51:27.832,0.96511567,0.15847267,0.85980695,1.1242524,0.74569917,-0.1164027,0.52444607,0.7928395,0.5002419,0.18448111,0.36212242,0.6993211,0.09221339,-0.16968966,0.3216835,0.2582582,-0.14571354,-0.24603173,-0.08006275,-0.10104802,813.1135,799.81683,802.6374,811.9048,850.58606,-0.41009521484375,0.05126953125,0.90411376953125,3.46923828125,-3.312225341796875,-1.009368896484375,316703.2967032967,8.194234432234432E7,3.3118461538461536E7,49.301136,1,1.0,1.0,1.0,1.0,70.00
2025-06-30 23:51:28.834,0.90616155,0.0538302,0.7365,0.9522396,0.749026,-0.15143125,0.28481162,0.79001737,0.53062135,0.2639394,0.74309605,0.7472075,0.23404692,0.03756422,0.26505092,0.18287466,-0.15270516,-0.27800524,-0.059738085,-0.20555902,804.65204,802.23444,792.1612,805.05493,746.2271,-0.41436767578125,0.05267333984375,0.9127197265625,3.805694580078125,-4.11224365234375,-0.88226318359375,316703.2967032967,8.199794871794872E7,3.3157948717948716E7,49.469933,1,1.0,1.0,1.0,1.0,70.00
2025-06-30 23:51:29.514,,,,,,,,,,,,,,,,,,,,,,,,,,,,,,,,,,,,,,,,,,/muse/elements/blink
2025-06-30 23:51:29.836,0.80254155,-0.05203163,0.7115338,0.85810095,0.81196773,-0.23603186,0.11318673,0.77913606,0.4344331,0.31898978,0.7485164,0.792357,0.22174866,0.10785795,0.27256066,0.34974843,-0.21050934,-0.43903512,-0.1496164,-0.13821526,809.89014,794.57874,788.5348,811.0989,674.10254,-0.41021728515625,0.05718994140625,0.91009521484375,3.94775390625,-3.96270751953125,-0.6878662109375,316703.2967032967,8.178923076923077E7,3.315150183150183E7,49.571163,1,1.0,1.0,1.0,1.0,70.00
2025-06-30 23:51:30.837,0.96706367,-0.25076842,0.103040814,1.0979764,0.8398744,-0.09181589,0.13183646,0.79635054,0.39194414,0.09822644,0.41769558,0.81042707,0.2417883,-0.051650714,0.1631803,0.42906445,-0.24710916,-0.46498698,-0.14638554,-0.11494801,819.15753,799.81683,805.8608,823.1868,767.5824,-0.41253662109375,0.0560302734375,0.91278076171875,3.850555419921875,-3.75335693359375,-0.64300537109375,317509.1575091575,8.178923076923077E7,3.3153113553113554E7,49.393513,1,1.0,1.0,1.0,1.0,70.00
2025-06-30 23:51:31.581,,,,,,,,,,,,,,,,,,,,,,,,,,,,,,,,,,,,,,,,,,/muse/elements/blink
2025-06-30 23:51:31.839,0.96796286,0.16989352,0.76965046,0.68519044,0.8236881,0.25766423,0.43938568,0.658554,0.6999914,0.58290935,0.80769247,0.74242616,0.13403885,-0.0018248161,0.13642125,0.28712013,-0.43324196,-0.39637977,-0.38936707,-0.10944421,810.293,800.6227,805.4579,808.2784,785.31134,-0.41046142578125,0.05523681640625,0.907470703125,3.46923828125,-4.149627685546875,-0.73272705078125,316703.2967032967,8.179003663003662E7,3.3145860805860806E7,49.259796,1,1.0,1.0,1.0,1.0,65.00
2025-06-30 23:51:32.847,1.1558502,0.26546222,1.1393055,0.88260657,0.91089773,0.18309632,0.5583877,0.7961052,0.6967727,0.5861441,0.9675424,0.74242616,0.22468844,0.032595422,0.35497558,0.34123296,-0.47137985,-0.25794768,-0.16117209,-0.1322254,819.15753,790.54944,790.14655,821.1722,682.1612,-0.4139404296875,0.05279541015625,0.91375732421875,3.42437744140625,-4.628143310546875,-0.59814453125,315897.4358974359,8.194717948717949E7,3.317970695970696E7,49.03949,1,1.0,1.0,1.0,1.0,65.00
2025-06-30 23:51:33.849,0.1786009,-0.2963674,0.9634852,0.121254124,0.14703822,-0.39816985,0.7859626,0.11346054,0.13637468,0.0029984373,0.8608352,0.1988704,0.06668008,-0.093117446,0.49796474,0.09819483,-0.13161735,-0.23618951,-0.08875475,-0.11483808,821.978,791.75824,795.78754,824.7985,759.5238,-0.4134521484375,0.05059814453125,0.9063720703125,3.87298583984375,-4.17205810546875,-0.478515625,316703.2967032967,8.200520146520147E7,3.3198241758241758E7,49.01325,1,1.0,1.0,1.0,1.0,65.00
2025-06-30 23:51:34.850,0.19192867,0.15856832,0.6015215,0.19433892,0.11735965,-0.23265134,0.665892,0.1758751,0.13371935,0.06025594,0.7205661,0.046184413,0.10070439,-0.07690968,0.47069055,0.03778564,-0.27774948,-0.3523892,-0.1231071,-0.14623225,836.08057,788.5348,796.99634,828.4249,833.2601,-0.41400146484375,0.05633544921875,0.910888671875,3.760833740234375,-3.970184326171875,-0.904693603515625,317509.1575091575,8.184725274725275E7,3.3177289377289377E7,49.23635,1,1.0,1.0,1.0,1.0,65.00
2025-06-30 23:51:35.852,0.03339484,0.31236184,0.7798634,0.21822262,-0.02223971,-0.20678554,0.4615875,-0.017114105,0.025559846,0.13945557,0.6890134,-0.10139244,0.06412697,-0.0031024457,0.28643766,0.08480257,-0.45344296,-0.22412004,-0.005007613,-0.14450084,832.4542,801.02563,800.2198,815.5311,852.6007,-0.41009521484375,0.056640625,0.91143798828125,4.0972900390625,-3.90289306640625,-0.829925537109375,317509.1575091575,8.171912087912087E7,3.3126520146520145E7,49.235374,1,1.0,1.0,1.0,1.0,65.00
2025-06-30 23:51:36.859,1.0396992,0.1947122,0.6926949,0.9263867,0.7132085,-0.32653826,0.5946719,0.5364955,0.5449106,0.35087106,0.6259145,0.6673151,0.06711215,0.023456628,0.27110773,0.29643857,-0.0999648,-0.32545638,-0.07221368,-0.11480373,808.2784,800.6227,807.0696,795.38464,898.5348,-0.41082763671875,0.05511474609375,0.9130859375,3.446807861328125,-3.60382080078125,-1.203765869140625,317509.1575091575,8.177956043956044E7,3.3108791208791208E7,49.20463,1,1.0,1.0,1.0,1.0,65.00
2025-06-30 23:51:37.873,0.78785443,0.26934534,1.089649,0.72839206,0.40024918,-0.10013672,0.8182786,0.259159,0.44978696,0.046195418,0.6641552,0.64369655,0.037521407,0.0068042497,0.2996082,0.16863099,-0.030606996,-0.23155174,-0.2568474,0.052973654,825.6044,799.81683,809.0842,816.7399,793.7729,-0.411376953125,0.05743408203125,0.9090576171875,3.671112060546875,-3.850555419921875,-0.620574951171875,315897.4358974359,8.166915750915751E7,3.3095091575091574E7,49.2535,1,1.0,1.0,1.0,1.0,65.00
2025-06-30 23:51:38.874,0.55515254,0.09256043,0.9377689,0.37364,0.26775283,-0.24250427,0.49287045,0.19041796,0.58889717,0.06837082,0.61714786,0.3544274,0.069518596,-0.071780875,0.45212707,0.12127893,-0.2442312,-0.33692053,-0.13570327,-0.06866225,818.7546,802.23444,792.96704,814.7253,699.0842,-0.4072265625,0.0565185546875,0.9146728515625,3.416900634765625,-4.882354736328125,-0.95703125,316703.2967032967,8.181663003663003E7,3.3124102564102564E7,49.90062,1,1.0,1.0,1.0,1.0,65.00
2025-06-30 23:51:39.876,0.40845475,0.48979813,0.7364937,0.13667952,0.3773077,0.19430146,0.5415553,0.010032656,0.4871574,0.34403005,0.70011693,0.34371558,0.053685147,-0.021008855,0.33810505,0.11570225,-0.41882026,-0.41825688,-0.06901316,-0.07466554,823.1868,794.9817,786.52014,815.5311,709.15753,-0.41259765625,0.05377197265625,0.90521240234375,3.775787353515625,-3.1402587890625,-0.9869384765625,316703.2967032967,8.18996336996337E7,3.31603663003663E7,49.90062,1,1.0,1.0,1.0,1.0,65.00
2025-06-30 23:51:40.877,-0.25430694,0.5729593,0.8513466,0.23760617,0.20098679,0.2865418,0.81735444,-0.036646627,0.11362695,0.35573816,0.7776606,0.2437842,-0.021123672,-0.057092294,0.21316129,0.1309938,-0.39811948,-0.35610944,-0.1949437,-0.12173388,811.50183,797.8022,793.7729,811.9048,742.1978,-0.40789794921875,0.0516357421875,0.9058837890625,3.566436767578125,-3.730926513671875,-0.919647216796875,316703.2967032967,8.186578754578754E7,3.319098901098901E7,50.103565,1,1.0,1.0,1.0,1.0,65.00
2025-06-30 23:51:41.878,0.42820856,0.09588898,0.38720345,0.33397165,0.31599098,0.059046846,0.49711117,-0.051412005,0.6301466,0.18845609,0.8647833,0.25597507,0.09422755,-0.08383557,0.33815998,0.13100764,0.029576372,-0.25747725,-0.14261189,-0.1374384,813.91943,793.36993,816.7399,812.3077,714.7985,-0.4154052734375,0.05999755859375,0.9154052734375,4.11224365234375,-3.581390380859375,-0.28411865234375,316703.2967032967,8.172556776556776E7,3.3183736263736263E7,51.015236,1,1.0,1.0,1.0,1.0,65.00
2025-06-30 23:51:42.825,,,,,,,,,,,,,,,,,,,,,,,,,,,,,,,,,,,,,,,,,,/muse/elements/blink
2025-06-30 23:51:42.880,0.12095052,0.3349664,0.67046046,0.3327781,0.12911148,0.14506516,0.7963661,-0.11291487,0.30692694,0.32720754,0.849166,0.25726578,0.09771127,-0.14515433,0.48808792,0.34399772,0.011859422,-0.30041513,-0.0358069,-0.27946696,828.022,802.23444,803.44324,824.3956,811.50183,-0.40692138671875,0.0550537109375,0.9127197265625,3.611297607421875,-3.8580322265625,-0.485992431640625,317509.1575091575,8.17698901098901E7,3.3187765567765567E7,51.172714,1,1.0,1.0,1.0,1.0,65.00
2025-06-30 23:51:43.886,0.26573557,0.5794982,0.7884394,0.60769457,0.20580624,0.29137328,0.80188525,-0.21951497,0.25956777,0.253981,0.40430513,-0.08091814,0.1621472,0.011628919,0.4618803,0.4335923,-0.054605093,-0.32934898,-0.17980504,-0.21970536,824.7985,802.6374,788.5348,813.5165,757.50916,-0.4122314453125,0.05584716796875,0.90850830078125,3.895416259765625,-3.7982177734375,-0.52337646484375,316703.2967032967,8.170783882783882E7,3.3173260073260073E7,51.172714,1,1.0,1.0,1.0,1.0,65.00
2025-06-30 23:51:44.892,1.1863956,0.020912914,0.96530914,0.7903105,0.8818721,-0.07322346,0.6179471,0.74054223,0.6335551,0.2648625,0.7948699,0.7620722,0.1503425,0.035896417,0.3259176,0.29457226,-0.18171358,-0.3703737,-0.17393038,-0.14159021,799.41394,794.9817,795.38464,794.57874,594.7253,-0.4083251953125,0.05596923828125,0.91015625,3.910369873046875,-3.760833740234375,-0.70281982421875,317509.1575091575,8.173362637362637E7,3.3123296703296702E7,51.172714,1,1.0,1.0,1.0,1.0,65.00
2025-06-30 23:51:45.894,0.83563054,-0.35858503,0.83138573,0.69263214,0.64171726,-0.5409462,0.60622305,0.49457443,0.69658613,-0.014649071,0.8506155,0.7439663,0.24544178,-0.023388019,0.3893135,0.35728222,-0.32114103,-0.36152267,-0.21420327,-0.041294936,810.293,798.60803,778.46155,791.3553,941.6484,-0.41229248046875,0.0615234375,0.91131591796875,3.6187744140625,-3.342132568359375,-1.084136962890625,315897.4358974359,8.182307692307693E7,3.311040293040293E7,51.385952,1,1.0,1.0,1.0,1.0,65.00
2025-06-30 23:51:46.900,0.67823565,0.03538441,0.81944454,0.7135173,0.50973994,-0.33964038,0.57942337,0.28245717,0.47625476,-0.07341122,0.80416477,0.6139974,0.25266215,-0.12605566,0.32607508,0.41005093,-0.2863573,-0.37725192,-0.08653436,-0.13849652,832.8571,794.57874,813.1135,819.15753,679.34064,-0.410400390625,0.05694580078125,0.90447998046875,3.895416259765625,-3.686065673828125,-0.261688232421875,315897.4358974359,8.205838827838828E7,3.3157142857142854E7,50.884243,1,1.0,1.0,1.0,1.0,65.00
2025-06-30 23:51:47.907,0.63357615,0.17997721,1.099904,0.43044692,0.4962497,-0.2293579,0.73802143,0.3551159,0.35734046,-0.043221813,0.51384515,0.35213283,0.14057633,-0.1315513,0.31034932,0.26901174,-0.24698503,-0.49902794,-0.15882802,-0.13379805,803.8461,799.41394,787.72894,796.5934,674.10254,-0.4110107421875,0.0556640625,0.91253662109375,3.84307861328125,-4.209442138671875,-0.605621337890625,315897.4358974359,8.190849816849817E7,3.309912087912088E7,50.310463,1,1.0,1.0,1.0,1.0,65.00
2025-06-30 23:51:48.925,0.34495342,0.21741098,0.9004997,0.15517677,0.08013392,-0.16089278,0.7457767,0.1238449,0.29808822,0.18027933,0.9391827,0.2732126,0.16054508,0.06728375,0.3587342,0.25208536,-0.2624399,-0.4293575,-0.14746861,-0.09696117,803.0403,797.8022,799.41394,784.10254,796.99634,-0.411865234375,0.0562744140625,0.910400390625,3.566436767578125,-4.32159423828125,-0.55328369140625,316703.2967032967,8.178117216117217E7,3.30781684981685E7,49.823296,1,1.0,1.0,1.0,1.0,65.00
2025-06-30 23:51:49.929,1.0711503,-0.26550275,0.7689729,0.36894324,0.79741734,-0.5390621,0.6234089,0.19845895,1.0209695,-0.14805833,0.96831983,0.5443231,0.27915773,-0.04944701,0.30174744,0.23590118,-0.19258551,-0.47155437,-0.1905113,-0.10438047,780.87915,784.90845,826.0073,786.52014,830.84247,-0.41339111328125,0.0557861328125,0.9132080078125,3.72344970703125,-4.329071044921875,-0.560760498046875,315897.4358974359,8.170300366300367E7,3.3082197802197803E7,49.57029,1,1.0,1.0,1.0,1.0,65.00
2025-06-30 23:51:50.939,0.98816645,-0.07029523,1.1585461,0.5392189,0.72691023,-0.14281334,0.84496176,0.2993811,1.0209695,0.032273598,0.85435766,0.7916273,0.28994045,0.015847558,0.45166802,0.2995684,-0.22439376,-0.42630306,-0.123232275,-0.1782223,782.8938,797.3993,840.9158,796.1905,624.94507,-0.41253662109375,0.0567626953125,0.91339111328125,3.828125,-3.3197021484375,-1.07666015625,316703.2967032967,8.187465201465201E7,3.313296703296703E7,49.419113,1,1.0,1.0,1.0,1.0,65.00
2025-06-30 23:51:51.945,-0.100836724,-0.11931578,1.1854674,0.17207018,-0.07354959,-0.07434236,0.80964273,-0.08073783,0.5912639,0.21531688,0.798751,0.6052053,0.17521545,-0.02671759,0.34932873,0.19031106,-0.25247693,-0.42762777,0.028750082,-0.15987772,785.31134,795.78754,794.9817,788.1319,616.8865,-0.41558837890625,0.05615234375,0.91302490234375,3.54400634765625,-3.970184326171875,-0.777587890625,315897.4358974359,8.212849816849817E7,3.315956043956044E7,49.419113,1,1.0,1.0,1.0,1.0,65.00
2025-06-30 23:51:52.951,0.048906542,-0.24331614,0.92787546,0.298495,0.005259469,-0.3880155,0.48812574,0.041552335,0.20115344,0.16474919,0.8632981,0.30771804,0.1434835,-0.057568192,0.32794225,0.29712418,-0.30428106,-0.33947772,-0.12657975,-0.17273195,795.38464,795.78754,808.68134,788.93774,803.8461,-0.41424560546875,0.05670166015625,0.9102783203125,3.87298583984375,-3.955230712890625,-0.70281982421875,317509.1575091575,8.202776556776556E7,3.3166007326007325E7,48.94389,1,1.0,1.0,1.0,1.0,65.00
2025-06-30 23:51:53.955,-0.086903006,-0.21174982,0.98483616,0.37514824,0.012647869,9.1525924E-4,0.71235514,0.08378129,0.15779431,0.1623935,0.7487782,0.068974294,0.27437565,-0.029639516,0.38442236,0.48284456,-0.26910746,-0.42116216,-0.264779,-0.10024973,738.5714,799.41394,780.07324,743.4066,677.326,-0.41424560546875,0.0533447265625,0.9090576171875,3.93280029296875,-4.26177978515625,-0.35888671875,316703.2967032967,8.197296703296703E7,3.3104761904761903E7,48.77981,1,1.0,1.0,1.0,1.0,65.00
2025-06-30 23:51:54.963,-0.14542735,-0.09365944,0.88093656,0.45034602,-0.007876501,0.14194381,0.7012228,0.058186226,-0.29177818,0.15184312,0.74647087,-0.17967287,0.2521644,-0.225796,0.28144535,0.42747265,-0.21076454,-0.44846067,-0.25015903,-0.011028216,788.5348,801.8315,801.8315,781.685,669.2674,-0.4188232421875,0.05267333984375,0.910888671875,3.865509033203125,-3.63372802734375,-1.0467529296875,316703.2967032967,8.195282051282051E7,3.3087032967032965E7,48.73041,1,1.0,1.0,1.0,1.0,65.00
2025-06-30 23:51:55.972,0.6380244,0.27903137,0.713399,0.9267805,0.5093437,-0.055615354,0.6306872,0.6338544,0.10584755,-0.16704372,0.7003063,0.65446424,0.019359391,-0.1701924,0.4588511,0.09349342,-0.46496564,-0.3220264,-0.105527915,-0.19109868,768.3883,795.38464,785.7143,780.87915,943.2601,-0.40875244140625,0.05499267578125,0.91192626953125,3.955230712890625,-3.566436767578125,-0.740203857421875,316703.2967032967,8.19818315018315E7,3.3083809523809522E7,48.47694,1,1.0,1.0,1.0,1.0,65.00
2025-06-30 23:51:56.978,0.9059861,-0.23745894,1.0395793,0.978025,0.72990626,-0.26285094,0.532292,0.7308668,0.8631628,0.05786543,0.6978088,0.89899373,0.22878432,-0.11080376,0.36674535,0.21081527,-0.21905096,-0.38325158,-0.11303168,-0.25646517,773.22345,807.47253,771.2088,769.19415,607.2161,-0.41253662109375,0.05560302734375,0.91839599609375,4.119720458984375,-4.725341796875,-0.6280517578125,316703.2967032967,8.222358974358974E7,3.3169230769230768E7,48.43802,1,1.0,1.0,1.0,1.0,65.00
2025-06-30 23:51:57.980,1.0203443,0.9569649,1.1574346,1.3154353,0.8321209,0.5260608,0.6487052,0.99512416,0.86259854,0.2036531,0.68194556,1.0282359,0.21206859,-0.09967525,0.25016654,0.4033073,-0.063343406,-0.2707674,-0.14320157,-0.20930587,769.19415,798.60803,807.8755,775.2381,681.75824,-0.4129638671875,0.05255126953125,0.9124755859375,3.75335693359375,-4.127197265625,-0.70281982421875,315897.4358974359,8.215750915750915E7,3.3203076923076924E7,48.540684,1,1.0,1.0,1.0,1.0,65.00
2025-06-30 23:51:58.982,1.0373919,1.089536,1.0059803,1.5543731,0.69734275,0.63762105,0.5997856,1.1529291,0.7128302,0.20334424,0.5917784,0.98179126,0.15681082,0.026920889,0.3358362,0.5161478,-0.098850615,-0.26065406,-0.11533839,-0.12868345,780.4762,801.02563,781.28204,792.1612,723.663,-0.42449951171875,0.0570068359375,0.90606689453125,3.9178466796875,-4.47113037109375,-0.52337646484375,315897.4358974359,8.213978021978022E7,3.3187765567765567E7,48.79546,1,1.0,1.0,1.0,1.0,65.00
2025-06-30 23:51:59.994,0.73464936,-0.24890804,0.9330545,0.72333264,0.34828675,-0.2893955,0.5388615,0.3750799,0.44130096,-0.092782214,0.57308525,0.35041648,0.023564266,-0.05379816,0.4850095,0.33519384,-0.08070721,-0.34147945,-0.16891083,-0.14566946,783.69965,804.65204,793.36993,793.7729,652.74725,-0.41217041015625,0.05462646484375,0.91461181640625,3.5888671875,-3.701019287109375,-0.231781005859375,316703.2967032967,8.20745054945055E7,3.3129743589743588E7,48.962082,1,1.0,1.0,1.0,1.0,65.00
2025-06-30 23:52:01.001,0.86132544,-0.034542464,1.1815386,0.95057595,0.55209446,-0.3421776,0.8183429,0.64287895,0.642575,-0.13463034,0.7029077,0.63390803,0.18388617,-0.15572634,0.3847101,0.31760612,-0.13289735,-0.24736188,-0.04569781,-0.19820113,783.2967,811.50183,798.20514,795.38464,715.2015,-0.41436767578125,0.05609130859375,0.908203125,4.0374755859375,-3.9776611328125,-1.039276123046875,316703.2967032967,8.202131868131869E7,3.3077362637362637E7,49.173336,1,1.0,1.0,1.0,1.0,65.00
2025-06-30 23:52:02.003,0.6835551,-0.02781589,1.118596,1.0527246,0.44558945,-0.23989126,0.807333,0.6539234,0.4728109,0.2583225,0.92825466,0.5538264,0.0015330792,-0.13057137,0.26785848,0.21108025,-0.26781347,-0.36939916,-0.1513523,-0.25036538,787.72894,803.8461,819.15753,792.5641,700.696,-0.4217529296875,0.0521240234375,0.90386962890625,3.267364501953125,-3.895416259765625,-0.485992431640625,316703.2967032967,8.184080586080585E7,3.309106227106227E7,49.359924,1,1.0,1.0,1.0,1.0,65.00
2025-06-30 23:52:03.008,0.02446184,0.69098717,1.1257718,0.19587204,0.17716879,0.11122031,0.67142355,0.29596043,0.44373012,0.4980655,0.928374,0.40634787,0.07982157,-0.05035574,0.41287655,0.23283598,-0.19716688,-0.42510742,-0.2731694,-0.2716615,775.2381,805.05493,788.1319,780.4762,689.81683,-0.4136962890625,0.05615234375,0.9150390625,3.887939453125,-4.80010986328125,-1.308441162109375,316703.2967032967,8.201003663003662E7,3.3116043956043955E7,50.146183,1,1.0,1.0,1.0,1.0,65.00
2025-06-30 23:52:04.018,0.63885427,0.7974155,0.88226223,0.8100165,0.55248,0.17713279,0.6898855,0.78598684,0.5856826,0.45170486,0.84895396,0.6969625,0.1319043,0.040917665,0.54085505,0.26455954,-0.16599526,-0.3184473,-0.12190493,-0.10085428,784.5055,792.1612,811.9048,807.8755,944.0659,-0.41015625,0.05218505859375,0.90557861328125,3.312225341796875,-3.865509033203125,-1.801910400390625,316703.2967032967,8.218893772893773E7,3.3136996336996336E7,50.854992,1,1.0,1.0,1.0,1.0,65.00
2025-06-30 23:52:05.019,0.89024794,0.5682182,0.73756623,1.1050533,0.5361261,-0.020240558,0.4949612,1.0729123,0.75662553,0.12082633,0.6747244,0.6512694,0.08207869,0.12479056,0.37661278,0.30510986,-0.54366094,-0.4059829,-0.032521974,-0.10188764,790.9524,799.81683,806.6667,798.60803,975.89746,-0.42071533203125,0.0537109375,0.90972900390625,3.768310546875,-3.9178466796875,-0.650482177734375,316703.2967032967,8.220505494505495E7,3.314021978021978E7,51.724636,1,1.0,1.0,1.0,1.0,65.00
2025-06-30 23:52:06.020,1.063839,0.33615848,0.83899796,1.1897418,0.8106378,0.053840857,0.4995175,0.8670327,0.97358525,0.21937667,0.7189776,1.0284775,0.18980505,0.04710412,0.33663264,0.50042903,-0.17611092,-0.3131912,-0.24005419,-0.19460055,810.696,794.57874,790.9524,799.81683,783.69965,-0.40789794921875,0.0450439453125,0.9056396484375,3.043060302734375,-3.72344970703125,-1.622467041015625,317509.1575091575,8.208014652014652E7,3.308139194139194E7,52.474316,1,1.0,1.0,1.0,1.0,65.00
2025-06-30 23:52:07.020,0.9786384,0.40117982,1.0861956,0.9793163,0.5147278,0.0643818,0.6973142,0.5554115,0.6702156,0.2307015,0.9007487,0.9024755,0.27930117,1.6452183E-4,0.42750797,0.48703784,-0.10431859,-0.37284493,-0.06851719,-0.11039823,784.5055,794.9817,799.41394,803.0403,1027.8755,-0.424560546875,0.0443115234375,0.90679931640625,3.626251220703125,-3.715972900390625,-1.562652587890625,316703.2967032967,8.181340659340659E7,3.309992673992674E7,52.430813,1,1.0,1.0,1.0,1.0,65.00
2025-06-30 23:52:08.022,0.36934558,0.2282676,1.2547091,0.2078118,0.3157198,0.44052383,0.7096834,0.11783609,0.36571693,0.14345706,0.91341555,0.6115779,0.21152024,-0.09907436,0.37756962,0.4701477,-0.14758973,-0.3009974,-0.06851838,-0.09168498,805.05493,796.1905,791.3553,816.7399,915.8608,-0.41290283203125,0.05120849609375,0.90936279296875,1.435546875,-3.03558349609375,-1.009368896484375,315897.4358974359,8.175538461538461E7,3.309912087912088E7,52.17408,1,1.0,1.0,1.0,1.0,65.00
2025-06-30 23:52:09.024,0.39019576,0.09294368,1.0631723,0.27486265,0.12681386,0.4915865,0.56791705,0.21663058,0.2895317,0.2667997,0.8078986,0.41525936,0.24884254,0.037002698,0.3231759,0.45255816,-0.25539762,-0.4047788,-0.24980623,-0.2138902,791.75824,798.60803,778.46155,792.5641,651.9414,-0.43292236328125,0.04913330078125,0.90167236328125,4.179534912109375,-3.865509033203125,0.082244873046875,315897.4358974359,8.186417582417582E7,3.3152307692307692E7,52.01447,1,1.0,1.0,1.0,1.0,65.00
2025-06-30 23:52:10.026,0.44435206,0.47250003,1.0490787,0.5463396,0.110721536,0.03508411,0.72550654,0.28123635,0.21098213,0.09464045,0.9644766,0.71190083,0.42021006,0.026603682,0.41179237,0.5183978,0.018057283,-0.25680453,-0.15368283,-0.013403378,826.8132,805.4579,786.9231,811.50183,726.08057,-0.4920654296875,0.01104736328125,0.86834716796875,2.6617431640625,-3.39447021484375,-0.785064697265625,316703.2967032967,8.198021978021978E7,3.308300366300366E7,51.976364,1,1.0,1.0,1.0,1.0,65.00
2025-06-30 23:52:11.027,0.7053835,0.33846533,1.1562325,0.42693493,-0.25512117,-0.28802872,0.60364056,0.06115589,0.5871233,-0.16538033,0.9585348,0.6554376,0.3741002,-0.094959155,0.47590354,0.44954166,0.19025742,-0.24685736,0.057649765,-0.019052457,819.15753,811.50183,806.6667,829.2308,863.0769,-0.45477294921875,0.04510498046875,0.89276123046875,3.57391357421875,-4.486083984375,-1.143951416015625,317509.1575091575,8.229208791208792E7,3.3127326007326007E7,51.976364,1,1.0,1.0,1.0,1.0,65.00
2025-06-30 23:52:12.029,0.3936183,0.053792093,1.3005464,0.2326422,-0.008403354,-0.38492423,0.9621599,-0.25136396,0.35385582,0.011051887,0.96773726,0.4917247,0.5053855,-0.061363045,0.36939338,0.41587827,-0.29892272,-0.30356357,-0.15385745,-0.09680676,809.0842,799.011,797.8022,803.8461,666.4469,-0.45361328125,0.0352783203125,0.89605712890625,3.536529541015625,-4.149627685546875,-0.710296630859375,317509.1575091575,8.225340659340659E7,3.3129743589743588E7,51.976364,1,1.0,1.0,1.0,1.0,65.00
2025-06-30 23:52:13.031,0.22828093,-0.26353502,1.1832978,0.17651589,0.09068583,-0.32309407,0.9155276,-0.027781818,0.71147066,-0.015050954,0.8196899,0.8598208,0.39133507,-0.10283023,0.201316,0.3651431,-0.16216722,-0.33668286,-0.088484436,-0.02271628,821.978,800.6227,793.7729,820.7692,812.71063,-0.45208740234375,0.03558349609375,0.89447021484375,3.730926513671875,-4.104766845703125,-0.515899658203125,315897.4358974359,8.209545787545787E7,3.312249084249084E7,50.675407,1,1.0,1.0,1.0,1.0,60.00
2025-06-30 23:52:14.033,0.40277505,-0.24511306,1.2872267,0.15522502,0.22592574,-0.25117952,0.971844,0.18493824,0.8255586,-0.006680226,0.70055723,0.97206175,0.24445201,-0.12428782,0.19192615,0.27198797,-0.037385043,-0.31716797,-0.116947524,-0.18804057,822.7839,802.23444,783.69965,817.5458,767.5824,-0.452392578125,0.038818359375,0.89178466796875,3.51409912109375,-3.87298583984375,-0.95703125,316703.2967032967,8.190446886446886E7,3.3129743589743588E7,50.27259,1,1.0,1.0,1.0,1.0,60.00
2025-06-30 23:52:15.036,0.12439939,-0.09934741,1.1831533,-0.18305609,0.09478729,-0.34999955,0.7705793,0.14134724,0.6945441,-0.16461013,0.54669774,0.8181465,0.30169356,-0.09016641,0.36466148,0.27984458,-0.03402652,-0.29985774,-0.21996439,-0.072695315,819.15753,799.41394,797.8022,804.65204,778.86444,-0.4500732421875,0.03802490234375,0.88433837890625,3.715972900390625,-3.96270751953125,-0.94207763671875,316703.2967032967,8.191494505494505E7,3.3163589743589744E7,50.13218,1,1.0,1.0,1.0,1.0,60.00
2025-06-30 23:52:16.036,0.0184568,-0.48395893,0.8419816,-0.063008614,-0.030075442,-0.24573483,0.39011922,0.0010941505,0.8058654,0.002586637,0.5641884,0.7838157,0.34006795,-0.0216389,0.33210546,0.29340002,-0.07981266,-0.23173077,-0.12744258,-0.086506434,819.15753,795.78754,794.57874,813.1135,666.4469,-0.454345703125,0.0391845703125,0.88958740234375,3.8580322265625,-4.344024658203125,-0.657958984375,315897.4358974359,8.207934065934065E7,3.3207912087912086E7,49.613766,1,1.0,1.0,1.0,1.0,60.00
2025-06-30 23:52:17.037,0.053715408,-0.105327815,0.15493903,0.12981327,-0.03468234,0.08939241,0.3551297,0.016891062,0.65527135,0.17831802,0.5967969,0.9511825,0.43960753,0.11179645,0.3386662,0.38316032,-0.13245265,-0.38512588,-0.17289644,-0.08313772,824.3956,792.5641,798.60803,809.0842,778.0586,-0.453369140625,0.040283203125,0.8948974609375,3.701019287109375,-3.701019287109375,-0.478515625,316703.2967032967,8.216637362637362E7,3.3207912087912086E7,49.10645,1,1.0,1.0,1.0,1.0,60.00
2025-06-30 23:52:18.039,0.20047992,0.108325176,0.8135679,0.015041275,-0.009850997,-0.14885151,0.34723872,0.060466167,0.7690529,0.16527143,0.4450984,0.9564248,0.18455012,0.124197856,0.27568698,0.38188785,-0.16256323,-0.2274991,-0.07064266,0.017830476,815.9341,798.60803,799.011,809.4872,650.32965,-0.45050048828125,0.0367431640625,0.89361572265625,3.7982177734375,-3.96270751953125,-1.1065673828125,316703.2967032967,8.206E7,3.314908424908425E7,49.276165,1,1.0,1.0,1.0,1.0,60.00
2025-06-30 23:52:19.041,-0.066709705,-0.09295855,1.0847267,-0.1510804,-0.17361984,-0.5419188,0.40549186,0.061062314,0.93890077,-0.115434095,0.37474406,0.91999906,0.084814996,0.075406596,0.18415098,0.29545984,-0.27429256,-0.23040554,-0.09711614,-0.103242084,815.5311,796.1905,790.9524,810.696,712.7839,-0.45135498046875,0.0411376953125,0.89263916015625,3.581390380859375,-4.26177978515625,-0.785064697265625,316703.2967032967,8.199069597069597E7,3.3116849816849817E7,49.276165,1,1.0,1.0,1.0,1.0,60.00
2025-06-30 23:52:20.046,0.017824,-0.26249263,0.6415366,-0.20962493,0.0055015404,-0.32377657,0.4119129,-0.12020206,0.5649495,-0.046017665,0.619324,0.73956275,0.17572142,-0.04600037,0.031019872,0.30454004,-0.23833986,-0.2995793,-0.13600695,-0.036409017,814.3223,797.8022,813.5165,810.293,769.59705,-0.45294189453125,0.03961181640625,0.89337158203125,3.8580322265625,-4.553375244140625,-0.35888671875,316703.2967032967,8.203018315018314E7,3.3095091575091574E7,49.23075,1,1.0,1.0,1.0,1.0,60.00
2025-06-30 23:52:21.047,0.1828516,-0.45086226,0.9790374,0.14000511,0.1571193,-0.508611,0.47438484,0.058599886,0.4688552,-0.14285256,0.53786504,0.71070045,0.07641216,-0.11342545,0.15504164,0.26030925,-0.31083572,-0.33937246,-0.116773315,-0.058378823,819.15753,798.20514,775.2381,805.05493,647.1062,-0.450439453125,0.0404052734375,0.89495849609375,3.54400634765625,-3.349609375,-0.9271240234375,315897.4358974359,8.216959706959707E7,3.309912087912088E7,49.1122,1,1.0,1.0,1.0,1.0,60.00
2025-06-30 23:52:22.048,0.20250078,-0.26678047,0.9954285,0.12171411,-0.021409065,-0.63941556,0.5379305,0.037430428,0.33258933,-0.30321705,0.31886402,0.5828919,0.06597636,-0.025668776,0.22630164,0.16861218,-0.2837702,-0.29222608,0.039934747,0.08714833,816.337,800.6227,792.1612,811.9048,664.83514,-0.45550537109375,0.04345703125,0.89422607421875,3.7384033203125,-4.119720458984375,-0.85235595703125,316703.2967032967,8.23476923076923E7,3.3148278388278387E7,49.22248,1,1.0,1.0,1.0,1.0,60.00
2025-06-30 23:52:23.057,0.06317525,0.04745155,0.7209043,0.023430455,-0.089302674,-0.12973478,0.65313655,0.06505369,0.30215308,-0.34236455,0.5273796,0.42518216,0.043747943,-0.0058516487,0.21640229,0.27733874,-0.12545103,-0.30541453,-0.24733786,-0.085397296,812.71063,789.34064,792.5641,799.81683,723.2601,-0.4530029296875,0.03533935546875,0.89080810546875,3.581390380859375,-3.45428466796875,-1.03179931640625,317509.1575091575,8.216395604395604E7,3.313054945054945E7,48.98969,1,1.0,1.0,1.0,1.0,65.00
2025-06-30 23:52:24.058,0.0030419591,-0.052376326,0.9495715,0.032781757,-0.21770425,-0.30433407,0.6442714,-0.10118869,0.21646675,-0.02017168,0.5976758,0.36340898,-0.07071947,-0.043354258,0.14476651,0.30650628,-0.18429954,-0.22537908,-0.26354954,-0.07417302,812.3077,799.81683,805.05493,801.4286,700.696,-0.44891357421875,0.0386962890625,0.89471435546875,3.75335693359375,-3.99261474609375,-0.680389404296875,316703.2967032967,8.209706959706959E7,3.3106373626373626E7,48.98969,1,1.0,1.0,1.0,1.0,65.00
2025-06-30 23:52:25.060,-0.07322582,-0.27642688,0.67186046,0.019107737,-0.411734,-0.40907946,0.5141863,0.029501552,0.22071677,0.07433207,0.53941554,0.4935143,0.035577618,-0.011939466,0.26613146,0.25399214,-0.29291847,-0.27494207,-0.2927233,-0.22076422,799.011,796.5934,794.9817,796.5934,801.02563,-0.44879150390625,0.03912353515625,0.89593505859375,3.6785888671875,-4.11224365234375,-0.800018310546875,316703.2967032967,8.201245421245421E7,3.3085421245421246E7,48.98969,1,1.0,1.0,1.0,1.0,65.00
2025-06-30 23:52:26.061,0.05813694,-0.0873785,0.56672883,0.10646932,-0.14870453,-0.5505269,0.30419815,-0.19813813,0.38711718,-0.070550285,0.6440062,0.19411512,0.14802092,-0.030044679,0.26616636,0.28146356,-0.26553455,-0.41142607,-0.3150649,-0.16828395,802.6374,801.02563,789.34064,795.38464,867.1062,-0.45166015625,0.0391845703125,0.90252685546875,4.007568359375,-4.26177978515625,-0.46356201171875,315897.4358974359,8.21276923076923E7,3.3061245421245422E7,48.951557,1,1.0,1.0,1.0,1.0,65.00
2025-06-30 23:52:27.062,0.22231373,0.021619635,0.609296,0.23104478,0.0762608,-0.5299606,0.33023888,0.044017177,0.42373645,-0.09493809,0.5536535,0.5247321,0.22174571,0.0020226208,0.25483233,0.24368823,-0.34401152,-0.3502187,-0.2028925,-0.021577125,803.44324,805.8608,805.8608,800.2198,669.2674,-0.45123291015625,0.038330078125,0.89349365234375,3.66363525390625,-3.461761474609375,-0.8074951171875,316703.2967032967,8.195282051282051E7,3.3003223443223443E7,47.885944,1,1.0,1.0,1.0,1.0,65.00
2025-06-30 23:52:28.063,0.2638793,0.0336826,0.6639437,0.054699823,-0.026708784,-0.27837327,0.5198094,-0.12864186,0.31894073,-0.124890655,0.68860924,0.49173915,0.08946162,-0.03041649,0.35736716,0.05150291,-0.24685715,-0.3378749,-0.19315779,-0.014783587,802.6374,803.44324,814.3223,800.6227,685.38464,-0.45263671875,0.03924560546875,0.88916015625,3.880462646484375,-4.29168701171875,-0.6280517578125,316703.2967032967,8.222358974358974E7,3.3048351648351647E7,47.885944,1,1.0,1.0,1.0,1.0,65.00
2025-06-30 23:52:29.065,-0.07347688,0.036937475,0.83293754,-0.40055993,0.014933495,-0.19047207,0.64494467,0.08655334,0.54073983,0.27881414,0.6710736,0.4551973,-0.0649923,-0.14106703,0.11991947,0.17765768,-0.28892678,-0.41256028,-0.18174005,-0.094001725,805.8608,798.60803,791.75824,796.5934,775.64105,-0.451171875,0.03985595703125,0.89276123046875,3.536529541015625,-3.745880126953125,-0.859832763671875,318315.01831501833,8.213978021978022E7,3.3054798534798533E7,47.885944,1,1.0,1.0,1.0,1.0,65.00
2025-06-30 23:52:30.067,0.028873693,-0.08923147,1.1305836,-0.24236506,0.12644356,-0.19366872,0.47101164,0.19409542,0.5869042,0.3787402,0.70074695,0.45221952,0.14512561,-0.06470464,0.22441909,0.1598333,-0.3719195,-0.40475354,-0.17637937,-0.04638833,812.3077,800.6227,800.2198,807.47253,692.6374,-0.4525146484375,0.03900146484375,0.8939208984375,3.529052734375,-4.059906005859375,-0.800018310546875,316703.2967032967,8.20043956043956E7,3.303868131868132E7,47.458157,1,1.0,1.0,1.0,1.0,65.00
2025-06-30 23:52:31.070,-0.04899056,-0.26914522,1.0244647,0.10052717,-0.29489872,-0.13958988,0.5171141,-0.12042012,0.47516337,0.14932689,0.7160315,0.20949954,0.1416126,-0.16491975,0.21655926,0.02653818,-0.30148783,-0.2654998,-0.20068084,-0.13649787,801.02563,798.20514,814.7253,783.2967,590.293,-0.4483642578125,0.0421142578125,0.89239501953125,3.57391357421875,-3.895416259765625,-0.73272705078125,315091.5750915751,8.211238095238096E7,3.3074139194139194E7,47.055862,1,1.0,1.0,1.0,1.0,65.00
2025-06-30 23:52:32.072,-0.0328267,-0.28993854,0.88213396,0.100630276,-0.2089812,-0.36758515,0.6411129,-0.08321539,0.08112714,-0.16243754,0.58263224,0.2428936,0.021099772,-0.100497335,0.19502278,-0.072904214,-0.23870765,-0.37399662,-0.23176943,-0.12596883,809.89014,794.9817,796.1905,804.2491,675.31134,-0.45367431640625,0.037841796875,0.88946533203125,3.536529541015625,-3.648681640625,-0.97198486328125,316703.2967032967,8.236461538461538E7,3.31007326007326E7,46.9714,1,1.0,1.0,1.0,1.0,65.00
2025-06-30 23:52:33.074,-0.033442695,-0.44981092,0.72258323,0.1451681,-0.025480254,-0.42658183,0.7175949,-0.11929464,0.06059723,-0.14543325,0.7535001,0.105402514,-0.12120847,-0.06660385,0.24067695,-0.011931849,-0.34475225,-0.45430613,-0.14120337,-2.3666224E-4,813.5165,794.57874,794.17584,807.8755,635.42126,-0.45086669921875,0.03936767578125,0.89190673828125,3.93280029296875,-4.059906005859375,-0.800018310546875,316703.2967032967,8.234124542124543E7,3.3076556776556775E7,46.99171,1,1.0,1.0,1.0,1.0,65.00
2025-06-30 23:52:34.075,0.28518954,-0.31391954,0.60701907,0.30975986,-0.43281975,-0.41874233,0.554822,-0.1625466,0.16227761,-0.2297026,0.7135383,0.08187382,-0.023558812,0.014847656,0.26833713,0.039320845,-0.35591006,-0.3214037,-0.17502442,-0.11986724,791.75824,790.54944,787.326,790.54944,973.8828,-0.450927734375,0.04150390625,0.89483642578125,3.626251220703125,-4.269256591796875,-0.83740234375,317509.1575091575,8.219135531135531E7,3.304190476190476E7,46.99171,1,1.0,1.0,1.0,1.0,65.00
2025-06-30 23:52:35.076,-0.067259334,-0.33325225,0.6423906,-0.22105572,-0.12367541,-0.23411871,0.6395489,-0.21679118,0.4468941,-0.038214725,0.67197835,0.32346752,0.14268798,-0.028695986,0.22061656,0.23363481,-0.18132117,-0.25840056,-0.3407497,-0.19297934,789.34064,799.81683,802.23444,799.011,941.2454,-0.4498291015625,0.038330078125,0.89739990234375,3.7384033203125,-4.029998779296875,-0.82244873046875,317509.1575091575,8.204388278388278E7,3.301047619047619E7,46.99171,1,1.0,1.0,1.0,1.0,65.00
2025-06-30 23:52:36.078,-0.25441444,-0.495964,0.5710903,-0.055990417,-0.26963753,-0.20016763,0.44698647,-0.14014928,0.40162152,0.07552512,0.54889613,0.4235155,0.18599692,-0.043797623,0.14168039,0.23631546,-0.18136173,-0.34630552,-0.23173852,-0.1744098,792.5641,790.54944,788.93774,789.7436,711.1722,-0.44830322265625,0.04052734375,0.8948974609375,3.925323486328125,-3.671112060546875,-0.8673095703125,317509.1575091575,8.216717948717949E7,3.302336996336996E7,46.99171,1,1.0,1.0,1.0,1.0,65.00
2025-06-30 23:52:37.079,-0.060178757,-0.08545381,0.3876692,0.12392179,-0.13698807,-0.081769735,0.15016496,0.09473509,0.21020316,0.06782017,0.4986376,0.49579522,0.13635515,-0.10786911,0.120035335,0.31227463,-0.2430197,-0.42129067,-0.25542906,-0.2223026,801.02563,790.14655,811.50183,800.2198,805.4579,-0.4537353515625,0.03753662109375,0.893310546875,3.6785888671875,-4.08233642578125,-0.70281982421875,316703.2967032967,8.230739926739927E7,3.3037069597069595E7,47.109272,1,1.0,1.0,1.0,1.0,65.00
2025-06-30 23:52:38.084,-0.20724171,-0.23488875,0.7201532,-0.07703334,-0.095414646,-0.2528151,0.448648,0.056517728,0.3682859,-0.057539064,0.5639778,0.36749265,0.14486694,0.05910516,0.3576479,0.3043477,-0.42096084,-0.50841874,-0.45516184,-0.3464662,779.2674,794.57874,792.96704,801.8315,862.674,-0.45367431640625,0.0396728515625,0.889892578125,3.910369873046875,-4.000091552734375,-0.7177734375,317509.1575091575,8.227838827838828E7,3.304190476190476E7,47.170837,1,1.0,1.0,1.0,1.0,65.00
2025-06-30 23:52:39.085,-0.0842127,-0.42458794,0.96708775,-0.042574905,-0.08415422,-0.24041754,0.6805296,0.028519895,0.17126133,0.1550774,0.42714208,0.45215607,0.16305935,6.8136264E-4,0.2933283,0.30545935,-0.33915308,-0.37876326,-0.30985072,-0.22137056,795.78754,796.5934,788.93774,786.52014,706.7399,-0.4525146484375,0.0408935546875,0.89349365234375,3.94775390625,-4.20196533203125,-0.366363525390625,316703.2967032967,8.21341391941392E7,3.300080586080586E7,47.579514,1,1.0,1.0,1.0,1.0,65.00
2025-06-30 23:52:40.086,0.10987688,-0.309875,0.9687164,0.10377592,0.05932947,-0.42310852,0.42270592,-0.04086027,0.1639162,0.09777775,0.7400062,0.42541,0.022976998,-0.15327697,0.28209507,0.2192531,-0.40376657,-0.4135528,-0.4799824,-0.18701412,800.2198,798.20514,789.7436,793.7729,757.1062,-0.453125,0.0406494140625,0.890869140625,3.805694580078125,-4.5159912109375,-0.6280517578125,317509.1575091575,8.208578754578754E7,3.2988717948717948E7,47.677094,1,1.0,1.0,1.0,1.0,65.00
2025-06-30 23:52:41.087,0.027012598,-0.31247166,0.9368425,0.17415789,0.025955189,-0.53595066,0.5693986,-0.24403995,0.3320758,-0.16175973,0.8040272,0.40121683,-0.028369533,-0.25929546,0.35412145,0.31349376,-0.41944978,-0.44167608,-0.47150633,-0.17226854,780.4762,799.011,791.3553,793.7729,967.4359,-0.449462890625,0.03692626953125,0.89642333984375,3.66363525390625,-3.985137939453125,-0.635528564453125,316703.2967032967,8.194637362637362E7,3.295003663003663E7,47.73053,1,1.0,1.0,1.0,1.0,65.00
2025-06-30 23:52:42.088,-0.21293202,-0.041082274,1.1622003,0.14413929,-0.0418323,-0.105817914,0.66698426,0.022506185,0.42881912,-0.092618376,0.7449744,0.40152204,-0.09355807,-0.17310916,0.22440264,0.19022001,-0.45768714,-0.43012047,-0.24820231,-0.023376461,805.8608,801.4286,796.99634,797.3993,657.5824,-0.45184326171875,0.041259765625,0.89453125,3.760833740234375,-4.583282470703125,-0.381317138671875,317509.1575091575,8.232190476190476E7,3.301289377289377E7,47.73053,1,1.0,1.0,1.0,1.0,65.00
2025-06-30 23:52:43.089,-0.15276249,-0.24924093,1.2152704,-0.017258227,-0.2635555,-0.36251152,0.7264071,-0.19926678,0.2679649,6.063797E-4,0.73145074,0.51967275,0.1469901,-0.096788816,0.25216833,0.18346952,-0.3297459,-0.4994637,-0.26677036,-0.034211125,800.6227,796.99634,784.5055,794.17584,739.3773,-0.45245361328125,0.0445556640625,0.8897705078125,3.805694580078125,-4.239349365234375,-0.3887939453125,317509.1575091575,8.220424908424908E7,3.303868131868132E7,47.73053,1,1.0,1.0,1.0,1.0,65.00
2025-06-30 23:52:44.092,0.088162675,-0.4066356,0.9695872,0.11829194,0.072632365,-0.27327606,0.5919271,-0.1580567,0.5286854,0.19092034,0.7266148,0.5583361,0.24934931,0.011120863,0.22049871,0.28007713,-0.33261883,-0.42810917,-0.32818586,-0.10150802,788.5348,794.17584,774.43225,778.0586,863.8828,-0.45184326171875,0.041259765625,0.89385986328125,3.57391357421875,-4.149627685546875,-0.785064697265625,317509.1575091575,8.213736263736263E7,3.3004029304029305E7,46.9044,1,1.0,1.0,1.0,1.0,60.00
2025-06-30 23:52:45.093,0.25084808,-0.22157896,1.1784834,0.13801642,-0.2080993,-0.25087368,0.40979123,-0.046047032,0.49735436,-0.013254079,0.5179813,0.34667528,0.160515,0.07832608,0.14821844,0.20795605,-0.30241632,-0.3687457,-0.18628938,-0.16769089,794.17584,796.5934,789.7436,783.2967,615.2747,-0.45166015625,0.03753662109375,0.89410400390625,3.656158447265625,-4.2169189453125,-0.844879150390625,316703.2967032967,8.203179487179486E7,3.3008864468864467E7,46.840942,1,1.0,1.0,1.0,1.0,60.00
2025-06-30 23:52:46.093,0.3455253,-0.44335458,1.3216157,-0.0035872571,-0.14121732,-0.43102428,0.44063973,0.085535236,0.2825786,-0.15197176,0.63542485,0.25380683,0.13818593,0.045908988,0.20616937,0.22762083,-0.310557,-0.40233976,-0.27976984,-0.19629644,809.0842,801.4286,778.86444,803.0403,753.0769,-0.45489501953125,0.04071044921875,0.8916015625,3.760833740234375,-3.641204833984375,-0.859832763671875,316703.2967032967,8.21317216117216E7,3.3011282051282052E7,46.835182,1,1.0,1.0,1.0,1.0,60.00
2025-06-30 23:52:47.095,-0.063200064,-0.46967348,1.2921455,-0.14733265,0.20021775,-0.115502596,0.5587899,0.25878987,0.41504407,-0.10558707,0.86147904,0.5882197,-0.017212532,-0.054694567,0.11554721,0.32008266,-0.40123916,-0.3499726,-0.37525183,-0.19268712,796.99634,792.96704,791.3553,807.0696,993.22345,-0.4495849609375,0.0391845703125,0.9013671875,3.84307861328125,-4.179534912109375,-0.755157470703125,317509.1575091575,8.232271062271062E7,3.303868131868132E7,46.834354,1,1.0,1.0,1.0,1.0,60.00
2025-06-30 23:52:48.096,0.09048322,-3.036513E-4,0.9959428,0.0028175581,0.1371064,0.040492855,0.6141966,0.13448964,0.43547344,-0.019200532,0.90612227,0.6215364,0.029653229,-0.1187244,0.15730569,0.3391042,-0.22586726,-0.36645564,-0.31738603,-0.078868546,793.7729,794.57874,787.72894,780.87915,765.9707,-0.4515380859375,0.039794921875,0.8929443359375,3.835601806640625,-4.015045166015625,-0.844879150390625,315897.4358974359,8.217765567765568E7,3.301047619047619E7,46.888042,1,1.0,1.0,1.0,1.0,60.00
2025-06-30 23:52:49.099,0.21798031,-0.08738851,0.96378213,0.12265641,0.23281409,-0.25547537,0.6422594,0.19591197,0.5592008,0.11536433,0.91387963,0.6248184,0.0120706735,-0.17210336,0.23454343,0.23075473,-0.3637876,-0.5698492,-0.25415167,-0.17371422,797.8022,788.93774,786.52014,803.0403,867.50916,-0.4539794921875,0.04327392578125,0.8939208984375,3.985137939453125,-4.074859619140625,-0.88226318359375,315897.4358974359,8.199472527472527E7,3.2971794871794872E7,47.157032,1,1.0,1.0,1.0,1.0,60.00
2025-06-30 23:52:50.101,0.050425313,-0.09284518,1.0943946,0.15042047,0.23824877,-0.019412102,0.80709356,-0.03339036,0.40007392,0.0099577755,0.69104314,0.5554393,0.22557236,-0.11211138,0.23267244,0.3509757,-0.38891813,-0.473891,-0.16985811,-0.26965317,787.72894,800.2198,776.8498,784.90845,829.6337,-0.45123291015625,0.03826904296875,0.89166259765625,4.20196533203125,-3.768310546875,-0.575714111328125,316703.2967032967,8.203018315018314E7,3.2971794871794872E7,47.157032,1,1.0,1.0,1.0,1.0,60.00
2025-06-30 23:52:51.102,-0.087569125,-0.1286819,1.177902,0.17064011,-0.08076212,-0.13512404,0.6930321,-0.13323058,0.64892745,-0.18339004,0.84247345,0.22852738,0.17318818,0.037884925,0.2414124,0.2673891,-0.29683295,-0.44001254,-0.25368512,-0.20979995,805.8608,809.0842,801.4286,803.8461,632.1978,-0.45037841796875,0.0355224609375,0.8955078125,3.775787353515625,-4.149627685546875,-0.620574951171875,316703.2967032967,8.220666666666667E7,3.2992747252747253E7,47.157032,1,1.0,1.0,1.0,1.0,60.00
2025-06-30 23:52:52.104,0.020085841,-0.21074027,1.0669088,0.07816012,-0.23393743,-0.2528299,0.44435552,0.11022684,0.65222216,0.21647829,0.84603953,0.57531846,0.0949919,0.01490637,0.36276197,0.30814904,-0.19810207,-0.5029536,-0.3102509,-0.059559762,803.44324,797.8022,809.4872,798.20514,762.3443,-0.45318603515625,0.03961181640625,0.8929443359375,3.745880126953125,-4.38140869140625,-0.874786376953125,315897.4358974359,8.224615384615384E7,3.2996776556776557E7,47.157032,1,1.0,1.0,1.0,1.0,60.00
2025-06-30 23:52:53.105,-0.058095273,-0.20588662,0.7209851,-0.10070994,0.046294443,-0.10439087,0.4052852,0.14672303,0.52669877,0.2744619,0.76944244,0.6096583,0.0033260577,0.009403265,0.32563788,0.24104452,-0.26242566,-0.4140057,-0.32938355,-0.0066059176,787.326,795.38464,803.8461,790.54944,937.619,-0.44903564453125,0.04132080078125,0.8946533203125,3.93280029296875,-4.14215087890625,-0.904693603515625,315897.4358974359,8.205919413919413E7,3.295970695970696E7,47.251766,1,1.0,1.0,1.0,1.0,60.00
2025-06-30 23:52:54.107,-0.18774521,-0.07220371,0.9809943,-0.041456215,0.014390102,-0.027828727,0.795649,0.110597625,0.35286242,-0.06954948,0.93769544,0.55839604,0.017312814,0.03788662,0.34917557,0.22173376,-0.27493674,-0.36106086,-0.22192948,-0.14433892,797.8022,802.6374,812.3077,793.36993,631.39197,-0.45294189453125,0.03857421875,0.893798828125,3.99261474609375,-3.70849609375,-0.7476806640625,315897.4358974359,8.19221978021978E7,3.294117216117216E7,47.251766,1,1.0,1.0,1.0,1.0,65.00
2025-06-30 23:52:55.109,-0.37194535,-0.3791561,0.82573634,-0.048199054,-0.11024226,-0.17207141,0.9332389,0.11258157,0.6711288,-0.009279307,0.92989254,0.70463663,0.03715596,0.02518682,0.2686807,0.18253505,-0.23966995,-0.3704909,-0.14380759,-0.33485004,774.0293,792.5641,817.1429,780.07324,819.5604,-0.45391845703125,0.0364990234375,0.89111328125,3.3795166015625,-3.9178466796875,-0.725250244140625,317509.1575091575,8.193509157509157E7,3.2945201465201464E7,47.251766,1,1.0,1.0,1.0,1.0,65.00
2025-06-30 23:52:56.112,-0.054862395,-0.4818291,1.0306015,-0.2859256,-0.36677372,-0.24280506,0.7775589,-0.046807073,0.65040684,0.07948221,0.8008959,0.7283714,0.039564073,-0.10051208,0.40141833,0.19504555,-0.12630334,-0.3397885,-0.19560002,-0.2692553,784.10254,794.57874,794.57874,794.17584,844.5421,-0.45440673828125,0.038330078125,0.8887939453125,4.015045166015625,-4.0374755859375,-0.85235595703125,316703.2967032967,8.202534798534799E7,3.2949230769230768E7,47.251766,1,1.0,1.0,1.0,1.0,65.00
2025-06-30 23:52:57.113,0.016114177,-0.3443158,1.0293401,0.07387901,-0.15882747,-0.107039295,0.77508146,-0.06728685,0.8779127,0.003197788,0.80242103,0.7257769,0.17340109,-0.09443424,0.56621337,0.41663074,-0.29515374,-0.34284335,-0.053695112,-0.14269778,799.011,803.44324,793.7729,795.78754,666.8498,-0.4508056640625,0.0355224609375,0.8946533203125,3.581390380859375,-4.074859619140625,-0.859832763671875,316703.2967032967,8.231626373626374E7,3.2987106227106225E7,46.65106,1,1.0,1.0,1.0,1.0,65.00
2025-06-30 23:52:58.114,-0.17266749,-0.2865585,0.9386789,-0.035423446,-0.049253773,-0.26345792,0.4915873,0.033569302,0.84595966,0.042842373,0.7133308,0.67922896,0.12583202,-0.15243801,0.5274828,0.37961963,-0.13798797,-0.25872374,0.023893427,0.0028962123,802.6374,801.4286,801.8315,804.2491,835.2747,-0.45208740234375,0.03887939453125,0.89715576171875,3.790740966796875,-3.955230712890625,-0.657958984375,316703.2967032967,8.219377289377289E7,3.299113553113553E7,46.621235,1,1.0,1.0,1.0,1.0,65.00
2025-06-30 23:52:59.116,-0.23866238,-0.45711,1.101728,-0.050646123,-0.16083065,-0.23119484,0.81268454,-0.040976204,0.064336285,0.20636228,0.78582,0.43472186,0.049751483,-0.119845234,0.5681646,0.1822041,-0.1396021,-0.36310294,-0.09478325,0.0016015975,776.04395,789.7436,795.38464,790.14655,904.57874,-0.45111083984375,0.03399658203125,0.8931884765625,3.641204833984375,-3.970184326171875,-0.829925537109375,315897.4358974359,8.208014652014652E7,3.2924249084249083E7,47.039276,1,1.0,1.0,1.0,1.0,65.00
2025-06-30 23:53:00.118,0.27445173,-0.20884134,1.1868165,0.02068111,0.38567734,-0.25780883,0.78546,0.1749005,0.077361524,0.15332328,0.87477714,0.47902963,0.039804723,-0.097914375,0.5299561,0.13761635,-0.2896071,-0.55446845,-0.12718657,-0.11701091,775.2381,799.41394,811.9048,790.9524,686.1905,-0.453857421875,0.03839111328125,0.891357421875,3.75335693359375,-4.074859619140625,-0.7177734375,316703.2967032967,8.188029304029304E7,3.289120879120879E7,47.43546,1,1.0,1.0,1.0,1.0,65.00
2025-06-30 23:53:01.119,0.39042687,0.03920242,0.9545987,0.13907626,0.38310847,-0.28298867,0.6767407,0.11148177,0.14120218,-0.11242746,0.7367197,0.29760215,0.016598294,-0.13370012,0.44114703,0.028011933,-0.13964885,-0.43277726,-0.16213736,-0.10452503,778.0586,797.3993,801.8315,788.93774,700.696,-0.45489501953125,0.03839111328125,0.8916015625,4.269256591796875,-4.104766845703125,-0.49346923828125,316703.2967032967,8.191494505494505E7,3.2887179487179488E7,47.712097,1,1.0,1.0,1.0,1.0,65.00
2025-06-30 23:53:02.121,0.022066353,0.07589173,0.7788514,0.03746588,-0.12363623,-0.21688002,0.6721327,-0.3066649,0.5029832,0.06996548,0.84512615,0.6990273,0.18470359,-0.18318287,0.31057736,0.08078737,-0.28432363,-0.38975924,-0.21138334,-0.12595911,789.34064,795.78754,767.1795,798.20514,807.47253,-0.45050048828125,0.03515625,0.894775390625,3.416900634765625,-3.93280029296875,-0.725250244140625,316703.2967032967,8.208739926739927E7,3.2954871794871792E7,47.646824,1,1.0,1.0,1.0,1.0,65.00
2025-06-30 23:53:03.122,0.18138213,0.052599568,1.2377839,0.39175007,0.05704187,-0.3272834,0.7431939,0.08335885,0.45953232,4.526134E-4,1.011297,0.60388863,0.055437375,-0.13459785,0.5751009,0.10374229,-0.29706633,-0.3682204,-0.22035378,-0.263309,779.2674,799.41394,801.8315,785.7143,622.9304,-0.44866943359375,0.03558349609375,0.8948974609375,3.6187744140625,-4.044952392578125,-0.52337646484375,316703.2967032967,8.202534798534799E7,3.2926666666666664E7,47.41953,1,1.0,1.0,1.0,1.0,65.00
2025-06-30 23:53:04.127,-0.07195706,-0.40228486,1.1865054,0.09193396,-0.042653773,-0.31450793,1.0611104,0.024472179,0.34915566,-0.19276078,0.99330324,0.1746129,0.038043525,-0.19353175,0.6004009,0.14932579,-0.24083397,-0.5498132,-0.20578265,-0.07979309,784.5055,799.41394,780.87915,786.52014,637.03296,-0.45367431640625,0.03680419921875,0.89324951171875,3.820648193359375,-3.775787353515625,-0.59814453125,316703.2967032967,8.188190476190476E7,3.2917802197802197E7,47.594543,1,1.0,1.0,1.0,1.0,65.00
2025-06-30 23:53:05.130,0.11760158,-0.089781575,1.0431867,0.14635897,0.23847257,-0.048288304,0.6539264,-0.12823017,0.26060244,-0.04427983,0.63771963,0.4181267,-0.040937044,-0.20345397,0.4488977,0.16285953,-0.16520122,-0.40933964,-0.23080672,-0.099087104,790.9524,805.05493,799.81683,788.5348,733.3333,-0.449951171875,0.0428466796875,0.89752197265625,3.70849609375,-3.9178466796875,-0.770111083984375,315897.4358974359,8.188271062271062E7,3.2914578754578754E7,47.60185,1,1.0,1.0,1.0,1.0,65.00
2025-06-30 23:53:06.131,-0.043105382,-0.29402778,1.2122966,0.08344031,-0.23348798,-0.3521086,0.77736783,-0.24279614,0.11667583,0.015435317,0.5868382,0.4318298,0.09797438,-0.08786097,0.51963675,0.24483603,-0.23172027,-0.20727307,-0.07593684,-0.25204244,782.49084,805.05493,816.7399,795.38464,668.86444,-0.4508056640625,0.0377197265625,0.896484375,3.880462646484375,-4.224395751953125,-0.844879150390625,315897.4358974359,8.197054945054945E7,3.2949230769230768E7,47.61587,1,1.0,1.0,1.0,1.0,65.00
2025-06-30 23:53:07.133,0.017829586,-0.89536047,0.98130214,-0.03879661,0.172094,-0.3340533,0.93362343,0.030082455,0.26683456,-0.033895146,0.73197216,0.453204,0.10259266,-0.06861824,0.56580865,0.12609053,-0.3177897,-0.2504634,-0.05394373,-0.22843122,785.31134,799.011,824.3956,794.57874,657.5824,-0.45269775390625,0.038330078125,0.893798828125,4.239349365234375,-4.32159423828125,-0.59814453125,316703.2967032967,8.217201465201464E7,3.296212454212454E7,47.636353,1,1.0,1.0,1.0,1.0,65.00
2025-06-30 23:53:08.135,0.25185195,-0.39056244,0.9625864,0.039455388,0.23974597,-0.25778624,1.0858337,0.08910889,0.46312743,0.09919621,1.0950489,0.65700984,-0.009799536,-0.17390372,0.7796617,0.16496249,-0.3786482,-0.46969044,-0.024252003,-0.16426244,785.7143,794.57874,789.7436,799.011,788.93774,-0.4537353515625,0.0382080078125,0.89227294921875,3.87298583984375,-3.925323486328125,-0.58319091796875,317509.1575091575,8.213575091575092E7,3.2953260073260073E7,47.910835,1,1.0,1.0,1.0,1.0,65.00
2025-06-30 23:53:09.137,-0.18869646,-0.31554767,1.0543351,-0.055033322,-0.1625002,-0.37325737,0.84670067,0.120172225,0.45323285,0.10112404,1.0718186,0.65598595,-0.01678761,-0.07006159,0.626177,0.14923334,-0.34745646,-0.3290956,-0.029892517,-0.13517764,777.6557,800.2198,790.9524,788.1319,622.1245,-0.4522705078125,0.04052734375,0.8944091796875,3.566436767578125,-3.985137939453125,-0.79254150390625,316703.2967032967,8.199472527472527E7,3.2907326007326007E7,47.867752,1,1.0,1.0,1.0,1.0,65.00
2025-06-30 23:53:10.139,-0.27801335,-0.22365898,1.0193844,0.08219714,-0.20530394,-0.566563,0.78430325,-0.065433875,0.25944626,-0.010980455,0.80475235,0.25161156,0.06341974,-0.21335743,0.49310043,0.27417493,-0.40133473,-0.2704136,-0.120633826,-0.16858293,783.2967,796.99634,816.7399,792.96704,685.38464,-0.45391845703125,0.03857421875,0.8956298828125,3.551483154296875,-3.970184326171875,-1.233673095703125,316703.2967032967,8.192864468864469E7,3.2896849816849817E7,47.81547,1,1.0,1.0,1.0,1.0,65.00
2025-06-30 23:53:11.141,0.046998985,-0.0553167,0.82688147,0.12763934,-0.38813326,-0.16263233,1.0418581,-0.17617552,0.024783492,-0.04770334,1.1001672,0.2454984,0.1453086,0.0018817642,0.3709184,0.24798425,-0.41196832,-0.32149458,-0.13779238,-0.27987784,788.5348,797.3993,807.0696,800.2198,820.3663,-0.44940185546875,0.03973388671875,0.88885498046875,4.007568359375,-3.93280029296875,-0.82244873046875,317509.1575091575,8.194234432234432E7,3.2875091575091574E7,47.76193,1,1.0,1.0,1.0,1.0,65.00
2025-06-30 23:53:12.143,-0.065279126,-0.49186096,0.88914835,-0.3518053,-0.121605136,-0.26954767,1.0396342,0.09032121,0.15154505,-0.056928527,1.0174394,0.24689052,0.045464672,0.00273434,0.49663702,0.22104178,-0.33512884,-0.40863436,-0.0758371,-0.2123621,790.54944,801.8315,786.9231,791.3553,611.2454,-0.447998046875,0.037109375,0.90130615234375,3.551483154296875,-4.433746337890625,-0.83740234375,316703.2967032967,8.21462271062271E7,3.2913772893772893E7,47.807228,1,1.0,1.0,1.0,1.0,65.00
2025-06-30 23:53:13.145,-0.014177074,-0.5065537,1.2967644,0.026745975,-0.14825548,-0.39532265,0.7967766,0.18715993,0.36290583,-0.026101694,0.73974186,0.42440507,-0.113406405,-0.17738588,0.52805746,-0.024929881,-0.42086956,-0.40911764,-0.17024577,-0.13710298,803.44324,799.011,792.5641,805.05493,769.19415,-0.45343017578125,0.0367431640625,0.89385986328125,3.865509033203125,-4.26177978515625,-0.650482177734375,316703.2967032967,8.210432234432234E7,3.2908937728937726E7,47.66467,1,1.0,1.0,1.0,1.0,65.00
2025-06-30 23:53:14.146,0.108529285,-0.29619586,1.1061043,0.28326112,0.114431836,-0.31842196,0.893608,0.15330613,0.50018406,-0.08750509,0.7734783,0.50876004,-0.04504732,-0.13555104,0.66553533,0.09963056,-0.26405263,-0.37507433,0.038147185,-0.110488266,790.9524,796.99634,798.60803,805.8608,807.8755,-0.45501708984375,0.03594970703125,0.89605712890625,3.686065673828125,-4.089813232421875,-0.471038818359375,316703.2967032967,8.202615384615384E7,3.2877509157509156E7,47.67268,1,1.0,1.0,1.0,1.0,65.00
2025-06-30 23:53:15.147,0.046813138,-0.2868228,1.0193914,0.14549552,0.10728394,-0.47635517,0.6632055,0.062310014,0.4830505,-0.09120507,1.0353297,0.32438493,-0.08478792,-0.047565896,0.80952567,0.14454797,-0.100243665,-0.31907701,0.043038763,-0.11577796,789.7436,795.78754,813.1135,793.36993,683.36993,-0.4500732421875,0.03985595703125,0.89459228515625,3.828125,-4.239349365234375,-0.76263427734375,316703.2967032967,8.197216117216118E7,3.287025641025641E7,47.6744,1,1.0,1.0,1.0,1.0,65.00
2025-06-30 23:53:16.150,-0.018922033,-0.552834,1.0532706,0.022176804,-0.13416325,-0.6620643,1.0602605,-0.013263582,0.4074404,0.024649719,1.382436,0.52746177,0.112885796,-0.03341571,0.7698368,0.2359593,-0.094232224,-0.28103566,0.17418449,0.029811425,786.1172,800.6227,758.315,789.34064,736.1539,-0.45086669921875,0.03839111328125,0.8931884765625,3.536529541015625,-3.63372802734375,-0.97198486328125,317509.1575091575,8.212688644688645E7,3.2898461538461536E7,47.678036,1,1.0,1.0,1.0,1.0,65.00
2025-06-30 23:53:17.152,-0.021938015,-0.23067185,1.3689771,0.056615543,0.105034485,0.01716855,1.3206029,0.058139402,0.45607337,0.096627414,1.3423436,0.6542663,0.13808866,-0.16606212,0.5950084,0.30664414,-0.30124575,-0.31070566,0.037775937,-0.1419879,794.17584,797.8022,761.13556,807.8755,838.49817,-0.45233154296875,0.03704833984375,0.89166259765625,3.910369873046875,-4.478607177734375,-0.785064697265625,316703.2967032967,8.23541391941392E7,3.2934725274725273E7,47.48116,1,1.0,1.0,1.0,1.0,65.00
2025-06-30 23:53:18.153,-0.18743038,-0.22092266,1.1286839,-0.03800437,0.045812257,-0.25340608,0.9834187,-0.026826993,0.2828321,-0.0115335975,1.0937284,0.52078474,0.013939852,-0.22981964,0.7118438,0.30387685,-0.33097968,-0.43002692,-0.22040844,-0.34572452,792.1612,805.05493,811.9048,807.47253,756.30035,-0.4515380859375,0.03692626953125,0.89154052734375,3.75335693359375,-4.0374755859375,-0.6878662109375,316703.2967032967,8.212285714285713E7,3.2913772893772893E7,47.588245,1,1.0,1.0,1.0,1.0,65.00
2025-06-30 23:53:19.155,-0.010965802,-0.17144534,1.1063434,0.13851063,-0.14261943,-0.19336659,0.8473284,-0.00842893,0.23047934,0.04771844,1.1593523,0.23152609,0.0022753885,-0.18030563,0.8624466,0.16399068,-0.13003768,-0.31019366,0.016676173,-0.23062102,805.8608,797.3993,791.75824,803.8461,887.25275,-0.45428466796875,0.036865234375,0.8929443359375,3.925323486328125,-4.0673828125,-0.650482177734375,316703.2967032967,8.20745054945055E7,3.2904908424908426E7,47.735508,1,1.0,1.0,1.0,1.0,65.00
2025-06-30 23:53:20.157,0.33921143,-0.18754207,1.2283015,0.30481443,-0.013268031,-0.29363152,0.7959134,-0.05283819,0.2644205,0.1707078,1.216345,0.15370524,-0.010850664,-0.04406009,0.7385591,0.11709604,-0.15163834,-0.30398795,0.044285234,-0.12825564,799.41394,790.14655,791.75824,808.68134,911.02563,-0.44921875,0.03802490234375,0.8966064453125,3.78326416015625,-3.887939453125,-1.0467529296875,316703.2967032967,8.190446886446886E7,3.2883150183150183E7,47.799843,1,1.0,1.0,1.0,1.0,65.00
2025-06-30 23:53:21.158,0.14395541,-0.37820113,1.2379149,0.4378057,-0.029931428,-0.28654066,0.94254005,0.17050946,0.3332639,0.105689615,1.0482742,0.3555428,0.02525647,0.08814061,0.71702605,0.26069143,-0.26828903,-0.39496452,0.06055241,-0.21839733,792.5641,797.8022,796.1905,791.3553,695.4579,-0.4544677734375,0.03948974609375,0.89398193359375,3.656158447265625,-3.46923828125,-0.83740234375,315897.4358974359,8.209062271062271E7,3.2885567765567765E7,47.874405,1,1.0,1.0,1.0,1.0,65.00
2025-06-30 23:53:22.159,-0.0905806,-0.3641464,1.3478078,0.18616283,-0.21543877,-0.14690198,1.1467724,-0.02646958,0.21510889,-0.11395805,1.1650101,0.3747179,0.14968827,-0.0373815,0.76395226,0.16232088,-0.34083626,-0.32040372,0.23895064,-0.2882526,803.44324,786.1172,779.67035,808.2784,807.47253,-0.45013427734375,0.039306640625,0.89501953125,3.835601806640625,-3.760833740234375,-1.07666015625,315091.5750915751,8.19407326007326E7,3.2854945054945055E7,47.874405,1,1.0,1.0,1.0,1.0,65.00
2025-06-30 23:53:23.160,0.26641434,-0.14926608,1.2712443,0.36591187,-0.12641303,-0.12082485,1.2259762,0.17647439,0.19016299,0.045589875,1.0465338,0.19735742,0.103339724,-0.10809624,0.6720351,0.08327164,-0.42611668,-0.31763563,0.22990398,-0.30642566,815.5311,796.1905,786.9231,811.0989,829.2308,-0.45147705078125,0.03887939453125,0.8929443359375,3.925323486328125,-3.880462646484375,-0.800018310546875,315897.4358974359,8.220424908424908E7,3.289120879120879E7,47.874405,1,1.0,1.0,1.0,1.0,65.00
2025-06-30 23:53:24.161,0.27723643,-0.05241352,1.2132012,0.057388913,0.112658516,-0.23163734,1.3102779,0.15680778,0.3559561,0.2503568,0.9422843,0.3265061,0.020491542,-0.028508367,0.6787355,0.12257817,-0.32767215,-0.31303546,0.2206987,-0.22292906,788.5348,792.1612,793.36993,784.90845,647.9121,-0.45074462890625,0.03961181640625,0.89312744140625,3.887939453125,-3.94775390625,-0.538330078125,317509.1575091575,8.202937728937729E7,3.289040293040293E7,47.874405,1,1.0,1.0,1.0,1.0,65.00
2025-06-30 23:53:25.161,0.18820606,-0.10156766,1.130748,-0.04542957,0.07687966,-0.335059,0.83881825,0.006529582,0.2655096,-0.08547996,0.9556238,0.43694854,0.11433016,-0.04632728,0.61985075,0.29579145,-0.24885838,-0.44340372,0.1758187,-0.002958807,820.3663,803.44324,789.7436,817.5458,865.09155,-0.45245361328125,0.04010009765625,0.8939208984375,3.521575927734375,-3.656158447265625,-1.21124267578125,317509.1575091575,8.211318681318681E7,3.289120879120879E7,47.62538,1,1.0,1.0,1.0,1.0,65.00
2025-06-30 23:53:26.163,0.101562634,-0.20104297,1.2975202,-0.038289312,-0.06529721,-0.17252195,0.8979534,-0.12352145,0.16385448,0.06394642,1.0186125,0.3258628,0.08352918,-0.055108,0.64958894,0.21169737,-0.1715732,-0.2649296,0.07826723,0.002580113,805.4579,796.1905,801.8315,805.4579,819.15753,-0.453857421875,0.04022216796875,0.89208984375,4.08233642578125,-3.686065673828125,-0.8074951171875,317509.1575091575,8.215428571428572E7,3.2898461538461536E7,47.083775,1,1.0,1.0,1.0,1.0,65.00
2025-06-30 23:53:27.165,0.16457602,-0.06887062,0.91592216,0.15060282,-0.16163419,-0.08879836,0.6471336,0.0858201,0.07635824,0.017291194,0.9337309,0.513372,0.12862141,0.03594761,0.49667913,0.14520508,-0.21755059,-0.3499814,-0.101927705,-0.18053475,821.978,800.2198,773.22345,817.9487,735.7509,-0.44830322265625,0.03851318359375,0.90167236328125,3.5888671875,-3.940277099609375,-0.635528564453125,316703.2967032967,8.228967032967032E7,3.2909743589743588E7,47.083775,1,1.0,1.0,1.0,1.0,65.00
2025-06-30 23:53:28.167,0.0738288,-0.36501905,0.877897,0.32969305,-0.0871278,-0.58512264,0.8539445,0.08054276,0.1631939,-0.18216935,0.95404905,0.44175422,0.11208434,-0.12727027,0.41043028,0.2799541,-0.36268076,-0.47644946,-0.07462053,-0.13745625,817.9487,801.4286,834.87177,820.3663,1164.0659,-0.45574951171875,0.03875732421875,0.89495849609375,3.6785888671875,-4.29168701171875,-0.635528564453125,315897.4358974359,8.216717948717949E7,3.2875897435897436E7,47.335144,1,1.0,1.0,1.0,1.0,65.00
2025-06-30 23:53:29.170,0.05553004,-0.27543572,1.1567037,0.14109649,-0.075579874,-0.46685544,1.0073174,0.004488255,0.48949817,0.07611703,0.95150304,0.3834897,-0.08978526,-0.09254658,0.4704999,0.21587165,-0.3204876,-0.45596254,-0.09992769,-0.19888411,807.0696,798.20514,799.011,804.2491,975.4945,-0.45220947265625,0.03802490234375,0.892822265625,3.60382080078125,-3.93280029296875,-0.785064697265625,315897.4358974359,8.210512820512821E7,3.2808205128205128E7,47.350666,1,1.0,1.0,1.0,1.0,65.00
2025-06-30 23:53:30.173,0.11453509,-0.36103243,0.9907203,0.14698496,0.10110052,-0.35042784,0.7257272,0.10762685,0.47031522,0.10458774,0.9243497,0.5072084,0.08171601,-0.04177792,0.45293164,0.2431949,-0.31997818,-0.45247787,-0.22280888,-0.22415665,816.337,795.78754,777.25275,805.05493,714.7985,-0.45672607421875,0.0362548828125,0.89129638671875,3.715972900390625,-4.015045166015625,-0.695343017578125,315897.4358974359,8.189721611721611E7,3.277194139194139E7,47.500435,1,1.0,1.0,1.0,1.0,65.00
2025-06-30 23:53:31.175,-0.0465651,-0.248471,0.95958304,0.114310995,-0.14653665,-0.07917708,0.6347086,0.082511716,0.3380358,0.25545722,1.1102619,0.57198364,0.15853769,-0.021453258,0.4377573,0.3000646,-0.35050538,-0.24815474,-0.16516912,-0.20536911,818.7546,796.1905,777.6557,809.4872,839.707,-0.44805908203125,0.03570556640625,0.8848876953125,3.8580322265625,-3.66363525390625,-0.95703125,317509.1575091575,8.192945054945055E7,3.278805860805861E7,47.722923,1,1.0,1.0,1.0,1.0,65.00
2025-06-30 23:53:32.176,-0.044666305,-0.120531,1.1256173,0.052040383,-0.0686209,-0.13343415,0.8094768,0.002499246,0.13208094,-0.015184101,0.90888655,0.53619945,0.25477523,0.071598105,0.44463515,0.28681615,-0.39310494,-0.2759436,-0.1945457,-0.2496601,806.6667,790.14655,799.41394,805.4579,871.9414,-0.451904296875,0.040283203125,0.895263671875,3.955230712890625,-4.42626953125,-0.67291259765625,317509.1575091575,8.201809523809524E7,3.2838827838827837E7,47.933197,1,1.0,1.0,1.0,1.0,65.00
2025-06-30 23:53:33.177,-0.022252442,-0.0038552405,0.8555782,0.030540878,-0.03631053,-0.34126964,0.72781444,-0.18429759,0.09436584,-0.1168732,0.80679446,0.16483086,0.3688685,0.02638963,0.39005828,0.2687149,-0.36379066,-0.28039885,-0.27204406,-0.2294007,808.68134,800.2198,814.3223,800.2198,610.4396,-0.45465087890625,0.03497314453125,0.893310546875,3.745880126953125,-3.596343994140625,-0.889739990234375,316703.2967032967,8.205677655677655E7,3.2849304029304028E7,47.82055,1,1.0,1.0,1.0,1.0,65.00
2025-06-30 23:53:34.180,0.122794025,-0.24674244,1.1188016,-0.010348499,-0.008077408,-0.42000058,0.8487531,-0.13061194,0.19382933,-0.16560128,1.0519272,0.3531531,0.24656576,0.0040710107,0.44263074,0.28912383,-0.35060918,-0.2871925,-0.20642607,-0.29817888,815.9341,794.57874,792.96704,800.6227,792.5641,-0.4527587890625,0.0357666015625,0.8919677734375,3.850555419921875,-4.26177978515625,-1.054229736328125,315897.4358974359,8.191655677655677E7,3.28581684981685E7,48.217884,1,1.0,1.0,1.0,1.0,65.00
2025-06-30 23:53:35.182,0.012935029,-0.117320865,0.86636084,0.07213783,-0.09275556,-0.24451832,0.81748396,-0.19880272,0.29401818,-0.13789782,1.0167756,0.7198404,0.25231236,0.0013120957,0.41477445,0.36442772,-0.47606114,-0.3036494,-0.16168419,-0.18257117,796.99634,790.9524,790.14655,797.3993,814.7253,-0.45196533203125,0.03704833984375,0.88909912109375,3.72344970703125,-4.329071044921875,-0.95703125,316703.2967032967,8.186578754578754E7,3.2854139194139194E7,48.217884,1,1.0,1.0,1.0,1.0,65.00
2025-06-30 23:53:36.184,0.09151152,-0.037876785,0.9380471,0.03825384,-0.1408971,-0.43601775,0.65839106,0.114185326,0.43096378,0.14064614,0.55986327,0.69938374,0.13630444,-0.08600544,0.26278472,0.18153226,-0.3913248,-0.27519676,-0.14692223,-0.18960172,808.68134,803.0403,790.54944,795.78754,723.663,-0.45343017578125,0.03759765625,0.89111328125,3.828125,-3.985137939453125,-0.49346923828125,315897.4358974359,8.192380952380952E7,3.2845274725274723E7,48.20978,1,1.0,1.0,1.0,1.0,65.00
2025-06-30 23:53:37.186,0.018671583,-0.13696072,1.154738,-0.08650174,-0.15538482,-0.3162016,0.6550625,0.017979695,0.43483946,0.20424645,0.56153655,0.58420163,0.0038178829,-0.13040341,0.3047017,0.1856897,-0.35323402,-0.32922235,-0.22215576,-0.21245414,812.3077,800.6227,794.57874,809.89014,845.34796,-0.45306396484375,0.03912353515625,0.8922119140625,3.701019287109375,-3.4393310546875,-1.009368896484375,316703.2967032967,8.204227106227106E7,3.2853333333333332E7,48.031548,1,1.0,1.0,1.0,1.0,65.00
2025-06-30 23:53:38.187,0.10961698,-0.4038266,0.9024618,0.21944298,-0.02926097,-0.22485027,0.6413493,0.06270257,0.17563796,-0.0060925363,0.6801863,0.5260867,-0.05556488,-0.10688256,0.35230893,0.36141917,-0.20208336,-0.32887277,-0.12472749,-0.10323668,796.5934,791.3553,798.60803,796.99634,976.7033,-0.45135498046875,0.0411376953125,0.8924560546875,3.93280029296875,-3.686065673828125,-0.859832763671875,316703.2967032967,8.1996336996337E7,3.288153846153846E7,48.643505,1,1.0,1.0,1.0,1.0,65.00
2025-06-30 23:53:39.188,0.29241213,-0.54661095,0.85060316,0.23952903,-0.045641106,-0.42642966,0.7144141,-0.20730044,0.11157858,0.028413072,0.6059609,0.31225073,0.17062566,0.01970385,0.4610261,0.27439576,-0.05735381,-0.41584498,-0.14006819,-0.09202646,798.60803,800.6227,793.36993,800.6227,606.4103,-0.4510498046875,0.03619384765625,0.891357421875,3.686065673828125,-3.835601806640625,-0.770111083984375,316703.2967032967,8.188673992673993E7,3.2875091575091574E7,48.643505,1,1.0,1.0,1.0,1.0,65.00
2025-06-30 23:53:40.191,0.10394474,-0.3505716,0.90155905,0.15080252,-0.4611768,-0.39288947,0.7701356,-0.2031458,0.10321419,-0.09708527,0.87336934,0.25093538,0.24955109,0.1843291,0.4769774,0.30074278,-0.29954723,-0.42892763,-0.32511947,-0.19634254,805.8608,794.57874,816.7399,807.8755,998.46155,-0.45111083984375,0.0330810546875,0.8951416015625,3.7982177734375,-4.149627685546875,-0.67291259765625,315897.4358974359,8.18254945054945E7,3.285091575091575E7,48.389614,1,1.0,1.0,1.0,1.0,65.00
2025-06-30 23:53:41.193,-0.19793722,-0.3621988,1.122078,0.1009977,-0.3358301,-0.41611093,0.78895307,-0.08303603,-0.02158965,0.09435018,0.8954069,0.15857111,0.26201862,0.0806926,0.30425772,0.36593634,-0.38626733,-0.27772453,-0.28547436,-0.096921735,796.5934,798.60803,789.7436,797.8022,813.1135,-0.4517822265625,0.0347900390625,0.89404296875,3.69354248046875,-4.149627685546875,-0.61309814453125,316703.2967032967,8.180615384615384E7,3.281948717948718E7,48.386566,1,1.0,1.0,1.0,1.0,65.00
2025-06-30 23:53:42.194,0.17119,-0.5326626,1.0380347,0.121698074,-0.024084872,-0.36760986,0.78832036,-0.046042845,-0.19541757,0.1264163,0.9621683,0.50221753,0.28044993,-0.04765199,0.2764961,0.4329306,-0.3247042,-0.28877652,-0.16866584,-0.05364144,801.4286,801.02563,768.7912,790.9524,673.2967,-0.45159912109375,0.03778076171875,0.89349365234375,3.529052734375,-3.648681640625,-1.248626708984375,316703.2967032967,8.183838827838828E7,3.28210989010989E7,48.716076,1,1.0,1.0,1.0,1.0,65.00
2025-06-30 23:53:43.203,0.18311624,0.010359913,0.9500838,0.042273074,-0.11682472,-0.34219348,0.93681884,-0.013967324,0.098922566,0.012942862,0.84326375,0.44547495,0.24112491,0.056603137,0.37789392,0.3596685,-0.15179802,-0.19485027,0.006755468,-0.0025177328,780.87915,799.41394,792.5641,794.17584,618.49817,-0.44952392578125,0.0347900390625,0.89495849609375,3.686065673828125,-3.99261474609375,-0.657958984375,316703.2967032967,8.197941391941392E7,3.284043956043956E7,48.716076,1,1.0,1.0,1.0,1.0,65.00
2025-06-30 23:53:44.204,0.05965343,-0.19678046,0.9977237,0.12570395,-0.09534144,-0.28302458,0.8753631,0.20286909,0.439321,0.055727135,0.790975,0.2697863,0.20880798,0.038050957,0.29180762,0.33392912,-0.16114457,-0.3898345,-0.19332178,0.011551439,786.52014,798.20514,808.2784,799.41394,738.5714,-0.4530029296875,0.03436279296875,0.89459228515625,3.641204833984375,-4.14215087890625,-0.59814453125,316703.2967032967,8.18585347985348E7,3.2843663003663003E7,48.335926,1,1.0,1.0,1.0,1.0,65.00
2025-06-30 23:53:45.204,0.10258796,-0.266465,1.1654845,0.04593987,0.035472285,-0.22486109,0.59290576,0.19514634,0.49336624,0.1259795,0.81174356,0.69513994,0.30322963,0.09168204,0.36368814,0.39421493,-0.24112195,-0.4295145,-0.13909978,-0.07131804,780.07324,795.78754,792.96704,784.5055,646.30035,-0.45361328125,0.032958984375,0.8936767578125,3.775787353515625,-3.910369873046875,-0.859832763671875,316703.2967032967,8.168527472527473E7,3.2823516483516484E7,48.335926,1,1.0,1.0,1.0,1.0,65.00
2025-06-30 23:53:46.206,0.110289924,-0.35378808,0.93522006,-0.17538655,0.022556832,-0.1960011,0.7715946,0.15357961,0.4314222,0.021950876,0.81755763,0.9270347,0.26716027,0.15856539,0.45910102,0.45136777,-0.24609214,-0.32169604,-0.10148249,-0.0819575,772.8205,786.1172,784.10254,793.36993,720.4396,-0.454833984375,0.03570556640625,0.88983154296875,3.5589599609375,-4.08233642578125,-0.34393310546875,316703.2967032967,8.160065934065934E7,3.2833992673992675E7,48.661312,1,1.0,1.0,1.0,1.0,65.00
2025-06-30 23:53:47.212,0.10413893,-0.087720305,1.1205567,-0.08731399,-0.042594314,-0.25807005,0.6126624,-0.08949335,0.24102752,0.02028116,0.89142674,0.76676124,0.18527538,0.059608586,0.5878459,0.25894874,-0.12855029,-0.43948337,-0.14489819,-0.055238437,792.96704,798.60803,798.20514,796.5934,858.24176,-0.45245361328125,0.034423828125,0.896728515625,4.0972900390625,-4.05242919921875,-0.79254150390625,317509.1575091575,8.176263736263736E7,3.2862197802197803E7,48.906128,1,1.0,1.0,1.0,1.0,65.00
2025-06-30 23:53:48.214,-0.1003316,-0.005348367,0.8907082,-0.20528798,0.20796709,-0.16050471,0.9242635,0.16546555,0.31849718,0.20023501,0.92248815,0.34956414,0.36875,0.095061265,0.59213495,0.27036652,-0.15365224,-0.5332855,-0.06423476,-0.11220385,790.14655,801.8315,809.89014,796.99634,703.1135,-0.45477294921875,0.03179931640625,0.8876953125,3.96270751953125,-4.493560791015625,-0.575714111328125,315897.4358974359,8.169897435897435E7,3.2823516483516484E7,48.663563,1,1.0,1.0,1.0,1.0,65.00
2025-06-30 23:53:49.216,-0.2808345,0.028468981,0.7350718,-0.2312488,0.024852648,-0.23666456,0.7153135,0.09533936,0.42551285,0.23781364,0.8539988,0.5395393,0.28957412,0.076067634,0.48981586,0.28890198,-0.4376905,-0.34961447,-0.0124777425,-0.2741242,787.72894,803.44324,805.8608,794.17584,678.93774,-0.45361328125,0.0340576171875,0.89215087890625,3.828125,-4.059906005859375,-0.59814453125,316703.2967032967,8.199714285714285E7,3.2883150183150183E7,48.663563,1,1.0,1.0,1.0,1.0,65.00
2025-06-30 23:53:50.218,-0.10888542,-0.12273315,1.0284214,-0.067155875,-0.12858586,-0.29728535,0.6725268,-0.1735722,0.49615523,0.21450084,0.6697484,0.5282006,0.19732338,-0.038640816,0.37346223,0.34301326,-0.47709525,-0.36688185,-0.106923245,-0.17204194,787.326,792.5641,803.44324,795.78754,711.5751,-0.453125,0.0345458984375,0.89337158203125,3.6785888671875,-3.730926513671875,-1.136474609375,315897.4358974359,8.171992673992674E7,3.2854945054945055E7,48.663563,1,1.0,1.0,1.0,1.0,65.00
2025-06-30 23:53:51.221,0.102734216,-0.524481,0.79225045,0.35314038,0.076264575,-0.22501844,0.5009386,0.25441793,0.37937343,0.21744381,0.6221798,0.6010437,0.08205431,-0.073573634,0.26498303,0.20259108,-0.3249038,-0.37355378,-0.22601466,-0.058741365,788.5348,803.8461,780.4762,786.1172,685.38464,-0.451416015625,0.03314208984375,0.89056396484375,3.730926513671875,-3.887939453125,-0.9271240234375,316703.2967032967,8.163934065934065E7,3.2813846153846152E7,48.26615,1,1.0,1.0,1.0,1.0,65.00
2025-06-30 23:53:52.223,0.17271224,-0.5294359,0.8991094,0.37406486,0.09622367,-0.5120478,0.8356596,0.30634588,0.25869104,-0.06074282,0.8524932,0.48630744,0.069054276,-0.043590434,0.21087962,0.08866472,-0.39224494,-0.53830135,-0.25812778,-0.057729498,780.87915,797.8022,782.8938,792.1612,678.5348,-0.45806884765625,0.03399658203125,0.89208984375,3.910369873046875,-3.895416259765625,-0.575714111328125,315897.4358974359,8.161758241758242E7,3.281304029304029E7,47.952755,1,1.0,1.0,1.0,1.0,65.00
2025-06-30 23:53:53.226,-0.17241816,-0.2516257,0.9558953,0.12872931,-0.16129076,-0.6586332,0.54628354,0.030299282,0.20127366,-0.08467709,0.81785494,0.3782355,-0.0011720222,0.005641065,0.1900497,0.21314871,-0.30215585,-0.47008497,-0.21023709,0.12850147,791.3553,796.99634,776.04395,794.57874,891.28204,-0.45367431640625,0.03240966796875,0.8858642578125,3.63372802734375,-4.0374755859375,-1.00189208984375,315897.4358974359,8.158857142857143E7,3.280095238095238E7,47.835163,1,1.0,1.0,1.0,1.0,65.00
2025-06-30 23:53:54.227,-0.050358556,-0.14570084,1.21473,0.04074327,0.014960785,-0.46981776,0.5462576,-0.057782367,0.38495103,0.039787445,0.6930988,0.4987044,0.106522545,-0.07333262,0.31178927,0.28081056,-0.32697034,-0.50511324,-0.17361906,0.03552546,792.5641,806.6667,813.5165,813.5165,690.6227,-0.454345703125,0.0374755859375,0.9010009765625,3.805694580078125,-4.299163818359375,-0.49346923828125,317509.1575091575,8.187626373626374E7,3.2862197802197803E7,48.55563,1,1.0,1.0,1.0,1.0,65.00
2025-06-30 23:53:55.229,0.12386304,-0.18912773,0.9175251,0.24182862,0.09214806,-0.23262903,0.66230166,-0.10018312,0.33011365,-0.001034789,0.7792739,0.44502014,0.045762263,-0.1155151,0.38340843,0.2292034,-0.2129638,-0.35346624,-0.2115774,-0.11523714,783.2967,803.0403,810.696,792.5641,659.19415,-0.45367431640625,0.037841796875,0.89202880859375,3.701019287109375,-4.015045166015625,-0.8074951171875,317509.1575091575,8.17247619047619E7,3.2885567765567765E7,48.55563,1,1.0,1.0,1.0,1.0,60.00
2025-06-30 23:53:56.232,0.2263781,-0.31304014,1.216724,0.2564168,-0.12351936,-0.22381355,0.9052446,-0.017922102,0.12365387,0.1402827,0.933885,0.71465856,0.0668449,0.13413231,0.18910739,0.18589339,-0.18930216,-0.22167145,-0.22921117,-0.17505075,793.7729,802.6374,811.0989,811.0989,709.9634,-0.45562744140625,0.03680419921875,0.89154052734375,3.70849609375,-3.790740966796875,-0.64300537109375,316703.2967032967,8.16941391941392E7,3.290249084249084E7,48.101257,1,1.0,1.0,1.0,1.0,60.00
2025-06-30 23:53:57.234,0.51402897,-0.20965683,1.1475489,0.23149253,0.078216225,-0.2697324,0.75068194,0.0061865225,0.23002884,0.052499853,0.87970227,0.5870915,0.083771795,0.14461724,0.20756356,0.30588508,-0.08272214,-0.059415765,-0.112502865,-0.05565837,786.52014,800.6227,796.1905,804.65204,751.06226,-0.45623779296875,0.041015625,0.88916015625,3.90289306640625,-3.865509033203125,-0.485992431640625,317509.1575091575,8.169655677655677E7,3.289201465201465E7,48.046722,1,1.0,1.0,1.0,1.0,60.00
2025-06-30 23:53:58.236,0.18499178,-0.20097475,1.1075932,0.058196854,-0.0860702,-0.4702671,0.51356065,0.15561372,0.36889216,0.0041074823,0.80539715,0.6648208,0.13247375,-0.030100096,0.49474335,0.347141,-0.18844222,-0.11375333,-0.018428272,-0.120500654,788.5348,802.6374,779.67035,790.9524,830.0366,-0.455810546875,0.03436279296875,0.889892578125,3.805694580078125,-3.84307861328125,-0.889739990234375,315897.4358974359,8.16917216117216E7,3.2907326007326007E7,47.78207,1,1.0,1.0,1.0,1.0,60.00
2025-06-30 23:53:59.238,-0.08817918,-0.19430935,1.0825087,0.044615775,-0.05841908,-0.31006333,0.8732255,0.076572806,0.36390474,-0.014386521,0.8119002,0.6423737,0.19506276,-0.07480373,0.44317386,0.27377003,-0.20980711,-0.34720913,-0.16827959,-0.23017763,800.2198,801.02563,794.17584,817.1429,875.56775,-0.4505615234375,0.03399658203125,0.8955078125,3.7982177734375,-3.9178466796875,-1.143951416015625,315897.4358974359,8.157406593406594E7,3.2878315018315017E7,47.78207,1,1.0,1.0,1.0,1.0,60.00
2025-06-30 23:54:00.239,0.0022222197,-0.25572306,1.022124,-0.40611327,-0.10892145,-0.20457317,0.7687857,-0.17942281,0.06340332,0.013184309,0.85390836,0.16983229,0.12569575,-0.25568283,0.4193259,0.30374026,-0.17051333,-0.43760943,-0.24645145,-0.12301581,796.5934,804.2491,806.6667,805.05493,807.47253,-0.45416259765625,0.0341796875,0.89422607421875,3.70849609375,-4.23187255859375,-0.471038818359375,317509.1575091575,8.166593406593406E7,3.2867838827838827E7,49.506023,1,1.0,1.0,1.0,1.0,60.00
2025-06-30 23:54:01.240,0.2053522,-0.19101767,0.7388793,0.0746016,0.06255076,-0.055688906,0.6449703,0.0809024,0.30719352,0.027358906,0.71662235,0.6182763,0.21627118,-0.14886355,0.34695294,0.3568974,-0.22372529,-0.34659266,-0.3122987,-0.15385576,800.6227,787.326,778.0586,816.7399,758.315,-0.45721435546875,0.0350341796875,0.8914794921875,3.9178466796875,-3.9178466796875,-0.7476806640625,316703.2967032967,8.166996336996336E7,3.2855750915750913E7,52.127987,1,1.0,1.0,1.0,1.0,60.00
2025-06-30 23:54:02.242,0.15074246,0.08343527,0.8871141,0.20408666,-0.0017240662,-0.008797203,0.63380474,0.052086823,0.2123828,0.22262613,0.5893698,0.6176144,0.21390237,0.051806685,0.33475885,0.24698286,-0.176405,-0.27765113,-0.23456855,-0.01637817,803.44324,807.0696,817.1429,805.4579,868.315,-0.4525146484375,0.03411865234375,0.89227294921875,3.60382080078125,-3.887939453125,-0.82244873046875,315091.5750915751,8.164739926739927E7,3.2827545787545785E7,52.423,1,1.0,1.0,1.0,1.0,60.00
2025-06-30 23:54:03.244,-0.1826114,-0.0706896,0.8143475,-0.1259603,-0.031052193,-0.18983418,0.59531194,-0.071900256,0.10216487,0.18512663,0.3622292,0.43880385,0.058984663,0.09705078,0.4052416,0.26946577,-0.117646545,-0.535517,-0.24561583,0.011079143,803.44324,805.05493,806.6667,810.696,662.01465,-0.4554443359375,0.0338134765625,0.89239501953125,3.7384033203125,-3.820648193359375,-0.76263427734375,315897.4358974359,8.155875457875457E7,3.280901098901099E7,52.423,1,1.0,1.0,1.0,1.0,60.00
2025-06-30 23:54:04.246,-0.14013591,-0.31466863,1.1173935,-0.1347967,-0.06915271,-0.28408143,0.6200711,-0.066228814,0.13057935,0.019483622,0.7726077,0.2064225,0.101033345,0.08733709,0.3445984,0.25106844,-0.17357075,-0.48523113,-0.24968387,-0.09374284,809.89014,792.5641,788.1319,820.3663,1074.2124,-0.4530029296875,0.03424072265625,0.889892578125,3.940277099609375,-3.476715087890625,-1.054229736328125,316703.2967032967,8.164417582417582E7,3.2865421245421246E7,52.423,1,1.0,1.0,1.0,1.0,60.00
2025-06-30 23:54:05.250,0.11743932,-0.26758873,0.8897127,0.08014292,-0.28164968,-0.3811613,0.40725932,-0.331561,0.15018712,0.029061925,0.7854656,0.35192016,0.09362142,0.05434231,0.42403045,0.19102266,-0.17632724,-0.2784811,-0.04010784,-0.025933506,811.0989,801.02563,820.7692,811.50183,733.73627,-0.4586181640625,0.03564453125,0.894287109375,3.99261474609375,-4.254302978515625,-0.426177978515625,316703.2967032967,8.186095238095237E7,3.288959706959707E7,52.423,1,1.0,1.0,1.0,1.0,60.00
2025-06-30 23:54:06.252,0.30150476,-0.32331678,0.9336633,0.14036682,0.023670416,-0.43325385,0.64028394,-0.10773042,0.28205562,-0.110853106,1.0021886,0.43139026,0.18478636,0.10438509,0.47246972,0.32378644,-0.24266028,-0.49593514,0.044962056,-0.1443518,812.3077,800.2198,776.8498,805.05493,663.22345,-0.45684814453125,0.03265380859375,0.8900146484375,3.70849609375,-3.81317138671875,-0.8673095703125,315897.4358974359,8.157406593406594E7,3.2865421245421246E7,52.423,1,1.0,1.0,1.0,1.0,65.00
2025-06-30 23:54:07.254,-0.04176498,-0.09454916,0.8988099,-0.10735092,-0.1067183,-0.30710933,0.44464704,-0.034351356,0.28730363,-0.23902953,1.0627213,0.47399762,0.15402193,0.05073335,0.47989208,0.3506186,-0.18760906,-0.33344606,-0.050159544,-0.2664355,813.91943,805.05493,793.7729,822.381,867.50916,-0.4573974609375,0.0323486328125,0.8939208984375,3.9178466796875,-4.2767333984375,-0.6280517578125,316703.2967032967,8.169978021978022E7,3.2906520146520145E7,52.423,1,1.0,1.0,1.0,1.0,65.00
2025-06-30 23:54:08.255,-0.0030396413,0.039157897,0.929148,0.02459016,-0.14122398,-0.29181996,0.3793532,-0.0051303096,0.19113885,-0.034072805,0.78471273,0.42193136,0.039051678,-0.003603252,0.27529275,0.27195027,-0.07389991,-0.20627242,-0.20226127,-0.07072056,814.7253,805.4579,821.978,813.5165,792.1612,-0.4559326171875,0.0369873046875,0.892333984375,3.99261474609375,-3.955230712890625,-0.500946044921875,315897.4358974359,8.171831501831502E7,3.2904102564102564E7,52.423,1,1.0,1.0,1.0,1.0,65.00
2025-06-30 23:54:09.259,-0.059488412,-0.32567,1.1001263,0.14880739,-0.14088495,-0.44676638,0.6198764,0.018106937,0.092687465,0.030888598,0.88306886,0.3476746,0.112101525,0.03710286,0.31359076,0.31700838,-0.08267754,-0.21471533,-0.21609128,-0.14732689,811.9048,794.17584,801.02563,801.02563,637.8388,-0.45208740234375,0.0340576171875,0.89141845703125,3.7384033203125,-4.1571044921875,-0.770111083984375,316703.2967032967,8.177553113553113E7,3.287912087912088E7,51.609573,1,1.0,1.0,1.0,1.0,65.00
2025-06-30 23:54:10.261,-0.31687647,-0.15680835,1.0446529,-0.15136588,-0.30237895,-0.39234656,0.39712217,0.04336857,0.39598164,0.03347341,0.86259496,0.49139148,0.10769869,-0.033683177,0.31866363,0.25788626,-0.19675733,-0.1243848,-0.12468545,-0.05306658,818.7546,796.5934,795.78754,819.15753,1002.8938,-0.4544677734375,0.0357666015625,0.8939208984375,3.529052734375,-4.127197265625,-0.800018310546875,317509.1575091575,8.160791208791208E7,3.2822710622710623E7,50.285564,1,1.0,1.0,1.0,1.0,65.00
2025-06-30 23:54:11.263,-0.087801486,-0.47278228,0.80956227,-0.038559373,-0.044758532,-0.11439595,0.4046805,0.22514841,0.41565672,0.022051847,0.8727858,0.31989408,0.12038195,-0.107218206,0.36472592,0.2708125,-0.16920772,-0.20963672,-0.25650424,-0.020813946,824.3956,796.1905,800.2198,815.9341,880.0,-0.4576416015625,0.03387451171875,0.8865966796875,3.611297607421875,-3.596343994140625,-1.128997802734375,316703.2967032967,8.195040293040293E7,3.2863809523809522E7,50.285564,1,1.0,1.0,1.0,1.0,65.00
2025-06-30 23:54:12.266,0.14707771,-0.3112659,0.6663943,0.13243295,0.040458906,-0.5326705,0.45764205,0.13871565,0.34416002,-0.14617918,0.44398752,0.38634977,0.15783277,0.11257986,0.24415621,0.29768768,-0.23148273,-0.31166884,-0.1931381,-0.10538603,815.9341,809.4872,798.60803,809.4872,651.53845,-0.4559326171875,0.03326416015625,0.89654541015625,3.63372802734375,-4.074859619140625,-0.605621337890625,316703.2967032967,8.188109890109889E7,3.2872673992673993E7,50.285564,1,1.0,1.0,1.0,1.0,65.00
2025-06-30 23:54:13.269,0.18170446,0.20472574,0.8621304,0.27181563,-0.29975405,-0.26555684,0.35213858,0.013757225,0.13443871,0.0032446657,0.40791133,0.47877815,0.09542778,0.117705524,0.23806547,0.18511298,-0.20084946,-0.39375603,-0.11014446,0.054695193,816.337,805.4579,798.60803,807.0696,875.56775,-0.454345703125,0.0328369140625,0.89190673828125,3.820648193359375,-3.6187744140625,-0.964508056640625,316703.2967032967,8.175296703296703E7,3.2854139194139194E7,49.16786,1,1.0,1.0,1.0,1.0,65.00
2025-06-30 23:54:14.271,0.26738077,0.12286101,1.0578849,0.20643808,-0.099399984,-0.007732233,0.40367493,0.21084373,0.29523945,-0.026371373,0.6445792,0.5739427,0.15547062,0.044664793,0.3973068,0.23702192,-0.25071964,-0.3013351,-0.15734474,0.01682389,810.696,795.38464,801.4286,806.6667,940.84247,-0.45635986328125,0.03167724609375,0.890869140625,3.96270751953125,-3.93280029296875,-0.590667724609375,316703.2967032967,8.157245421245421E7,3.282915750915751E7,49.16786,1,1.0,1.0,1.0,1.0,65.00
2025-06-30 23:54:15.272,0.31336612,0.08281991,1.0341005,0.13139497,-0.31852823,-0.3143738,0.07431462,0.11991246,0.17302643,-0.21094242,0.43940273,0.5302337,0.124530815,0.008897738,0.29472712,0.22223762,-0.38306865,-0.4386427,-0.03378732,-0.092540085,816.337,801.8315,798.60803,805.4579,636.63007,-0.4547119140625,0.03631591796875,0.89385986328125,3.768310546875,-4.20196533203125,-0.5084228515625,316703.2967032967,8.158051282051282E7,3.2823516483516484E7,49.16786,1,1.0,1.0,1.0,1.0,65.00
2025-06-30 23:54:16.273,0.09504714,-0.3258418,0.91227776,-0.45065403,-0.24314533,-0.29744494,0.41176906,-0.011634986,0.40617335,0.01707784,0.6796414,0.384407,0.12724648,0.04964116,0.31153145,0.20069806,-0.44675946,-0.49135607,-0.09155777,-0.12160115,818.3516,804.65204,814.3223,811.50183,731.31866,-0.45501708984375,0.034423828125,0.89483642578125,3.39447021484375,-4.044952392578125,-0.6878662109375,317509.1575091575,8.190205128205128E7,3.2844468864468865E7,49.16786,1,1.0,1.0,1.0,1.0,65.00
2025-06-30 23:54:17.275,-0.12974723,-0.36848453,0.99952364,-0.32800895,-0.18659218,-0.28142267,0.5698148,0.04444798,0.41684902,-0.046971086,0.6565532,0.40384397,0.115891665,0.12005894,0.124144584,0.16755268,-0.4000181,-0.39628467,-0.2608598,-0.16449837,821.1722,804.65204,812.71063,818.3516,881.6117,-0.46026611328125,0.04022216796875,0.89288330078125,3.81317138671875,-4.2767333984375,-0.35888671875,316703.2967032967,8.173765567765568E7,3.283157509157509E7,48.222385,1,1.0,1.0,1.0,1.0,65.00
2025-06-30 23:54:18.277,0.07641984,-0.42707974,0.9116686,0.08236229,-0.04808041,-0.35264698,0.5916152,0.13978091,0.12850982,-0.047258005,0.55537933,0.4464088,0.12385623,0.08617202,0.25497442,0.27742773,-0.3745976,-0.3444178,-0.16441016,-0.18123034,805.05493,800.6227,805.8608,790.14655,646.7033,-0.456298828125,0.0325927734375,0.89251708984375,3.70849609375,-3.745880126953125,-0.575714111328125,316703.2967032967,8.173443223443224E7,3.2794505494505495E7,48.222385,1,1.0,1.0,1.0,1.0,65.00
2025-06-30 23:54:19.282,0.2848356,-0.1401749,0.89911616,0.28012988,0.12911163,-0.25135955,0.6943717,0.07020623,0.4125702,-0.05158081,0.52513707,0.6706703,0.21669441,0.044731632,0.38970426,0.3406404,-0.13581978,-0.22501214,-0.29714692,-0.19100934,816.337,805.4579,803.0403,799.41394,800.2198,-0.455810546875,0.03424072265625,0.89190673828125,3.75335693359375,-4.000091552734375,-0.67291259765625,316703.2967032967,8.16095238095238E7,3.278805860805861E7,48.222385,1,1.0,1.0,1.0,1.0,65.00
2025-06-30 23:54:20.284,-0.03246032,-0.18812248,0.46968722,-0.14413083,0.038829274,-0.3911631,0.42278004,-0.17828101,0.38050845,0.04417117,0.78763294,0.73585075,0.17564695,0.007128674,0.3906267,0.3342368,-0.2890722,-0.32871544,-0.32986796,-0.21632957,794.17584,786.9231,788.93774,796.5934,888.0586,-0.45733642578125,0.0323486328125,0.89239501953125,3.9178466796875,-3.81317138671875,-0.650482177734375,316703.2967032967,8.164175824175824E7,3.2777582417582415E7,48.191925,1,1.0,1.0,1.0,1.0,65.00
2025-06-30 23:54:21.286,-0.09486213,-0.08286642,1.0815268,0.13428357,-0.03153006,0.011384945,0.4931665,0.057204213,0.23823948,0.16955307,0.8819372,0.49504256,0.22506692,0.11178514,0.3638453,0.31024858,-0.32174912,-0.3709133,-0.19278382,-0.20001459,801.8315,792.96704,782.49084,788.5348,696.26373,-0.45654296875,0.03277587890625,0.890625,3.596343994140625,-3.566436767578125,-1.15142822265625,315897.4358974359,8.171589743589744E7,3.279047619047619E7,47.362583,1,1.0,1.0,1.0,1.0,65.00
2025-06-30 23:54:22.291,-0.040672347,-0.12835738,1.1699178,-0.127006,-0.16175297,-0.22992957,0.45304957,-0.07686482,0.2316105,0.06851649,0.5334691,0.45755938,0.26922756,0.12443696,0.43481445,0.33363423,-0.50611025,-0.37697947,-0.091452844,-0.12266636,783.69965,794.57874,799.011,791.3553,603.9927,-0.45733642578125,0.0341796875,0.89013671875,4.029998779296875,-3.6187744140625,-0.82244873046875,316703.2967032967,8.174571428571428E7,3.2787252747252747E7,47.367294,1,1.0,1.0,1.0,1.0,65.00
2025-06-30 23:54:23.292,0.0632864,-0.23714402,0.6200213,-0.16626506,-0.17439409,-0.39539868,0.394176,-0.30102387,0.26340696,-0.0037148546,0.54329413,0.3877881,0.24659228,0.069763,0.25518817,0.2950724,-0.26818585,-0.43434158,-0.21976197,-0.058464147,794.17584,793.7729,784.90845,794.57874,754.68866,-0.45849609375,0.0301513671875,0.89178466796875,3.63372802734375,-4.224395751953125,-0.919647216796875,316703.2967032967,8.167157509157509E7,3.280901098901099E7,48.27672,1,1.0,1.0,1.0,1.0,65.00
2025-06-30 23:54:24.294,0.10399018,-0.59732944,0.35834345,0.022740684,-0.09187228,-0.59408325,0.213248,-0.08551634,0.107716285,-0.02801628,0.42904672,0.19774467,0.2297059,0.06485367,0.3479951,0.32293507,-0.10941229,-0.25344062,-0.16869205,-0.03191928,796.1905,792.96704,793.36993,786.52014,597.1429,-0.4583740234375,0.02935791015625,0.88946533203125,3.828125,-4.05242919921875,-0.814971923828125,315897.4358974359,8.153457875457875E7,3.2787252747252747E7,49.05931,1,1.0,1.0,1.0,1.0,65.00
2025-06-30 23:54:25.296,-0.0930081,-0.437169,0.23844346,-0.021757346,-0.0038523234,-0.5467072,0.43672216,-0.119872,-0.097058706,-0.075899296,0.35337394,0.34457698,0.12193034,-0.085823715,0.23876403,0.24374163,-0.17638747,-0.26101384,-0.11521868,-0.017175062,782.8938,806.26373,810.293,791.3553,737.3626,-0.4520263671875,0.03466796875,0.8939208984375,3.4393310546875,-3.78326416015625,-1.039276123046875,316703.2967032967,8.159501831501831E7,3.2816263736263737E7,49.143665,1,1.0,1.0,1.0,1.0,65.00
2025-06-30 23:54:26.297,-6.163371E-4,-0.17241107,0.504851,0.012615129,-0.18696864,-0.16293478,0.6020903,0.22681035,0.2289489,0.11611147,0.6814586,0.51000345,0.3080059,-0.06082483,0.28828016,0.24479125,-0.06587458,-0.10215418,-0.0025049546,-0.023088928,792.5641,797.3993,796.5934,791.75824,809.89014,-0.4595947265625,0.029296875,0.89166259765625,3.42437744140625,-4.05242919921875,-1.054229736328125,316703.2967032967,8.148542124542125E7,3.282996336996337E7,49.143665,1,1.0,1.0,1.0,1.0,60.00
2025-06-30 23:54:27.298,0.23451346,0.019996975,0.8049346,0.29173195,-0.027728742,-0.1364793,0.66316307,0.2544242,0.24871483,0.20502318,0.8155363,0.46772322,0.2275485,-0.03290554,0.2982224,0.25826254,-0.11911791,-0.21737811,-0.14794296,-0.14283945,774.43225,799.81683,778.46155,783.69965,733.73627,-0.455810546875,0.03277587890625,0.89373779296875,3.820648193359375,-3.850555419921875,-0.800018310546875,317509.1575091575,8.1683663003663E7,3.2836410256410256E7,49.143665,1,1.0,1.0,1.0,1.0,60.00
2025-06-30 23:54:28.306,0.010530631,-0.042310953,0.81783384,0.24043824,-0.03991274,-0.27823168,0.7140655,0.2453351,0.23042122,0.08823216,0.6980197,0.5371578,0.123451345,0.15047492,0.11059418,0.26951656,-0.10172342,-0.2867088,-0.17103988,-0.057496887,785.7143,804.2491,815.9341,781.685,642.27106,-0.45428466796875,0.031005859375,0.89263916015625,3.745880126953125,-3.69354248046875,-0.829925537109375,316703.2967032967,8.184E7,3.285897435897436E7,49.143665,1,1.0,1.0,1.0,1.0,60.00
2025-06-30 23:54:29.308,-0.11332467,-0.38947275,1.0140779,0.0243443,-0.20678605,-0.28078184,0.38664746,-0.27974108,0.29740518,0.234748,0.46656853,0.42026374,0.1563453,0.14271414,0.049708366,0.27123407,-0.11586912,-0.33746645,-0.16330637,-0.009169,793.7729,808.68134,796.5934,799.81683,713.9927,-0.4603271484375,0.03564453125,0.89154052734375,3.880462646484375,-3.78326416015625,-1.128997802734375,316703.2967032967,8.162967032967032E7,3.2825934065934066E7,48.07388,1,1.0,1.0,1.0,1.0,60.00
2025-06-30 23:54:30.310,-0.2970479,-0.023421064,0.9337499,0.14562073,-0.16652337,-0.5255471,0.41879642,-0.053528264,0.34740463,0.16930027,0.58789897,0.35923088,0.1511027,0.04129982,0.15003131,0.19581115,-0.23952964,-0.3045151,-0.27967247,-0.025647782,785.7143,802.23444,808.2784,786.52014,647.9121,-0.45721435546875,0.0311279296875,0.890869140625,3.5888671875,-3.96270751953125,-1.114044189453125,316703.2967032967,8.154505494505495E7,3.282190476190476E7,47.987816,1,1.0,1.0,1.0,1.0,60.00
2025-06-30 23:54:31.312,-0.26000777,-0.21222411,0.8280471,-0.051214367,-0.13625084,-0.3892239,0.45854926,0.039317448,0.39903978,0.050541,0.54130554,0.3655193,0.20340388,0.06391991,0.29778802,0.14632188,-0.19430971,-0.27169967,-0.2552027,-0.054370485,778.0586,800.2198,802.23444,784.10254,800.2198,-0.45465087890625,0.02734375,0.8912353515625,3.4393310546875,-3.970184326171875,-0.58319091796875,315897.4358974359,8.159663003663003E7,3.281304029304029E7,47.987816,1,1.0,1.0,1.0,1.0,60.00
2025-06-30 23:54:32.314,0.16786247,-0.30354962,0.9503116,-0.030473243,0.28762192,-0.18648908,0.57321095,0.1531016,0.44002154,-0.15951513,0.44602007,0.54354554,0.19816032,-0.036479417,0.35990298,0.32337123,-0.124372795,-0.39431012,-0.15478523,-0.07720213,784.10254,800.2198,793.7729,789.7436,724.0659,-0.46124267578125,0.03192138671875,0.88494873046875,3.81317138671875,-3.57391357421875,-0.934600830078125,316703.2967032967,8.189641025641026E7,3.28807326007326E7,47.987816,1,1.0,1.0,1.0,1.0,60.00
2025-06-30 23:54:33.315,0.1644443,-0.28025064,1.140451,0.03389,0.18512574,-0.30318266,0.7381701,0.18417893,0.23036523,-0.14861101,0.5738615,0.36213312,0.17167889,-0.07005315,0.401602,0.3115848,-0.2764472,-0.3764931,-0.18805517,-0.13939,791.3553,800.6227,809.0842,804.2491,719.2308,-0.45892333984375,0.0330810546875,0.89324951171875,3.7384033203125,-4.5458984375,-0.575714111328125,316703.2967032967,8.159260073260073E7,3.2812234432234433E7,47.935787,1,1.0,1.0,1.0,1.0,60.00
2025-06-30 23:54:34.317,-0.20262001,-0.15903303,1.1371472,0.2963949,0.18225522,-0.39905754,0.60969305,0.114848495,0.5004611,-0.040992524,0.7171656,0.594242,0.068428345,-0.12068011,0.28524804,0.2916498,-0.17256323,-0.3667185,-0.15725216,0.045050964,779.67035,792.96704,811.50183,803.8461,805.4579,-0.46038818359375,0.02764892578125,0.88812255859375,3.75335693359375,-4.08233642578125,-0.6878662109375,316703.2967032967,8.173604395604396E7,3.2817069597069595E7,47.935787,1,1.0,1.0,1.0,1.0,60.00
2025-06-30 23:54:35.319,-0.11276178,-0.44143748,0.96780026,0.449548,0.24899937,-0.21685101,0.76659185,0.043023314,0.5263397,0.07576549,0.7298289,0.57527876,0.24183534,-0.10058177,0.29209515,0.3768753,-0.1458092,-0.3079469,-0.2339408,-0.035054296,803.44324,799.011,802.6374,810.696,826.8132,-0.45758056640625,0.0302734375,0.89215087890625,3.84307861328125,-4.000091552734375,-0.964508056640625,316703.2967032967,8.161919413919413E7,3.2807399267399266E7,47.935787,1,1.0,1.0,1.0,1.0,60.00
2025-06-30 23:54:36.321,0.081788704,-0.13740936,0.8303904,0.15007505,0.12753938,-0.3764607,0.35615686,0.1779044,0.43274412,0.07673447,0.80216205,0.61046433,0.09269328,-0.018269608,0.40858066,0.27580684,-0.15676534,-0.21177377,-0.28150764,-0.14620613,798.20514,800.6227,794.57874,803.0403,717.2161,-0.45843505859375,0.03277587890625,0.8885498046875,3.93280029296875,-3.686065673828125,-0.97198486328125,316703.2967032967,8.162967032967032E7,3.2805787545787547E7,47.84599,1,1.0,1.0,1.0,1.0,60.00
2025-06-30 23:54:37.323,-0.041318294,-0.23523916,0.7956042,-0.2484403,-0.10978034,-0.44777945,0.5582962,-0.06453247,0.29022714,-0.13849962,0.90215755,0.5345125,0.020375306,-0.047179572,0.3201874,0.1743312,-0.23835105,-0.23861066,-0.13879338,-0.049084555,802.23444,795.38464,792.96704,806.26373,772.8205,-0.45953369140625,0.0289306640625,0.8870849609375,4.000091552734375,-3.551483154296875,-0.800018310546875,315897.4358974359,8.185692307692307E7,3.2815457875457875E7,47.12644,1,1.0,1.0,1.0,1.0,60.00
2025-06-30 23:54:38.324,-0.07211002,0.009022971,0.82630014,0.21824409,-0.05744554,-0.451792,0.5859656,-0.1819127,0.13988921,0.13871473,0.8760003,0.32114553,-0.10012568,0.032321498,0.40688688,0.06901113,-0.18478568,-0.35605496,-0.10006652,-0.08737232,808.68134,790.54944,806.26373,816.337,805.05493,-0.4569091796875,0.031005859375,0.8875732421875,3.8580322265625,-3.491668701171875,-0.755157470703125,316703.2967032967,8.181340659340659E7,3.2827545787545785E7,47.037678,1,1.0,1.0,1.0,1.0,60.00
2025-06-30 23:54:39.325,0.035165127,-0.15866631,0.6215182,0.361171,-0.3085408,-0.2946983,0.3434129,-0.07364555,0.15149784,0.12526615,0.579919,0.3326608,-0.001196861,0.057639897,0.42311156,0.18517706,-0.07055885,-0.24781302,-0.1940008,-0.04005432,811.50183,801.02563,800.2198,804.65204,754.68866,-0.4583740234375,0.02752685546875,0.88848876953125,3.93280029296875,-3.955230712890625,-0.85235595703125,315897.4358974359,8.160388278388278E7,3.2805787545787547E7,47.037678,1,1.0,1.0,1.0,1.0,60.00
2025-06-30 23:54:40.326,-0.03677976,-0.36046097,0.6206402,0.15169567,-0.27384722,-0.30652246,0.46152565,-0.0027293907,0.1962891,-0.14118238,0.8289748,0.39787927,0.08213782,0.0024876716,0.37175483,0.1378723,-0.103526264,-0.09060937,-0.0985142,-0.006223141,809.0842,800.6227,791.3553,813.91943,748.24176,-0.45867919921875,0.02880859375,0.88824462890625,3.63372802734375,-3.970184326171875,-0.934600830078125,316703.2967032967,8.156761904761904E7,3.2791282051282052E7,47.079704,1,1.0,1.0,1.0,1.0,60.00
2025-06-30 23:54:41.328,0.11686186,-0.28979054,0.53726655,0.3300455,-0.29989585,-0.3339333,0.38996667,-0.118987635,0.29486093,-0.017751208,0.86259454,0.49809122,0.1122753,0.037995286,0.24237785,0.16844323,-0.18518296,-0.19576763,-0.033075035,-0.20550604,815.12823,794.57874,807.0696,813.91943,907.3993,-0.4560546875,0.02642822265625,0.89129638671875,3.5888671875,-3.6785888671875,-0.8074951171875,316703.2967032967,8.155311355311355E7,3.2807399267399266E7,47.09889,1,1.0,1.0,1.0,1.0,60.00
2025-06-30 23:54:42.329,0.110948086,-0.41063878,0.6902156,0.22947818,-0.1014224,-0.21995378,0.5305713,0.09300282,0.45957384,-0.02691979,0.4691809,0.45487884,0.17949814,0.07066114,0.34950718,0.25957036,-0.13650258,-0.27936006,-0.10554928,-0.0653141,809.89014,800.6227,802.6374,803.0403,777.25275,-0.45281982421875,0.03240966796875,0.889892578125,3.656158447265625,-3.745880126953125,-1.158905029296875,316703.2967032967,8.171992673992674E7,3.281304029304029E7,47.102245,1,1.0,1.0,1.0,1.0,60.00
2025-06-30 23:54:43.331,-0.03323189,-0.27872568,0.9177306,0.15003303,-0.052460376,-0.36905366,0.50287443,0.05910591,0.49071103,-0.098172754,0.4911909,0.2543007,0.092635095,0.013316479,0.40551093,0.18553191,-0.13421312,-0.44603488,-0.16724025,0.07346681,807.8755,794.9817,800.2198,792.1612,828.4249,-0.4578857421875,0.0323486328125,0.8863525390625,3.656158447265625,-3.790740966796875,-0.979461669921875,315897.4358974359,8.172315018315019E7,3.2815457875457875E7,47.760113,1,1.0,1.0,1.0,1.0,60.00
2025-06-30 23:54:44.332,-0.24665342,-0.05080259,0.9073639,0.1328794,0.106143445,-0.27557993,0.2525779,0.12274982,0.28407192,-0.10294364,0.78521377,0.45808092,0.10050475,-0.037508182,0.38449958,0.2026683,-0.20442745,-0.43442184,-0.2724684,-0.16958144,829.2308,795.78754,811.0989,817.5458,837.6923,-0.463134765625,0.0333251953125,0.88763427734375,3.8580322265625,-4.344024658203125,-1.024322509765625,315897.4358974359,8.150959706959707E7,3.2786446886446886E7,48.325016,1,1.0,1.0,1.0,1.0,60.00
2025-06-30 23:54:45.336,-0.06499961,-0.27719674,0.72327054,0.14167282,0.094004445,-0.34452212,0.4214797,0.18271899,0.48592672,-0.19190867,0.7511049,0.52813464,0.15715885,-0.08588978,0.24009809,0.23996438,-0.2739152,-0.28456253,-0.2600706,-0.10969857,808.68134,800.6227,806.26373,802.6374,774.0293,-0.45623779296875,0.02276611328125,0.88983154296875,3.66363525390625,-3.760833740234375,-0.740203857421875,316703.2967032967,8.140322344322345E7,3.2743736263736263E7,48.325016,1,1.0,1.0,1.0,1.0,60.00
2025-06-30 23:54:46.337,0.16564867,-0.40589222,0.7104578,0.19250226,-0.03250733,-0.3435663,0.6949801,-0.021475257,0.33602893,0.048880715,0.4197114,0.42693123,0.26349753,0.011156232,0.33145455,0.16319023,-0.19033325,-0.22536196,-0.21808206,-0.12539756,807.47253,796.1905,802.6374,797.3993,790.54944,-0.4615478515625,0.0272216796875,0.8870849609375,3.69354248046875,-3.955230712890625,-0.485992431640625,316703.2967032967,8.136131868131869E7,3.2746153846153844E7,48.325016,1,1.0,1.0,1.0,1.0,60.00
2025-06-30 23:54:47.338,0.14728427,-0.048422676,0.95747036,0.30922285,-0.12004465,-0.4154441,0.74310666,-0.086119555,0.10906932,-0.07907062,0.79259294,0.5266713,0.108182035,-0.1091826,0.2561126,0.13632913,-0.30042025,-0.3396233,-0.18485837,-0.3131456,806.26373,795.78754,796.1905,799.81683,751.06226,-0.4569091796875,0.03265380859375,0.88824462890625,3.72344970703125,-3.81317138671875,-0.994415283203125,315897.4358974359,8.158373626373626E7,3.2796117216117214E7,48.325016,1,1.0,1.0,1.0,1.0,60.00
2025-06-30 23:54:48.340,0.17230731,-0.08773865,0.9776761,4.135305E-4,0.17488472,-0.44948277,0.72739214,0.14285086,0.17652434,-0.1421129,0.84335417,0.47339934,0.11310016,-0.11696419,0.06986468,0.30468985,-0.3103844,-0.3815503,-0.139968,-0.21325368,815.5311,803.8461,809.0842,798.60803,678.1319,-0.459716796875,0.02899169921875,0.8839111328125,3.648681640625,-3.925323486328125,-1.12152099609375,315897.4358974359,8.144029304029304E7,3.277113553113553E7,47.301567,1,1.0,1.0,1.0,1.0,60.00
2025-06-30 23:54:49.341,0.16952762,-0.28964165,1.0057774,-0.011176314,0.23458564,-0.13025483,0.60306275,0.2848097,0.23533651,-0.09143203,0.6121283,0.60927975,-0.012811995,-0.028088694,0.39443833,0.32315713,-0.16818711,-0.37737975,-0.013186398,-0.11502167,806.26373,802.6374,801.02563,801.4286,904.9817,-0.4580078125,0.025634765625,0.8917236328125,3.790740966796875,-3.910369873046875,-0.814971923828125,315897.4358974359,8.169655677655677E7,3.2826739926739927E7,47.301567,1,1.0,1.0,1.0,1.0,60.00
2025-06-30 23:54:50.343,0.28010154,-0.19535567,0.9541817,0.16360097,0.0685765,0.008755299,0.26799712,0.1825362,0.27374625,0.023794727,0.7094147,0.6910129,0.17419463,-0.15394554,0.50249493,0.32903183,-0.26933467,-0.35385486,0.008686974,-0.14266796,816.7399,796.99634,803.44324,806.26373,703.91943,-0.45989990234375,0.03033447265625,0.8897705078125,3.985137939453125,-3.985137939453125,-0.6280517578125,316703.2967032967,8.160388278388278E7,3.2817069597069595E7,47.301567,1,1.0,1.0,1.0,1.0,60.00
2025-06-30 23:54:51.345,0.30326402,-0.06534495,0.7925681,0.24938095,0.07524934,-0.24630895,0.4630781,0.046811387,0.22419313,-0.061725903,0.58640635,0.5114051,0.21790104,-0.14585628,0.2906592,0.3104794,-0.31635258,-0.45533794,-0.20649794,-0.17241122,792.96704,795.78754,798.20514,790.54944,680.14655,-0.4571533203125,0.0325927734375,0.88897705078125,3.730926513671875,-4.486083984375,-0.7476806640625,316703.2967032967,8.158131868131869E7,3.2796117216117214E7,47.14743,1,1.0,1.0,1.0,1.0,60.00
2025-06-30 23:54:52.347,0.11365292,-0.18604033,0.9039045,0.184941,0.05208922,-0.27140242,0.55809945,-0.27556175,0.2279967,0.059788536,0.6592319,0.34446287,0.13335767,-0.044304844,0.29997474,0.17442365,-0.22408254,-0.34761918,-0.07362235,-0.25175318,795.78754,803.44324,797.8022,791.75824,940.84247,-0.45819091796875,0.0260009765625,0.89056396484375,3.60382080078125,-3.895416259765625,-1.114044189453125,316703.2967032967,8.167560439560439E7,3.278080586080586E7,46.463215,1,1.0,1.0,1.0,1.0,60.00
2025-06-30 23:54:53.354,-0.030293401,-0.16313472,0.79779303,0.0644949,-0.07257966,-0.06969418,0.6235985,-0.22881348,0.21042982,0.14214762,0.60810345,0.18910716,0.050435748,0.037400723,0.39708,0.06985043,-0.16817793,-0.3250496,-0.10701679,-0.20544085,774.0293,797.8022,783.69965,795.38464,891.28204,-0.46044921875,0.02716064453125,0.8941650390625,3.656158447265625,-4.0673828125,-0.52337646484375,316703.2967032967,8.170461538461538E7,3.2786446886446886E7,46.463215,1,1.0,1.0,1.0,1.0,60.00
2025-06-30 23:54:54.355,-0.015078659,-0.20760459,0.65327924,-0.008582722,-0.0064091287,-0.24605963,0.47492066,-0.04239316,0.29387394,-0.22771204,0.5830035,0.23809774,0.0133255515,0.0686582,0.33100602,0.058444466,-0.089838535,-0.31852412,-0.14066273,-0.12878852,784.10254,795.78754,804.2491,780.4762,686.5934,-0.4591064453125,0.0283203125,0.89178466796875,3.686065673828125,-3.895416259765625,-1.03179931640625,316703.2967032967,8.154344322344323E7,3.2770329670329668E7,46.40924,1,1.0,1.0,1.0,1.0,60.00
2025-06-30 23:54:55.357,-0.25770193,-0.4634225,0.7698188,-0.12480175,0.07430902,-0.31351253,0.47403923,-0.18828042,0.43380496,-0.3735585,0.59835404,0.6909782,0.24337873,0.08388465,0.3071957,0.4157826,-0.15962018,-0.30843398,-0.13260908,-0.049477275,787.326,801.4286,799.41394,780.87915,825.6044,-0.4595947265625,0.0284423828125,0.8907470703125,3.730926513671875,-3.66363525390625,-0.874786376953125,316703.2967032967,8.14862271062271E7,3.278805860805861E7,46.3614,1,1.0,1.0,1.0,1.0,60.00
2025-06-30 23:54:56.358,-0.5227975,-0.5494161,0.79171747,-0.17710437,0.06756995,-0.29161072,0.5123888,0.08852796,0.55555576,-0.04874383,0.54174125,0.8225865,0.20719804,-0.013539433,0.24038571,0.4102495,-0.1796816,-0.43045714,-0.27342454,-0.16616428,778.86444,787.72894,798.60803,791.75824,835.2747,-0.457763671875,0.02880859375,0.89227294921875,3.671112060546875,-4.366455078125,-0.844879150390625,316703.2967032967,8.158857142857143E7,3.27985347985348E7,46.35031,1,1.0,1.0,1.0,1.0,60.00
2025-06-30 23:54:57.360,-0.11415131,-0.45033628,1.0217023,-0.07109722,-0.11483022,-0.53830224,0.69919294,0.06577305,0.53390115,-0.020884605,0.42637318,0.6241777,0.10271717,0.013678807,0.4260905,0.2301248,-0.15818396,-0.33343786,-0.18785743,-0.0950824,796.99634,805.8608,807.0696,802.23444,722.4542,-0.45733642578125,0.027587890625,0.8875732421875,3.416900634765625,-3.745880126953125,-0.814971923828125,315897.4358974359,8.177069597069597E7,3.282996336996337E7,46.37929,1,1.0,1.0,1.0,1.0,65.00
2025-06-30 23:54:58.362,-0.10748811,-0.49736398,0.9918398,0.0086561125,-0.18150336,-0.589559,0.651918,-0.065252416,0.5044107,0.24820104,0.5992873,0.42300612,0.2331397,-0.11047534,0.40326706,0.3812959,-0.24625112,-0.35179257,-0.28665143,-0.22300689,796.1905,800.6227,806.26373,799.81683,811.0989,-0.45721435546875,0.02777099609375,0.894775390625,3.925323486328125,-3.887939453125,-0.500946044921875,315897.4358974359,8.158534798534799E7,3.2807399267399266E7,46.405388,1,1.0,1.0,1.0,1.0,65.00
2025-06-30 23:54:59.364,0.14777113,-0.3981723,0.8001237,-0.15880041,-0.25407097,-0.09284454,0.42926657,-0.09315798,0.4404656,0.3258769,0.70485973,0.054256912,0.25772357,-0.09326211,0.3445548,0.41763648,-0.32945058,-0.43036908,-0.36432523,-0.32380486,786.9231,797.8022,791.75824,790.54944,840.5128,-0.46209716796875,0.02667236328125,0.88970947265625,3.90289306640625,-3.985137939453125,-0.456085205078125,315091.5750915751,8.147897435897435E7,3.279208791208791E7,46.48257,1,1.0,1.0,1.0,1.0,65.00
2025-06-30 23:55:00.366,0.061698094,-0.687304,0.5084138,-0.09032845,-0.03781416,-0.24800824,0.5575864,0.04549125,0.4570987,0.026743148,0.7355032,0.60044223,0.02101735,-0.1583941,0.36502036,0.26600865,-0.28020737,-0.26588777,-0.26705712,-0.1724236,788.1319,797.8022,810.696,801.02563,623.73627,-0.46051025390625,0.02581787109375,0.89208984375,3.6785888671875,-4.366455078125,-0.874786376953125,315897.4358974359,8.135728937728937E7,3.275904761904762E7,46.531544,1,1.0,1.0,1.0,1.0,65.00
2025-06-30 23:55:01.367,0.059006035,-0.62512755,0.5215838,-0.13665338,-0.18280326,-0.2502195,0.6177803,0.026544688,0.43913323,-0.06176545,0.90045565,0.6860059,0.17946725,-0.06583455,0.30215085,0.27525094,-0.18957558,-0.26234677,-0.23461886,-0.17101797,790.14655,796.99634,819.15753,807.47253,997.25275,-0.457763671875,0.02679443359375,0.8912353515625,3.75335693359375,-3.745880126953125,-1.069183349609375,317509.1575091575,8.153377289377289E7,3.2793699633699633E7,46.598003,1,1.0,1.0,1.0,1.0,65.00
2025-06-30 23:55:02.369,0.0996012,-0.38975224,0.7760632,-0.15751185,-0.13565089,-0.2668999,0.6586307,0.012447329,0.17570452,-0.20747837,0.90135515,0.5941496,0.26355487,-0.13593791,0.22781299,0.29821196,-0.3136173,-0.41343933,-0.10677467,-0.06796838,800.2198,796.99634,792.1612,807.0696,983.5531,-0.4583740234375,0.02691650390625,0.89410400390625,3.820648193359375,-4.26177978515625,-0.657958984375,317509.1575091575,8.160065934065934E7,3.280901098901099E7,46.548553,1,1.0,1.0,1.0,1.0,65.00
2025-06-30 23:55:03.369,0.11444614,-0.060511325,0.73199433,0.054332074,-0.13721287,-0.30109915,0.41583276,-0.12482852,0.112172164,-0.14922431,0.62839735,0.69690275,0.23812988,-0.21070145,0.41678086,0.23245637,-0.32570586,-0.40443859,-0.14228813,0.02016293,799.41394,795.38464,781.28204,803.8461,744.21246,-0.4620361328125,0.02496337890625,0.88861083984375,3.70849609375,-4.0374755859375,-0.785064697265625,315897.4358974359,8.149186813186812E7,3.2794505494505495E7,46.656628,1,1.0,1.0,1.0,1.0,65.00
2025-06-30 23:55:04.376,-0.049047574,-0.01633166,0.71136713,0.21690504,-0.18946485,-0.4032634,0.4172229,0.1690475,0.41773218,-0.14590418,0.46402627,0.61401397,0.18322226,-0.07965273,0.42755985,0.18193945,-0.27589136,-0.34607005,-0.21373032,-0.17233245,817.1429,798.60803,795.78754,811.0989,757.50916,-0.458984375,0.0262451171875,0.88873291015625,3.84307861328125,-4.239349365234375,-0.94207763671875,316703.2967032967,8.142095238095237E7,3.2815457875457875E7,46.774563,1,1.0,1.0,1.0,1.0,65.00
2025-06-30 23:55:05.377,0.10706243,-0.21656,0.9839952,-0.065715484,-0.044718467,-0.4198746,0.848327,0.14876883,0.43741134,0.119332545,0.80811924,0.5914103,0.08598467,-0.011466281,0.32509947,0.20493928,-0.29088956,-0.35619578,-0.3007178,-0.12567493,803.44324,792.1612,812.3077,812.3077,862.674,-0.45574951171875,0.02838134765625,0.89080810546875,3.850555419921875,-4.20196533203125,-0.79254150390625,316703.2967032967,8.130893772893773E7,3.2786446886446886E7,46.774563,1,1.0,1.0,1.0,1.0,65.00
2025-06-30 23:55:06.379,0.26626945,-0.26476547,1.0939347,0.19396918,-0.01806479,-0.3813718,0.8271736,0.055148814,0.21129654,0.18290818,0.860772,0.28323582,0.1678528,-0.04850616,0.43334478,0.22698434,-0.21595263,-0.29902503,-0.18326338,-0.0871853,814.7253,797.3993,803.8461,803.44324,746.63007,-0.45654296875,0.02642822265625,0.8935546875,3.581390380859375,-3.7384033203125,-1.06170654296875,315897.4358974359,8.146608058608058E7,3.280095238095238E7,46.774563,1,1.0,1.0,1.0,1.0,65.00
2025-06-30 23:55:07.381,0.015261203,-0.1665093,0.8545813,0.14037277,-0.07689926,-0.26263094,0.7059332,-0.09419977,0.18565832,0.09778832,0.7972572,0.19898269,0.09401291,0.015488304,0.4576192,0.18759097,-0.24475075,-0.347259,-0.09877017,-0.1075965,817.9487,796.5934,806.6667,815.9341,756.30035,-0.45648193359375,0.02301025390625,0.892333984375,3.925323486328125,-3.760833740234375,-0.85235595703125,317509.1575091575,8.136534798534799E7,3.2772747252747253E7,46.774563,1,1.0,1.0,1.0,1.0,65.00
2025-06-30 23:55:08.390,-0.11644037,-0.122480914,0.9466433,0.1553354,-0.017195167,-0.2688966,0.78211105,-0.022461642,0.2881999,0.14484493,0.47215828,0.23734415,0.010676259,-0.05076683,0.29802004,0.07255295,-0.23305981,-0.34495205,-0.19246668,-0.11215027,813.5165,796.1905,793.7729,812.3077,773.22345,-0.46075439453125,0.02520751953125,0.889892578125,3.90289306640625,-3.9776611328125,-0.91217041015625,316703.2967032967,8.143304029304029E7,3.2794505494505495E7,46.774563,1,1.0,1.0,1.0,1.0,65.00
2025-06-30 23:55:09.396,0.16370238,-0.18109913,0.80996054,0.09037958,-0.25584644,-0.2518138,0.5969751,0.047785897,0.27121952,-0.04978207,0.793342,0.28764406,0.049827114,-0.09633093,0.4064259,0.08862236,-0.11912345,-0.3262268,-0.21619484,-0.26804948,813.91943,804.65204,818.7546,799.011,757.1062,-0.458740234375,0.023681640625,0.89031982421875,3.820648193359375,-4.007568359375,-0.94207763671875,316703.2967032967,8.145076923076923E7,3.2828351648351647E7,46.774563,1,1.0,1.0,1.0,1.0,65.00
2025-06-30 23:55:10.397,0.055366576,-0.13536128,0.8505225,0.308793,-0.040003534,-0.2722146,0.62750673,0.100475445,-0.07527381,-0.061402883,0.682666,0.3775509,0.005302988,0.04468151,0.27185553,0.079964586,-0.24823695,-0.3620548,-0.071525246,-0.17794992,818.7546,800.6227,816.7399,809.4872,786.9231,-0.46209716796875,0.02886962890625,0.8892822265625,4.029998779296875,-3.925323486328125,-0.55328369140625,316703.2967032967,8.153135531135531E7,3.2847692307692308E7,46.570877,1,1.0,1.0,1.0,1.0,65.00
2025-06-30 23:55:11.399,-0.15618724,-0.31177783,0.8054086,0.04823006,0.100380875,-0.3725665,0.4147165,-0.27161512,0.18109919,-0.15628608,0.58902425,0.23276858,0.09721602,0.10222575,0.22300549,0.2613158,-0.43456462,-0.5460312,-0.17275017,-0.11866423,803.8461,806.26373,788.93774,796.5934,925.5311,-0.45904541015625,0.02630615234375,0.89324951171875,3.5589599609375,-4.673004150390625,-0.55328369140625,315897.4358974359,8.185369963369963E7,3.288959706959707E7,46.188778,1,1.0,1.0,1.0,1.0,65.00
2025-06-30 23:55:12.400,0.08346727,-0.30853865,0.79302,0.34136382,0.14207838,-0.1459908,0.47984865,0.3100207,0.22861491,0.057948418,0.63605016,0.441778,0.25102943,0.06738688,0.28280452,0.4103223,-0.34119582,-0.4969621,-0.13026024,-0.1705973,799.011,803.8461,793.7729,792.1612,780.87915,-0.4588623046875,0.025390625,0.89068603515625,3.641204833984375,-4.299163818359375,-0.695343017578125,316703.2967032967,8.164820512820512E7,3.2826739926739927E7,46.188778,1,1.0,1.0,1.0,1.0,65.00
2025-06-30 23:55:13.401,-0.052997615,-0.31264493,0.6511269,0.050304033,0.10004795,-0.17215808,0.49593782,0.33615825,0.3572855,0.0133644445,0.47990084,0.6338981,0.09701663,-0.06765828,0.34254774,0.28333306,-0.19217275,-0.37722936,-0.19398035,-0.102910265,815.5311,798.20514,790.54944,809.0842,781.28204,-0.46136474609375,0.02777099609375,0.8897705078125,3.760833740234375,-3.99261474609375,-0.725250244140625,316703.2967032967,8.162644688644688E7,3.280095238095238E7,46.188778,1,1.0,1.0,1.0,1.0,65.00
2025-06-30 23:55:14.402,0.0034002562,-0.4405429,0.6874885,0.077788696,0.030038431,-0.10870772,0.48439944,0.09991547,0.42088282,0.18571806,0.43896565,0.581435,0.19006704,-0.09709352,0.41989732,0.16554908,-0.16404054,-0.29592922,-0.1888992,-0.027148385,794.9817,790.14655,799.011,787.72894,692.23444,-0.4580078125,0.0262451171875,0.88739013671875,3.671112060546875,-3.985137939453125,-0.82244873046875,315897.4358974359,8.13935531135531E7,3.279289377289377E7,46.188778,1,1.0,1.0,1.0,1.0,65.00
2025-06-30 23:55:15.402,0.15365581,-0.22949289,0.7623054,-0.0066402005,0.047799382,-0.20966506,0.6753609,0.13608962,0.31821036,0.06377981,0.41575935,0.46575978,0.0933113,0.032475017,0.23113813,0.21327734,-0.21527594,-0.48964816,-0.18657655,-0.13890739,793.36993,795.78754,797.8022,786.9231,641.8681,-0.465087890625,0.02838134765625,0.89068603515625,4.000091552734375,-3.75335693359375,-0.6878662109375,316703.2967032967,8.131538461538461E7,3.278080586080586E7,46.14797,1,1.0,1.0,1.0,1.0,65.00
2025-06-30 23:55:16.404,0.05172835,-0.3037019,0.7562226,0.15337923,0.020019788,-0.30406362,0.80764675,0.09677095,0.40099022,-0.06417508,0.71293133,0.5701088,0.014868003,0.022273308,0.16554697,0.120113246,-0.20290262,-0.4416249,-0.15541539,-0.20710859,811.0989,797.8022,796.99634,800.2198,642.27106,-0.45941162109375,0.0247802734375,0.88690185546875,3.656158447265625,-3.985137939453125,-0.680389404296875,315897.4358974359,8.118322344322345E7,3.278161172161172E7,45.701397,1,1.0,1.0,1.0,1.0,65.00
2025-06-30 23:55:17.419,0.046690922,-0.30432943,0.9017875,0.14881948,-0.0902157,-0.48820335,0.5761414,0.023898127,0.1979853,0.023201004,0.58033824,0.40289012,-0.014750163,0.040806767,0.22491446,0.18662582,-0.10872665,-0.28878418,-0.18701328,-0.12824006,784.90845,790.14655,793.36993,788.93774,716.4103,-0.45892333984375,0.02716064453125,0.898193359375,4.08233642578125,-4.32159423828125,-0.70281982421875,315897.4358974359,8.166029304029304E7,3.2838827838827837E7,45.701397,1,1.0,1.0,1.0,1.0,65.00
2025-06-30 23:55:18.420,0.08848143,0.07698908,0.9462431,0.32776445,-0.0592571,-0.34385324,0.5426565,0.09465269,0.16397472,-0.03437513,0.76796466,0.195936,-0.124579854,-0.13359794,0.29050452,0.17697676,-0.14903975,-0.3002513,-0.21460605,-0.1288866,780.4762,799.81683,798.60803,789.34064,650.32965,-0.45904541015625,0.02667236328125,0.8853759765625,3.5888671875,-3.790740966796875,-0.7177734375,316703.2967032967,8.159260073260073E7,3.2859780219780218E7,45.701397,1,1.0,1.0,1.0,1.0,65.00
2025-06-30 23:55:19.422,-0.15446028,0.0043857293,0.8916081,-0.03277037,-0.045406662,-0.16924606,0.3490796,0.095469676,0.3090109,0.08478984,0.73255056,0.0101784,0.0073376186,-0.11307411,0.24589588,0.218391,-0.31729507,-0.33438006,-0.20826407,-0.14391908,782.0879,797.8022,809.89014,801.02563,994.43225,-0.46148681640625,0.02850341796875,0.88995361328125,4.14215087890625,-4.17205810546875,-0.7476806640625,316703.2967032967,8.154263736263736E7,3.282915750915751E7,45.701397,1,1.0,1.0,1.0,1.0,65.00
2025-06-30 23:55:20.427,0.14301763,-0.14772885,0.9845122,0.33017045,-0.26920563,-0.34180227,0.3631633,0.15294823,0.3201889,0.100332074,0.49785754,0.047090698,0.12440931,-0.07713761,0.32907766,0.25839904,-0.35544348,-0.34883416,-0.1565542,-0.13113593,777.25275,793.7729,790.9524,789.34064,748.6447,-0.46429443359375,0.029296875,0.8914794921875,4.000091552734375,-3.745880126953125,-0.4486083984375,315897.4358974359,8.149992673992674E7,3.281868131868132E7,45.75716,1,1.0,1.0,1.0,1.0,65.00
2025-06-30 23:55:21.430,0.22437724,-0.33509254,0.95930475,0.22231983,-0.24254826,-0.5304371,0.70382905,0.013350624,0.06171495,0.062116377,0.5319841,0.11407331,0.12570155,-0.14626896,0.26045862,0.1958774,-0.2523875,-0.31414038,-0.13172613,-0.08149377,777.25275,794.9817,808.2784,789.34064,796.1905,-0.46063232421875,0.02471923828125,0.89080810546875,3.357086181640625,-4.53094482421875,-0.5682373046875,315897.4358974359,8.172637362637362E7,3.283076923076923E7,45.770752,1,1.0,1.0,1.0,1.0,65.00
2025-06-30 23:55:22.431,0.020040318,-0.402751,0.8700946,0.12828323,-0.17831852,-0.12729399,0.6526638,-0.01801537,0.047709975,0.19970736,0.7146063,0.16956525,0.19606547,-0.003724992,0.41370058,0.18533653,-0.19743046,-0.44833013,-0.32714844,-0.23826352,780.07324,794.17584,779.67035,790.54944,902.5641,-0.46136474609375,0.02569580078125,0.88922119140625,3.6785888671875,-4.179534912109375,-0.82244873046875,315897.4358974359,8.176424908424908E7,3.2817069597069595E7,45.905422,1,1.0,1.0,1.0,1.0,65.00
2025-06-30 23:55:23.433,-0.10455875,-0.49441808,1.0275147,-0.08449141,-0.22421673,-0.10215031,0.7536209,0.09176038,0.4608173,0.23570082,0.72682744,0.33022282,0.13450971,-0.06267365,0.31549197,0.24127813,-0.3241489,-0.5016663,-0.3008526,-0.14210406,797.8022,795.38464,817.1429,811.50183,953.73627,-0.4598388671875,0.02618408203125,0.88909912109375,3.581390380859375,-3.99261474609375,-1.069183349609375,316703.2967032967,8.157648351648352E7,3.2807399267399266E7,46.000496,1,1.0,1.0,1.0,1.0,65.00
2025-06-30 23:55:24.435,-0.22967537,-0.5313991,0.96003824,-0.17946492,-0.2947936,-0.28034455,0.75597465,-0.14966583,0.464887,0.27072194,0.7729999,0.4766583,0.24616444,0.061569877,0.19152278,0.29455715,-0.23224327,-0.3808486,-0.15617627,-0.012690038,802.23444,799.81683,794.57874,794.17584,666.4469,-0.45977783203125,0.02276611328125,0.88848876953125,3.745880126953125,-3.81317138671875,-1.099090576171875,316703.2967032967,8.149831501831502E7,3.2784029304029305E7,46.02094,1,1.0,1.0,1.0,1.0,65.00
2025-06-30 23:55:25.436,0.1310982,-0.29152533,0.2637596,0.14022121,-0.27739102,-0.21873182,0.5934645,0.03534819,0.5399656,0.15970857,0.86607677,0.5870399,0.27001864,0.13420376,0.28596845,0.11209673,-0.18601635,-0.37112218,-0.26181838,-0.10791202,790.14655,793.7729,805.4579,806.26373,889.2674,-0.45599365234375,0.0208740234375,0.89410400390625,3.63372802734375,-4.0972900390625,-0.665435791015625,317509.1575091575,8.14717216117216E7,3.2765494505494505E7,46.042057,1,1.0,1.0,1.0,1.0,65.00
2025-06-30 23:55:26.439,0.33638436,-0.18208605,0.69373304,0.454599,0.0956969,-0.3150607,0.6003582,0.08376942,0.46383563,0.1517973,0.6847815,0.46225676,0.040126868,0.0047300262,0.38595378,0.026731838,-0.16178028,-0.36110577,-0.33563927,-0.17569146,791.3553,798.20514,807.0696,801.02563,805.4579,-0.4609375,0.0257568359375,0.8809814453125,3.90289306640625,-3.581390380859375,-1.12152099609375,317509.1575091575,8.167076923076923E7,3.28210989010989E7,46.357906,1,1.0,1.0,1.0,1.0,65.00
2025-06-30 23:55:27.441,-0.08230319,-0.44211325,0.8671788,0.10766219,0.0132625885,-0.16599037,0.65398717,-0.06403155,0.6279572,0.17867312,0.7235285,0.6532456,-0.07116931,-0.0102652,0.40494853,0.20033854,-0.23252113,-0.2718241,-0.17132948,-0.2781356,802.6374,799.011,796.1905,818.7546,703.5165,-0.4605712890625,0.02569580078125,0.88970947265625,3.66363525390625,-3.75335693359375,-0.82244873046875,316703.2967032967,8.172234432234432E7,3.2825934065934066E7,46.743504,1,1.0,1.0,1.0,1.0,65.00
2025-06-30 23:55:28.442,0.0115168495,-0.36937416,0.7649636,-0.07632897,-0.049752325,-0.29131392,0.72399527,-0.105101146,0.6522092,0.10908068,0.7376784,0.74319166,0.13942283,-0.034548864,0.32759818,0.30611905,-0.14054704,-0.188887,-0.23664498,-0.27313295,787.326,791.75824,791.75824,790.54944,760.7326,-0.459228515625,0.02691650390625,0.88677978515625,3.760833740234375,-3.910369873046875,-0.665435791015625,315897.4358974359,8.17207326007326E7,3.2814652014652014E7,47.113834,1,1.0,1.0,1.0,1.0,65.00
2025-06-30 23:55:29.443,0.2895848,-0.050271407,0.91427183,0.057239402,0.009778177,-0.301165,0.5801389,0.07537706,0.39935902,-0.2865461,0.75060076,0.4335573,0.103056744,-0.09310084,0.15158471,0.26621875,-0.17521061,-0.36038536,-0.4500125,-0.13515082,821.978,797.3993,790.9524,814.3223,896.1172,-0.45977783203125,0.025634765625,0.89178466796875,3.760833740234375,-3.805694580078125,-0.889739990234375,315897.4358974359,8.166835164835164E7,3.2820293040293038E7,47.516716,1,1.0,1.0,1.0,1.0,65.00
2025-06-30 23:55:30.444,0.26255327,-0.09121432,0.97884643,0.15259139,-0.1489173,-0.42909214,0.37564853,0.030680938,0.19407672,-0.3644898,0.6100245,0.34696746,0.008814688,-0.09594324,0.314635,0.3191479,-0.1789492,-0.38479134,-0.2715281,-0.071934335,804.65204,789.7436,785.31134,817.5458,653.95605,-0.45965576171875,0.0272216796875,0.88665771484375,4.194488525390625,-3.880462646484375,-0.6878662109375,317509.1575091575,8.160388278388278E7,3.27614652014652E7,47.701416,1,1.0,1.0,1.0,1.0,65.00
2025-06-30 23:55:31.445,-0.05824129,-0.4201274,1.0358088,0.083885126,0.049681105,-0.47750735,0.7930446,0.12471506,0.29181692,-0.4364626,0.38350138,0.45483333,0.25083363,0.017664608,0.26134232,0.27366987,-0.1057178,-0.35799915,-0.060766377,-0.14659712,810.293,800.2198,801.8315,822.381,921.9048,-0.4600830078125,0.02398681640625,0.8934326171875,3.626251220703125,-4.194488525390625,-0.8673095703125,316703.2967032967,8.169252747252747E7,3.2785641025641024E7,47.88846,1,1.0,1.0,1.0,1.0,65.00
2025-06-30 23:55:32.447,-0.13944754,-0.5182209,1.2882903,0.16626304,-0.08446646,-0.39953035,0.5785869,0.14042026,0.20102742,-0.31757858,0.4084579,0.30801407,0.1305394,-0.09977446,0.2187528,0.1515252,-0.07238341,-0.37225643,-0.12384183,-0.113088004,808.2784,799.41394,808.2784,814.7253,901.75824,-0.4599609375,0.0250244140625,0.8880615234375,3.790740966796875,-3.93280029296875,-0.994415283203125,317509.1575091575,8.169333333333333E7,3.2820293040293038E7,47.847042,1,1.0,1.0,1.0,1.0,65.00
2025-06-30 23:55:33.449,-0.41419902,-0.08488412,1.0766591,0.13457657,-0.26037052,-0.2672798,0.12563539,0.10187455,0.083955616,-0.010247454,0.7261781,0.28789905,0.060825463,-0.111543186,0.4061313,0.16255425,-0.1252511,-0.43894458,-0.050057873,-0.09511944,826.8132,809.4872,813.5165,811.9048,659.59705,-0.46270751953125,0.0281982421875,0.8878173828125,3.686065673828125,-4.02252197265625,-0.785064697265625,317509.1575091575,8.158454212454212E7,3.2817875457875457E7,47.670116,1,1.0,1.0,1.0,1.0,65.00
2025-06-30 23:55:34.450,-0.21353912,-0.049445957,1.0197942,0.06966379,-0.055214826,-0.33475733,0.70799667,0.016198311,0.026551303,-0.024894176,0.898182,0.28888425,0.15509109,-0.07222555,0.2546145,0.21445814,-0.30140257,-0.49439687,-0.18863176,-0.05302092,813.91943,803.8461,779.67035,805.4579,905.78754,-0.46435546875,0.02178955078125,0.88623046875,3.641204833984375,-3.910369873046875,-0.889739990234375,316703.2967032967,8.162161172161172E7,3.2817069597069595E7,47.562576,1,1.0,1.0,1.0,1.0,65.00
2025-06-30 23:55:35.451,0.18045522,-0.012800369,0.9264179,0.105983615,-0.06810075,-0.4720251,0.54463786,0.06406763,0.28833228,-0.20257331,0.9112677,0.40217096,0.153911,-0.08868248,0.19698338,0.32851705,-0.245178,-0.26780656,-0.19854614,-0.014258956,814.7253,795.38464,784.5055,807.8755,898.1319,-0.45965576171875,0.023681640625,0.88885498046875,3.51409912109375,-4.14215087890625,-0.59814453125,316703.2967032967,8.164739926739927E7,3.2837216117216118E7,47.474617,1,1.0,1.0,1.0,1.0,65.00
2025-06-30 23:55:36.453,0.1462088,-0.091059215,0.86892134,0.0029946268,-0.012477514,-0.44123033,0.77378213,0.03796749,0.29142067,-0.068116985,0.85713655,0.40914914,0.09534211,-0.07964136,0.38286626,0.36118856,-0.2139957,-0.31514066,-0.03457805,0.005952088,820.7692,797.3993,792.5641,813.1135,701.50183,-0.4609375,0.02587890625,0.88287353515625,3.820648193359375,-3.39447021484375,-1.12152099609375,316703.2967032967,8.187787545787546E7,3.285252747252747E7,47.56595,1,1.0,1.0,1.0,1.0,65.00
2025-06-30 23:55:37.454,0.43237686,-0.2263328,0.70853627,0.29893857,0.04104122,-0.23678161,0.41330668,0.328687,0.08794107,0.032319773,0.6340269,0.28016618,0.17875373,-0.0019463059,0.4140123,0.2207237,-0.23742501,-0.2900023,-0.10416721,-0.1804767,810.293,796.99634,810.696,802.23444,866.7033,-0.46075439453125,0.024169921875,0.88922119140625,3.760833740234375,-3.775787353515625,-0.55328369140625,316703.2967032967,8.171992673992674E7,3.28210989010989E7,47.59185,1,1.0,1.0,1.0,1.0,65.00
2025-06-30 23:55:38.458,0.22467536,-0.46416607,0.75867796,0.11540665,-0.12155954,-0.22324325,0.32345286,0.027171874,0.21478014,-0.15014088,0.5459371,0.3801888,0.121086404,-0.010689679,0.3692246,0.20384099,-0.19011202,-0.35441613,-0.14181201,-0.20653692,805.8608,805.8608,792.96704,803.44324,813.1135,-0.46142578125,0.02593994140625,0.890380859375,3.551483154296875,-3.940277099609375,-0.897216796875,316703.2967032967,8.164578754578754E7,3.2763882783882782E7,47.615475,1,1.0,1.0,1.0,1.0,50.00
2025-06-30 23:55:39.460,0.17203455,-0.40579572,0.8823419,0.15626912,-0.05885794,-0.323069,0.69946367,-0.21013358,0.20601086,-0.14043969,0.48474175,0.3285361,0.06923281,-0.033458877,0.19157875,0.23098385,-0.13650799,-0.41174063,-0.15724063,-0.26996154,807.8755,800.2198,796.5934,794.9817,626.1539,-0.46112060546875,0.02362060546875,0.891357421875,3.96270751953125,-4.02252197265625,-0.73272705078125,315897.4358974359,8.15378021978022E7,3.272761904761905E7,47.935345,1,1.0,1.0,1.0,1.0,50.00
2025-06-30 23:55:40.474,0.089992896,-0.19736716,0.48679706,0.23800634,0.21935153,-0.4338617,0.75691503,0.28460076,0.26259765,-0.047342952,0.8777687,0.36644986,-0.04509575,-0.11095981,0.25927922,0.16239989,-0.31858918,-0.42756057,-0.18584488,-0.36717603,793.7729,799.011,792.1612,792.96704,693.0403,-0.45782470703125,0.02374267578125,0.88812255859375,3.656158447265625,-4.299163818359375,-0.70281982421875,316703.2967032967,8.158534798534799E7,3.273809523809524E7,48.07484,1,1.0,1.0,1.0,1.0,50.00
2025-06-30 23:55:41.476,0.12337785,-0.24973674,0.62723094,-0.110200346,0.19037324,-0.64582646,0.570272,0.17147326,0.34632835,0.04037159,0.9076993,0.5458317,0.17282051,-0.11289931,0.3149411,0.28217593,-0.25031117,-0.3698419,-0.24843289,-0.32840186,805.05493,800.2198,795.38464,801.4286,819.9634,-0.46246337890625,0.0263671875,0.8946533203125,3.775787353515625,-4.59075927734375,-0.351409912109375,316703.2967032967,8.188996336996336E7,3.2746959706959706E7,48.07484,1,1.0,1.0,1.0,1.0,50.00
2025-06-30 23:55:42.478,0.30676895,-0.46798158,1.0594099,0.30580002,0.08183075,-0.3142309,0.18758777,0.1441452,0.33972237,0.09992378,0.79726034,0.5082351,0.12848432,-0.13549528,0.31128496,0.26392686,-0.2671689,-0.24779336,-0.09576212,-0.13078062,801.02563,798.20514,800.6227,790.54944,657.98535,-0.4630126953125,0.02642822265625,0.88812255859375,4.119720458984375,-3.93280029296875,-0.657958984375,315897.4358974359,8.17618315018315E7,3.2728424908424906E7,47.74706,1,1.0,1.0,1.0,1.0,50.00
2025-06-30 23:55:43.481,0.4762034,-0.14201719,0.9109951,0.5046916,0.3198494,0.006595039,0.5237284,-0.0603225,0.3977455,0.13040419,0.85214794,0.29226124,-0.01642423,-0.100142375,0.3020006,0.18411154,-0.33508992,-0.266245,-0.11733873,-0.24925667,785.7143,797.8022,790.9524,794.9817,729.707,-0.4599609375,0.02587890625,0.88739013671875,3.87298583984375,-3.90289306640625,-0.897216796875,316703.2967032967,8.173684981684981E7,3.271956043956044E7,47.74706,1,1.0,1.0,1.0,1.0,50.00
2025-06-30 23:55:44.484,0.32904586,0.11341796,0.6667222,0.12094983,0.25085548,-0.2059141,0.58992326,0.12225256,0.4456986,0.12130648,0.61948496,0.22141457,-0.05895137,-0.15777828,0.28099582,0.16116568,-0.23490663,-0.25766397,-0.22048818,-0.17340459,776.4469,794.57874,777.25275,785.7143,719.2308,-0.45941162109375,0.0264892578125,0.890625,3.835601806640625,-4.007568359375,-0.859832763671875,315897.4358974359,8.166271062271062E7,3.273084249084249E7,47.74706,1,1.0,1.0,1.0,1.0,50.00
2025-06-30 23:55:45.484,-0.060272317,-0.047822922,0.69718397,-0.028951922,0.1788273,-0.379072,0.56458694,0.12704961,0.38007313,-0.0032167984,0.84989536,0.39265248,0.011811997,-0.10926518,0.35669565,0.20565435,-0.31781182,-0.32866007,-0.22850478,-0.22187874,787.72894,805.05493,806.6667,794.9817,623.73627,-0.4620361328125,0.023681640625,0.89263916015625,3.9776611328125,-4.134674072265625,-0.485992431640625,316703.2967032967,8.165062271062271E7,3.271069597069597E7,47.74706,1,1.0,1.0,1.0,1.0,50.00
2025-06-30 23:55:46.486,-0.36100572,-0.10996494,0.72829956,-0.13306993,0.03277039,-0.48282593,0.82663924,0.04824978,0.33845836,-0.10401692,0.8687677,0.36819032,0.11010833,-0.051653996,0.28560427,0.24591507,-0.3205058,-0.33205384,-0.21640721,-0.20852654,778.86444,800.6227,775.2381,791.75824,744.21246,-0.45831298828125,0.0224609375,0.8936767578125,3.760833740234375,-3.96270751953125,-1.158905029296875,315897.4358974359,8.177875457875457E7,3.2724395604395602E7,47.74706,1,1.0,1.0,1.0,1.0,50.00
2025-06-30 23:55:47.487,-0.015116887,-0.032136254,0.8706362,0.27293187,-0.19339663,-0.36672062,0.76276886,-0.08549229,0.2862891,-0.14299041,0.54923487,0.2836863,0.21464787,-0.03332161,0.2671592,0.20799404,-0.28359115,-0.36623567,-0.164921,-0.17585665,809.0842,799.81683,803.0403,803.8461,759.92676,-0.45703125,0.02325439453125,0.8961181640625,3.48419189453125,-4.18701171875,-0.979461669921875,316703.2967032967,8.188915750915751E7,3.2717142857142854E7,47.7146,1,1.0,1.0,1.0,1.0,50.00
2025-06-30 23:55:48.489,0.19137868,0.002593154,0.7939523,0.43666878,0.031284127,-0.096598335,0.42775354,0.24148656,0.11175431,-0.23497194,0.4705721,0.27486685,0.2759146,-0.072984695,0.3383499,0.31292352,-0.19185822,-0.3143628,-0.22393893,-0.105595626,787.326,794.57874,811.50183,796.99634,752.27106,-0.45965576171875,0.02117919921875,0.88934326171875,3.880462646484375,-4.044952392578125,-0.6280517578125,315897.4358974359,8.180776556776556E7,3.2674432234432235E7,47.7146,1,1.0,1.0,1.0,1.0,65.00
2025-06-30 23:55:49.491,0.16587459,-0.12834488,0.8720664,0.28211057,-0.08372058,-0.16468187,0.39087418,0.2542124,6.010104E-4,-0.1751111,0.6257453,0.10400789,0.19048525,-0.013451259,0.27881002,0.28056717,-0.14419004,-0.387107,-0.2283913,-0.052608367,794.9817,802.6374,787.326,794.57874,763.5531,-0.46124267578125,0.02349853515625,0.8895263671875,3.828125,-4.08233642578125,-0.964508056640625,316703.2967032967,8.155714285714285E7,3.263010989010989E7,48.96055,1,1.0,1.0,1.0,1.0,65.00
2025-06-30 23:55:50.494,0.25037467,-0.33363408,0.9904797,0.0138916755,-0.1016951,-0.4816135,0.5336586,0.060765486,-0.07029222,-0.07571683,0.63611245,0.26883677,0.045683775,-0.056104273,0.40387106,0.20114084,-0.20739873,-0.43856862,-0.22388825,-0.08072516,792.96704,793.36993,810.293,798.20514,796.99634,-0.4595947265625,0.02032470703125,0.885498046875,3.985137939453125,-3.686065673828125,-0.665435791015625,315897.4358974359,8.159179487179486E7,3.261238095238095E7,49.02591,1,1.0,1.0,1.0,1.0,65.00
2025-06-30 23:55:51.496,0.08428358,-0.1757999,0.8308851,-0.12916723,-0.085108496,-0.45046702,0.4331897,0.048601314,0.26960722,-0.101125516,0.5783698,0.28427556,0.0046841777,-0.029792255,0.32127053,0.11847658,-0.17362522,-0.426283,-0.15344015,0.03489425,810.696,807.47253,805.05493,819.9634,801.4286,-0.4599609375,0.022216796875,0.8905029296875,3.7982177734375,-4.2767333984375,-0.85235595703125,316703.2967032967,8.168043956043956E7,3.263897435897436E7,49.02591,1,1.0,1.0,1.0,1.0,65.00
2025-06-30 23:55:52.499,0.08713845,-0.33127782,0.6075416,-0.25524968,-0.15153909,-0.67323756,0.45548424,-0.17278472,0.16395517,-0.08851982,0.6939926,0.3061089,-0.01530158,-0.057933368,0.31607404,0.18696217,-0.17749454,-0.34436643,-0.26061055,0.019058459,801.4286,796.1905,788.93774,809.89014,800.6227,-0.46087646484375,0.02789306640625,0.89117431640625,3.835601806640625,-4.18701171875,-0.657958984375,315897.4358974359,8.169333333333333E7,3.266959706959707E7,49.02591,1,1.0,1.0,1.0,1.0,65.00
2025-06-30 23:55:53.500,0.08009615,-0.42744017,0.6026872,-0.2477198,-0.10870241,-0.19354856,0.58872926,-0.16324149,-0.05501835,0.15031543,0.6842305,0.32971886,0.24968646,-0.14233321,0.41141996,0.24950117,-0.34977412,-0.34944403,-0.30343294,-0.23975974,819.15753,805.05493,813.91943,808.2784,740.58606,-0.46234130859375,0.02349853515625,0.8883056640625,3.566436767578125,-3.90289306640625,-0.934600830078125,315897.4358974359,8.157648351648352E7,3.2678461538461536E7,48.914173,1,1.0,1.0,1.0,1.0,65.00
2025-06-30 23:55:54.501,0.075281896,-0.60079944,0.62030536,0.123884305,-0.019091567,-0.11112015,0.6509253,-0.18175885,0.3736802,0.20011163,0.6478846,0.32650617,0.23615432,-0.0101444945,0.27326107,0.15080748,-0.20520829,-0.42528698,-0.25793222,-0.13697231,803.8461,799.81683,799.81683,801.8315,741.39197,-0.46240234375,0.02337646484375,0.8892822265625,3.5589599609375,-3.96270751953125,-0.800018310546875,316703.2967032967,8.163289377289377E7,3.270021978021978E7,48.661118,1,1.0,1.0,1.0,1.0,65.00
2025-06-30 23:55:55.502,0.36718357,-0.31441617,0.53393954,0.34211552,0.037793994,-0.34340513,0.66248304,-0.13978334,0.48167315,0.13710684,0.6658753,0.32625648,0.22529076,-0.066445604,0.2620154,0.11628397,-0.19585073,-0.40703297,-0.15993956,-0.16757834,811.0989,801.4286,796.1905,807.0696,735.7509,-0.46575927734375,0.02056884765625,0.8837890625,3.207550048828125,-4.329071044921875,-1.024322509765625,317509.1575091575,8.16796336996337E7,3.2726007326007325E7,48.429947,1,1.0,1.0,1.0,1.0,65.00
2025-06-30 23:55:56.504,0.36743122,-0.054292224,0.95183474,0.32144818,-0.06470582,-0.48643708,0.57262605,-0.25808224,0.39515164,-0.15992488,0.6662229,0.27665833,0.10563812,-0.11578387,0.18251383,0.110829346,-0.2046202,-0.32622316,-0.07423245,-0.22305974,819.5604,800.2198,796.99634,807.8755,792.96704,-0.45892333984375,0.02587890625,0.88519287109375,3.686065673828125,-4.007568359375,-0.897216796875,316703.2967032967,8.183516483516483E7,3.2723589743589744E7,48.108376,1,1.0,1.0,1.0,1.0,65.00
2025-06-30 23:55:57.505,0.34036,-0.3400777,1.1228609,0.3265805,-0.08904884,-0.4851762,0.36394396,-0.31886348,0.19320743,0.13865583,0.57948035,0.2820171,0.07341122,0.0447234,0.071115926,0.124242835,-0.22379696,-0.38052985,-0.19982965,-0.1339249,811.50183,794.57874,802.6374,795.38464,743.00366,-0.46075439453125,0.02276611328125,0.89227294921875,3.6785888671875,-4.007568359375,-0.620574951171875,315897.4358974359,8.16159706959707E7,3.2658315018315017E7,47.829494,1,1.0,1.0,1.0,1.0,65.00
2025-06-30 23:55:58.508,0.3563505,-0.27123588,0.99052286,0.2462241,-0.18775901,-0.32251033,0.6282019,-0.10570588,0.1745773,0.06686696,0.63221884,0.1714088,0.13101761,0.0054631685,0.2015475,0.16860911,-0.2377946,-0.41099632,-0.30142108,-0.24611391,802.23444,798.20514,818.7546,796.1905,860.2564,-0.45941162109375,0.0238037109375,0.88720703125,4.059906005859375,-3.895416259765625,-0.620574951171875,315897.4358974359,8.142014652014652E7,3.2615604395604394E7,47.829494,1,1.0,1.0,1.0,1.0,65.00
2025-06-30 23:55:59.510,0.27301094,-0.18676482,0.92802876,0.2777713,-0.12932797,-0.25244787,0.69443303,-0.08709653,0.34883246,-0.107442655,0.82878107,0.24789318,0.0958176,-0.12807673,0.31117776,0.049435414,-0.23757884,-0.41313598,-0.3332182,-0.30556172,801.4286,798.20514,802.23444,804.65204,772.4176,-0.459228515625,0.02374267578125,0.8856201171875,3.940277099609375,-3.93280029296875,-0.964508056640625,316703.2967032967,8.160710622710623E7,3.2656703296703298E7,47.829494,1,1.0,1.0,1.0,1.0,65.00
2025-06-30 23:56:00.513,0.20435144,-0.45594934,0.7646574,0.1588197,-0.0848588,-0.12239567,0.46529242,-0.19388974,0.1964575,-0.24111018,0.7032304,0.45233718,0.09610459,-0.03210042,0.29831815,-0.029004408,-0.29596552,-0.38692307,-0.41473418,-0.14157243,802.6374,792.5641,815.5311,796.99634,862.27106,-0.46014404296875,0.02178955078125,0.8939208984375,3.955230712890625,-4.194488525390625,-0.471038818359375,317509.1575091575,8.179084249084249E7,3.272761904761905E7,47.829494,1,1.0,1.0,1.0,1.0,65.00
2025-06-30 23:56:01.514,0.23887882,-0.37651217,0.63457686,0.27446428,-0.008225604,-0.21636264,0.46135682,0.0011956763,0.14288223,-0.026792007,0.43657,0.4468779,0.24258724,0.08117235,0.5051086,0.24726129,-0.30049473,-0.3121038,-0.43136024,-0.14540924,806.6667,797.3993,801.02563,798.20514,669.2674,-0.46112060546875,0.02252197265625,0.8917236328125,3.760833740234375,-4.17205810546875,-0.83740234375,315897.4358974359,8.170783882783882E7,3.273164835164835E7,47.344967,1,1.0,1.0,1.0,1.0,65.00
2025-06-30 23:56:02.515,0.34214973,-0.13232404,0.7287052,0.35877344,-0.03393714,-0.3904836,0.64680487,0.18640818,0.056871586,-0.077398285,0.36149547,0.22359192,0.20958164,0.17135362,0.4812731,0.36963704,-0.14830372,-0.26862246,-0.10472679,-0.3846408,792.96704,799.011,801.4286,792.1612,751.4652,-0.461181640625,0.02374267578125,0.88824462890625,3.887939453125,-4.015045166015625,-0.538330078125,315897.4358974359,8.15789010989011E7,3.2705054945054945E7,47.265045,1,1.0,1.0,1.0,1.0,65.00
2025-06-30 23:56:03.517,0.2133586,-0.58950186,0.88686246,0.17842166,-0.11126095,-0.6472041,0.51927626,-0.0050633713,0.052598167,-0.1456128,0.41953656,0.19959505,0.011507203,-0.010595256,0.26439175,0.011014798,-0.1293611,-0.18759695,-0.027538916,-0.2440509,807.0696,806.6667,797.8022,797.3993,763.1502,-0.4613037109375,0.0203857421875,0.8846435546875,4.000091552734375,-4.164581298828125,-0.695343017578125,316703.2967032967,8.174249084249084E7,3.272117216117216E7,47.265045,1,1.0,1.0,1.0,1.0,65.00
2025-06-30 23:56:04.519,0.16893575,0.06862961,0.888223,0.19039051,-0.045308936,-0.20411843,0.23654266,-0.046064172,0.21073575,-0.13268185,0.51767117,0.22654814,-0.021149278,-0.30460227,0.2403771,0.06587097,-0.2505337,-0.2577192,-0.24285106,-0.09409447,795.78754,801.8315,799.011,798.60803,763.95605,-0.4620361328125,0.02020263671875,0.88116455078125,3.84307861328125,-3.78326416015625,-0.5682373046875,316703.2967032967,8.19262271062271E7,3.2725201465201464E7,47.052612,1,1.0,1.0,1.0,1.0,65.00
2025-06-30 23:56:05.521,0.0876347,0.075486556,0.88944846,0.36365443,0.03213751,-0.19771829,0.42283937,0.34178993,0.25458005,-0.089456856,0.6462505,0.48498267,0.043881424,-0.09940213,0.36413467,0.12789845,-0.24901406,-0.3549283,-0.19435915,-0.07195438,781.685,793.36993,801.8315,784.10254,722.0513,-0.4605712890625,0.01934814453125,0.889404296875,3.768310546875,-4.059906005859375,-0.814971923828125,317509.1575091575,8.175216117216118E7,3.269135531135531E7,46.927834,1,1.0,1.0,1.0,1.0,65.00
2025-06-30 23:56:06.524,-0.13427351,0.06388343,0.9598112,0.15298693,-0.13538878,-0.3208254,0.49616948,0.07709373,0.024317749,-0.045178633,0.69300026,0.41359466,0.2192347,-0.005441179,0.37770048,0.30957827,-0.36437863,-0.4874489,-0.18323764,-0.2795417,790.14655,793.7729,801.02563,794.57874,678.1319,-0.462158203125,0.0155029296875,0.886962890625,3.78326416015625,-3.828125,-0.740203857421875,315897.4358974359,8.159421245421246E7,3.268249084249084E7,46.905067,1,1.0,1.0,1.0,1.0,65.00
2025-06-30 23:56:07.526,-0.07530577,-0.19853036,1.069173,0.16398998,-0.13753843,-0.28165773,0.64467245,0.30256805,0.18027812,0.19320898,0.6248079,0.4891291,0.15065934,0.058459926,0.33481234,0.22282144,-0.21899728,-0.44333485,-0.3238519,-0.11674343,778.46155,796.1905,786.9231,785.7143,739.3773,-0.46337890625,0.01531982421875,0.89093017578125,3.745880126953125,-4.17205810546875,-0.874786376953125,315897.4358974359,8.163289377289377E7,3.2693772893772893E7,46.905067,1,1.0,1.0,1.0,1.0,65.00
2025-06-30 23:56:08.528,-0.13551466,-0.4253264,1.0527768,-0.13243118,-0.08597988,0.0014909082,0.5364419,0.30119872,0.24139012,0.23832782,0.6746288,0.53500617,0.156105,-0.060755294,0.32860413,0.2051515,-0.30960646,-0.36488894,-0.2565632,-0.043693423,782.8938,798.60803,804.65204,791.75824,759.5238,-0.46051025390625,0.0201416015625,0.8900146484375,3.87298583984375,-4.403839111328125,-0.8074951171875,315897.4358974359,8.188593406593406E7,3.274212454212454E7,46.905067,1,1.0,1.0,1.0,1.0,65.00
2025-06-30 23:56:09.536,0.1373733,-0.44204745,0.81280226,0.15783001,0.027449228,-0.07095494,0.5414428,0.1804331,0.21241356,0.19856885,0.77570045,0.4031406,0.11461027,-0.089692146,0.22723107,0.18925512,-0.20710772,-0.35637915,-0.29069152,-0.08454692,794.57874,805.4579,789.34064,797.8022,667.6557,-0.46246337890625,0.01507568359375,0.8914794921875,3.566436767578125,-3.9178466796875,-0.844879150390625,315897.4358974359,8.178358974358974E7,3.2718754578754578E7,46.905067,1,1.0,1.0,1.0,1.0,55.00
2025-06-30 23:56:10.538,0.4027267,0.010861392,0.8987571,0.5084496,0.18462197,-0.068533614,0.43650842,0.2458408,0.23522215,0.21176572,0.5522915,0.49608868,0.06857969,-0.057050698,0.27280006,0.19946264,-0.1987201,-0.347414,-0.30248243,-0.11253199,787.326,797.8022,816.7399,796.1905,879.59705,-0.4637451171875,0.017578125,0.88836669921875,3.887939453125,-4.015045166015625,-0.889739990234375,317509.1575091575,8.161516483516483E7,3.2683296703296702E7,46.64898,1,1.0,1.0,1.0,1.0,55.00
2025-06-30 23:56:11.540,0.2959311,0.045788076,0.8456607,0.24876505,0.15401968,-0.37131324,0.41049615,0.36626744,0.018254511,0.01855912,0.42068022,0.44745708,-0.021366118,-0.041179117,0.22026628,0.15021512,-0.07859844,-0.21800692,-0.28384843,-0.11598996,808.68134,798.20514,804.65204,813.91943,979.5238,-0.45831298828125,0.0185546875,0.8966064453125,4.104766845703125,-4.26177978515625,-0.800018310546875,317509.1575091575,8.165465201465201E7,3.270021978021978E7,46.64898,1,1.0,1.0,1.0,1.0,55.00
2025-06-30 23:56:12.542,0.0678517,-0.2925023,0.6944698,-0.094151266,-0.03269126,-0.39206627,0.4454936,0.02987173,0.053211585,-0.06574089,0.6313119,0.13503866,-0.041410424,-0.08590664,0.22553019,0.07499597,-0.2540834,-0.26823533,-0.25294402,-0.1903437,798.20514,801.02563,789.34064,807.47253,705.5311,-0.46295166015625,0.01904296875,0.88580322265625,4.000091552734375,-3.75335693359375,-1.2261962890625,315897.4358974359,8.186578754578754E7,3.270989010989011E7,46.544746,1,1.0,1.0,1.0,1.0,55.00
2025-06-30 23:56:13.545,-0.09719793,-0.2114684,0.6248499,0.051443145,-0.036842566,-0.36346295,0.57705915,-0.026905436,0.09698239,-0.21683714,0.6372365,0.27654442,0.054414846,-0.17864135,0.18735348,0.1517124,-0.12653884,-0.37156257,-0.13391487,-0.009851278,771.6117,780.07324,804.2491,801.8315,1033.1135,-0.46337890625,0.01800537109375,0.8905029296875,4.02252197265625,-3.955230712890625,-0.994415283203125,316703.2967032967,8.181340659340659E7,3.2705860805860806E7,46.38928,1,1.0,1.0,1.0,1.0,55.00
2025-06-30 23:56:14.546,0.39891556,0.5959523,0.9320749,0.31853256,0.054033328,-0.2488054,0.45239732,0.038400594,0.16690886,-0.27710366,0.49556127,0.10709517,0.004534411,-0.12009503,0.23679234,0.21362936,-0.15115343,-0.4008745,-0.17149886,-0.049834132,815.5311,801.8315,805.05493,812.3077,935.2015,-0.462646484375,0.0146484375,0.8896484375,3.850555419921875,-3.99261474609375,-0.49346923828125,315897.4358974359,8.163128205128205E7,3.2692161172161173E7,46.458378,1,1.0,1.0,1.0,1.0,55.00
2025-06-30 23:56:15.547,0.5152639,0.3857405,0.6917495,0.17495072,-0.09948926,-0.37920207,0.18062069,-0.042684894,0.07934039,-0.22815607,0.54275656,0.045421313,-0.103110045,0.009771211,0.29943514,0.16283531,-0.38313454,-0.5543506,-0.4064956,-0.18595478,809.89014,798.20514,800.2198,809.4872,611.2454,-0.46270751953125,0.020263671875,0.88922119140625,3.895416259765625,-4.209442138671875,-0.889739990234375,315897.4358974359,8.162644688644688E7,3.2679267399267398E7,46.483574,1,1.0,1.0,1.0,1.0,55.00
2025-06-30 23:56:16.549,0.3545409,-0.04473894,0.73551774,0.05486552,-0.37436405,-0.42010722,0.2091479,-0.037838418,0.24432501,-0.14689283,0.5465638,0.33108237,0.17816687,0.06387107,0.29098272,0.19612677,-0.31157127,-0.58241624,-0.4060026,-0.21173005,808.68134,789.7436,788.5348,813.5165,860.2564,-0.46649169921875,0.0137939453125,0.88916015625,3.521575927734375,-4.11224365234375,-0.829925537109375,316703.2967032967,8.175457875457875E7,3.269054945054945E7,46.51663,1,1.0,1.0,1.0,1.0,55.00
2025-06-30 23:56:17.550,0.2454687,-0.45496964,0.40912905,0.20316063,-0.4098262,-0.7451703,0.4596417,-0.03264508,0.32327664,-0.05843345,0.6255275,0.4865552,0.24282616,0.05679341,0.31514853,0.27046338,-0.23063922,-0.45553422,-0.293031,-0.27998608,819.15753,796.5934,807.47253,807.47253,827.2161,-0.466796875,0.0140380859375,0.8983154296875,3.48419189453125,-4.403839111328125,-0.620574951171875,315897.4358974359,8.184644688644688E7,3.268087912087912E7,46.570972,1,1.0,1.0,1.0,1.0,55.00
2025-06-30 23:56:18.552,0.008282546,-0.46775293,0.37501577,-0.045060087,-0.29667327,-0.739263,0.33810246,0.141757,0.23816276,-0.057150148,0.46796817,0.38127166,0.13169067,0.023138935,0.2877055,0.17575993,-0.22132058,-0.3339284,-0.20456634,-0.21218105,818.7546,796.1905,794.9817,807.0696,669.67035,-0.46044921875,0.0145263671875,0.891357421875,3.7982177734375,-3.93280029296875,-0.800018310546875,315897.4358974359,8.16054945054945E7,3.2655897435897436E7,46.831192,1,1.0,1.0,1.0,1.0,55.00
2025-06-30 23:56:19.564,-0.18546711,-0.07651952,0.66192317,0.07535495,-0.19207545,-0.35962546,0.6155967,0.23341544,0.033710793,-0.09500174,0.51377493,0.1020806,0.013527381,0.05093666,0.38606685,0.0612731,-0.23067465,-0.41516086,-0.2118874,-0.24556608,811.50183,807.47253,808.2784,808.2784,733.3333,-0.4622802734375,0.01654052734375,0.8890380859375,3.7982177734375,-4.134674072265625,-0.680389404296875,315897.4358974359,8.152249084249084E7,3.2616410256410256E7,46.83083,1,1.0,1.0,1.0,1.0,65.00
2025-06-30 23:56:20.566,-0.07388186,0.1246144,0.66700506,0.15694675,0.09314155,-0.31238043,0.75559926,0.029551024,0.062815435,-0.07349483,0.5643953,0.1362174,-0.056278903,0.12567256,0.35925677,0.10484,-0.07048492,-0.29117692,-0.23227341,-0.12404388,808.68134,796.99634,787.72894,799.011,727.6923,-0.4656982421875,0.02099609375,0.88702392578125,3.96270751953125,-4.089813232421875,-1.03179931640625,316703.2967032967,8.147252747252747E7,3.2634945054945055E7,46.8308,1,1.0,1.0,1.0,1.0,65.00
2025-06-30 23:56:21.567,0.15083952,-0.1618718,0.85996294,0.23035328,0.2281887,-0.31320223,0.5544958,-0.08157023,-0.077925056,-0.2141143,0.48377177,0.033712093,-0.021155223,0.12632725,0.30024356,0.29716417,-0.09455861,-0.4199971,-0.08050041,-0.15272662,808.68134,796.5934,795.78754,795.78754,699.0842,-0.46466064453125,0.0179443359375,0.89007568359375,3.521575927734375,-4.85992431640625,-0.52337646484375,315897.4358974359,8.166593406593406E7,3.2664761904761903E7,46.83052,1,1.0,1.0,1.0,1.0,65.00
2025-06-30 23:56:22.569,0.08123852,-0.16752954,0.73694324,0.2856466,0.03624036,-0.18757245,0.40791887,0.02978958,0.15413477,-0.0033071751,0.5126776,0.48435333,0.17996955,0.09940147,0.34017554,0.3185763,-0.29679883,-0.39507762,-0.17526294,-0.2476466,796.1905,800.6227,807.0696,797.8022,783.2967,-0.46240234375,0.0166015625,0.8880615234375,4.0673828125,-4.074859619140625,-0.695343017578125,317509.1575091575,8.17843956043956E7,3.2694578754578754E7,46.921154,1,1.0,1.0,1.0,1.0,65.00
2025-06-30 23:56:23.571,0.16120905,-0.3338933,0.44975275,0.07841075,0.113706164,-0.15122356,0.41426855,0.22713363,0.18484837,0.0026360934,0.6850497,0.4951769,0.06590292,0.05264555,0.31787327,0.14703181,-0.3284346,-0.258469,-0.16904998,-0.22712065,798.60803,801.4286,797.3993,792.96704,779.67035,-0.46514892578125,0.01788330078125,0.88836669921875,3.69354248046875,-3.955230712890625,-0.949554443359375,316703.2967032967,8.156761904761904E7,3.270102564102564E7,46.812584,1,1.0,1.0,1.0,1.0,65.00
2025-06-30 23:56:24.572,0.1301674,-0.24499488,0.7893863,-0.014060674,-0.0061932663,-0.29069495,0.58042365,0.106504776,0.10616894,-0.28148502,0.5739249,0.31712452,0.10306589,-0.00995564,0.26854777,0.09101326,-0.32819146,-0.30757743,-0.18632308,-0.30627984,790.14655,814.7253,811.0989,798.60803,625.7509,-0.45953369140625,0.0157470703125,0.88946533203125,3.775787353515625,-4.598236083984375,-0.695343017578125,316703.2967032967,8.158454212454212E7,3.269296703296703E7,46.70143,1,1.0,1.0,1.0,1.0,65.00
2025-06-30 23:56:25.574,0.170225,0.1348516,0.9531658,-0.1932369,-0.037508164,-0.41038677,0.46231812,0.037485577,0.18961556,0.08819318,0.7270411,0.38685402,0.16232668,-0.035180956,0.39025095,0.19093959,-0.3710007,-0.3393277,-0.20991543,-0.09099358,781.685,798.60803,812.71063,787.326,691.8315,-0.46734619140625,0.01171875,0.88909912109375,3.75335693359375,-3.835601806640625,-0.949554443359375,315897.4358974359,8.167076923076923E7,3.268813186813187E7,46.62669,1,1.0,1.0,1.0,1.0,65.00
2025-06-30 23:56:26.581,0.16402577,0.013451174,0.66706276,-0.06448117,0.02959601,-0.46755993,0.30282533,-0.12874699,0.1535339,0.009605367,0.81497246,0.06771492,0.17159517,-0.049497582,0.37048617,0.35657424,-0.38089442,-0.3251642,-0.37655735,-0.128386,793.36993,800.6227,794.17584,800.6227,744.61536,-0.4632568359375,0.01666259765625,0.889892578125,3.409423828125,-4.14215087890625,-0.6280517578125,315897.4358974359,8.183838827838828E7,3.273003663003663E7,46.579227,1,1.0,1.0,1.0,1.0,65.00
2025-06-30 23:56:27.582,-0.35014102,-0.4045775,0.39982548,0.048192773,-0.30202904,-0.35751575,0.29862675,-0.47154343,0.035848867,-0.0138501935,0.7864293,0.22809003,0.09090847,-0.03324965,0.2537089,0.22038275,-0.43460926,-0.41584092,-0.41020137,-0.2847879,785.31134,800.2198,799.011,795.78754,583.0403,-0.464599609375,0.017333984375,0.8900146484375,3.66363525390625,-4.224395751953125,-0.85235595703125,316703.2967032967,8.163934065934065E7,3.270344322344322E7,46.755573,1,1.0,1.0,1.0,1.0,65.00
2025-06-30 23:56:28.583,0.28424555,-0.24343547,0.9119994,0.33513755,-0.100625545,-0.37827975,0.48061818,-0.09731396,0.1722152,-0.010989363,0.7540789,0.40399015,0.122678936,-0.015159167,0.20795453,0.23672271,-0.2869344,-0.42455807,-0.33384502,-0.18173584,784.5055,796.5934,806.26373,788.5348,689.41394,-0.46160888671875,0.01531982421875,0.8892822265625,3.671112060546875,-3.828125,-0.777587890625,317509.1575091575,8.170542124542125E7,3.269135531135531E7,46.717316,1,1.0,1.0,1.0,1.0,65.00
2025-06-30 23:56:29.584,0.38977832,-0.20161055,0.89888686,0.36206725,-0.13739806,-0.5456199,0.28522155,-0.18423182,0.08064759,-0.052491363,0.71637696,0.39242133,0.20262097,-0.043795213,0.1475096,0.23282169,-0.2342461,-0.3412319,-0.29639646,-0.18241741,786.1172,802.23444,805.05493,793.7729,739.7802,-0.466064453125,0.01904296875,0.88751220703125,3.925323486328125,-3.6187744140625,-0.70281982421875,315897.4358974359,8.157326007326007E7,3.2672820512820512E7,46.715595,1,1.0,1.0,1.0,1.0,60.00
2025-06-30 23:56:30.585,0.11405803,-0.1813631,0.4669341,0.16260643,-0.14528358,-0.37232414,0.2668987,-0.009363085,0.007923134,-0.08394195,0.69041646,0.2226139,0.19112201,-0.14961821,0.30040124,0.30913445,-0.20644644,-0.37605274,-0.10133184,-0.14756809,776.04395,802.6374,803.8461,779.67035,718.4249,-0.4610595703125,0.0147705078125,0.89056396484375,3.775787353515625,-3.70849609375,-1.15142822265625,316703.2967032967,8.167560439560439E7,3.26196336996337E7,46.715595,1,1.0,1.0,1.0,1.0,60.00
2025-06-30 23:56:31.590,0.20008032,-0.19025224,0.5343939,0.24990304,-0.1115691,-0.20432113,0.27466646,0.09610078,0.15185818,-0.08525629,0.4495586,0.19298102,0.15117447,-0.029265746,0.3178888,0.19437318,-0.23097573,-0.5144386,-0.10612629,-0.103473544,786.1172,800.2198,804.65204,801.8315,822.381,-0.4595947265625,0.01470947265625,0.8876953125,4.05242919921875,-3.78326416015625,-0.590667724609375,315897.4358974359,8.17021978021978E7,3.260996336996337E7,46.991314,1,1.0,1.0,1.0,1.0,60.00
2025-06-30 23:56:32.595,0.027306214,-0.104970634,0.9862492,0.2640169,-0.036024097,-0.27071884,0.66798496,-0.08955218,0.15059757,0.091539115,0.6860898,0.011092208,0.12370261,-0.052907113,0.16990507,0.11168875,-0.26996958,-0.26614133,-0.07244137,-0.094983794,787.72894,801.4286,807.0696,798.60803,834.4689,-0.462890625,0.01751708984375,0.88665771484375,3.805694580078125,-4.007568359375,-0.829925537109375,316703.2967032967,8.145560439560439E7,3.26196336996337E7,47.149235,1,1.0,1.0,1.0,1.0,60.00
2025-06-30 23:56:33.596,-0.015003015,-0.34949258,0.9760179,0.31232905,0.08860087,-0.47065166,0.6940022,0.2741766,0.23785985,-0.04468943,0.75723875,0.3467096,0.278294,-0.10591168,0.30966398,0.24008854,-0.3473049,-0.33615798,-0.1278486,-0.1112086,780.87915,797.8022,799.81683,797.8022,704.3223,-0.4630126953125,0.01458740234375,0.88897705078125,3.887939453125,-4.11224365234375,-0.73272705078125,316703.2967032967,8.133956043956044E7,3.259304029304029E7,47.104454,1,1.0,1.0,1.0,1.0,60.00
2025-06-30 23:56:34.598,0.35850266,-0.43756062,0.90551287,0.21712077,0.16145027,-0.32393107,0.7328257,0.22480749,0.3218632,-0.11389867,0.7303537,0.49357703,0.25632045,-0.029892433,0.32777825,0.3461698,-0.46713734,-0.36810517,-0.22135709,-0.12887157,775.64105,800.6227,803.8461,796.1905,783.2967,-0.4608154296875,0.01654052734375,0.89239501953125,3.566436767578125,-4.4561767578125,-0.351409912109375,316703.2967032967,8.143062271062271E7,3.2613186813186813E7,47.09097,1,1.0,1.0,1.0,1.0,60.00
2025-06-30 23:56:35.600,0.5343258,-0.021328164,0.7601614,0.27222893,0.10472134,-0.26418713,0.68780035,0.28572845,0.18354717,-0.41351005,0.5720115,0.42713028,0.24601664,0.030196054,0.4152964,0.36234835,-0.21778084,-0.25139043,-0.18327945,-0.1585001,813.5165,795.78754,807.8755,809.0842,729.707,-0.46514892578125,0.0159912109375,0.89398193359375,3.955230712890625,-4.134674072265625,-0.49346923828125,316703.2967032967,8.178761904761904E7,3.266959706959707E7,46.774128,1,1.0,1.0,1.0,1.0,60.00
2025-06-30 23:56:36.601,0.106095925,-0.13582721,0.7752653,0.33782676,-0.2434955,-0.33247274,0.53602076,0.24234103,-0.0025546686,-0.098759696,0.651859,0.32819116,0.08067725,0.013120478,0.26824266,0.07672128,-0.14286985,-0.336227,-0.18965311,-0.16558823,805.8608,808.2784,811.50183,807.47253,716.0073,-0.46142578125,0.0159912109375,0.88885498046875,3.60382080078125,-3.81317138671875,-1.084136962890625,316703.2967032967,8.162080586080585E7,3.2666373626373626E7,46.672783,1,1.0,1.0,1.0,1.0,60.00
2025-06-30 23:56:37.605,0.09312241,-0.58456296,1.0048244,0.20437005,-0.093636855,-0.30474278,0.574831,0.20495084,0.061968524,0.14654064,0.49123746,0.3554201,0.046919715,-0.046951864,0.24749504,0.12779728,-0.15930709,-0.45653474,-0.30655685,-0.21326375,815.5311,805.4579,797.3993,810.293,725.2747,-0.46343994140625,0.0150146484375,0.88739013671875,3.84307861328125,-3.94775390625,-0.844879150390625,316703.2967032967,8.156358974358974E7,3.266959706959707E7,46.516594,1,1.0,1.0,1.0,1.0,60.00
2025-06-30 23:56:38.606,0.122681394,-0.24119125,0.7415541,0.32118598,0.026233189,-0.27326092,0.34686643,0.2868397,-0.04226052,-0.21180189,0.39695594,0.15435226,-0.05245999,-0.08901676,0.41918537,0.18379521,-0.24629757,-0.39328703,-0.16789387,-0.11113195,809.4872,797.8022,806.26373,801.4286,784.90845,-0.46282958984375,0.01922607421875,0.886962890625,3.790740966796875,-4.007568359375,-0.73272705078125,315897.4358974359,8.145076923076923E7,3.2685714285714284E7,46.516594,1,1.0,1.0,1.0,1.0,60.00
2025-06-30 23:56:39.607,-0.009626886,-0.30519247,0.7709087,0.14541797,0.15205173,-0.11448472,0.37940714,0.19789991,0.2821934,-0.046262417,0.21726564,0.38644513,0.10194501,0.03701305,0.34707385,0.21326098,-0.38691348,-0.3380118,-0.09720031,-0.2439501,814.3223,799.41394,799.41394,813.1135,691.4286,-0.46612548828125,0.01580810546875,0.880615234375,3.69354248046875,-3.536529541015625,-1.009368896484375,315897.4358974359,8.180454212454212E7,3.2734871794871792E7,46.516594,1,1.0,1.0,1.0,1.0,60.00
2025-06-30 23:56:40.610,-0.14775419,-0.4968473,0.68626267,-0.24953331,0.044472218,-0.34971035,0.38013712,-0.17881866,0.2734056,-0.14268693,0.6563635,0.39380133,0.16273803,-0.11580558,0.11205601,0.27424043,-0.40465295,-0.3972097,-0.16994078,-0.1401929,815.12823,798.60803,800.6227,807.47253,959.3773,-0.463623046875,0.018310546875,0.88812255859375,3.596343994140625,-4.134674072265625,-0.590667724609375,316703.2967032967,8.166432234432234E7,3.271150183150183E7,46.519093,1,1.0,1.0,1.0,1.0,65.00
2025-06-30 23:56:41.611,-0.14341453,-0.26323113,0.68829244,0.18185759,-0.07701163,-0.19269486,0.32725433,-0.15967272,0.06172433,-0.03142032,0.72509307,0.08298064,0.11675133,-0.07903312,0.19490458,0.33589378,-0.26106104,-0.5759516,-0.31190932,-0.13368714,828.022,802.6374,799.81683,806.26373,749.45056,-0.46295166015625,0.0189208984375,0.88739013671875,3.985137939453125,-3.9776611328125,-0.5682373046875,316703.2967032967,8.151926739926739E7,3.2684908424908426E7,46.52389,1,1.0,1.0,1.0,1.0,65.00
2025-06-30 23:56:42.613,0.24428946,0.056156024,0.480739,0.22277912,0.0059352727,-0.09687151,0.26835364,0.29722375,0.12627944,0.042367995,0.48850882,0.24153191,0.2169089,0.0016447268,0.18219003,0.34207487,-0.24170862,-0.3694177,-0.18906853,-0.09786644,794.57874,802.6374,788.93774,793.36993,593.5165,-0.46368408203125,0.02252197265625,0.88873291015625,3.626251220703125,-4.194488525390625,-1.069183349609375,315897.4358974359,8.150234432234432E7,3.2634945054945055E7,46.55857,1,1.0,1.0,1.0,1.0,65.00
2025-06-30 23:56:43.615,0.42093027,0.0064068907,0.4328708,0.060001273,0.25850695,-0.07177673,0.55339277,0.22537123,0.09453479,-0.10977563,0.49300295,0.34445634,0.0987214,-0.054636773,0.22302225,0.31743976,-0.37885475,-0.40884686,-0.27431932,-0.20446284,796.1905,790.54944,812.3077,797.8022,911.8315,-0.4599609375,0.02008056640625,0.8885498046875,3.81317138671875,-3.69354248046875,-0.79254150390625,315897.4358974359,8.17021978021978E7,3.2635750915750913E7,46.606827,1,1.0,1.0,1.0,1.0,65.00
2025-06-30 23:56:44.616,0.14368336,0.0035704512,0.73590726,0.14411364,-0.10288002,-0.17533138,0.518035,-0.08337592,-0.092777535,-0.1618479,0.5904689,0.3150077,0.1176865,-3.8692073E-4,0.25773358,0.18304957,-0.17026016,-0.1770645,-0.30205882,-0.092854075,788.1319,799.81683,801.4286,793.36993,844.1392,-0.4681396484375,0.017822265625,0.88818359375,3.96270751953125,-4.059906005859375,-0.620574951171875,316703.2967032967,8.178358974358974E7,3.265106227106227E7,46.43407,1,1.0,1.0,1.0,1.0,65.00
2025-06-30 23:56:45.618,-0.023280792,-0.26508334,0.65255034,0.26757225,-0.15956116,-0.19031785,0.2742789,0.059837267,0.317307,0.10829075,0.30810794,0.228254,0.10882804,-0.1531514,0.065563865,0.24676666,-0.1447486,-0.20997317,-0.2186638,-0.043466695,788.5348,801.4286,801.8315,796.1905,615.6777,-0.46246337890625,0.0174560546875,0.88970947265625,3.461761474609375,-4.0673828125,-0.785064697265625,317509.1575091575,8.157406593406594E7,3.2613992673992675E7,46.379448,1,1.0,1.0,1.0,1.0,65.00
2025-06-30 23:56:46.620,0.15107258,-0.19579293,0.7632631,0.3057409,-0.10462118,-0.5532696,0.6210972,0.19154847,0.27975142,0.08673786,0.9446805,0.17065546,0.21079937,-4.818039E-4,0.24628717,0.31320164,-0.12903209,-0.4096383,-0.23605263,-0.06940367,786.9231,795.78754,793.36993,791.3553,775.2381,-0.4615478515625,0.01947021484375,0.88836669921875,3.70849609375,-3.99261474609375,-0.777587890625,316703.2967032967,8.151443223443224E7,3.2605128205128204E7,46.438484,1,1.0,1.0,1.0,1.0,65.00
2025-06-30 23:56:47.622,0.42138344,-0.034627892,0.7193871,0.26106414,-0.08410523,-0.4949895,0.52277553,-0.021729808,-0.0036454205,0.16424756,0.8127998,0.3291554,0.15659304,-0.060941674,0.2930917,0.26953918,-0.23202845,-0.2225453,-0.31506935,-0.19279367,783.2967,793.36993,796.99634,788.93774,892.0879,-0.46246337890625,0.02117919921875,0.8885498046875,4.104766845703125,-3.865509033203125,-0.55328369140625,315897.4358974359,8.142901098901099E7,3.2597875457875457E7,46.467457,1,1.0,1.0,1.0,1.0,65.00
2025-06-30 23:56:48.624,0.31343594,-0.110423364,0.8559613,0.33213645,-0.12563305,-0.26232338,0.37101844,-0.073814645,-0.052272677,0.06105842,0.42025197,0.22727549,0.05552707,-0.10028549,0.16624148,0.21782814,-0.23710842,-0.28583124,-0.28910872,-0.25317514,785.31134,798.20514,792.5641,802.23444,635.0183,-0.46453857421875,0.0179443359375,0.88446044921875,4.119720458984375,-3.529052734375,-1.024322509765625,317509.1575091575,8.173765567765568E7,3.2654285714285713E7,46.682076,1,1.0,1.0,1.0,1.0,65.00
2025-06-30 23:56:49.626,0.34487945,0.08509229,0.9182513,0.34288827,0.15282075,-0.19792219,0.2569967,0.22391693,-0.14960702,-0.18504918,0.4603759,0.29405805,0.12765491,0.08038262,0.24083163,0.22731404,-0.2713185,-0.34527606,-0.3436732,-0.21198031,779.67035,794.57874,789.7436,781.685,700.696,-0.4637451171875,0.017822265625,0.89288330078125,3.99261474609375,-3.828125,-0.695343017578125,316703.2967032967,8.163772893772894E7,3.265992673992674E7,46.682076,1,1.0,1.0,1.0,1.0,65.00
2025-06-30 23:56:50.632,0.30091652,-0.023022,0.8409794,0.44122168,-0.13107443,-0.33327237,0.3897889,0.22277087,-0.22079548,-0.17375964,0.53443235,0.3581938,0.19726798,0.08622136,0.2955734,0.23548713,-0.16935527,-0.2970853,-0.20392284,-0.061153065,786.52014,794.57874,786.9231,789.7436,875.16486,-0.4652099609375,0.019775390625,0.88800048828125,3.835601806640625,-3.955230712890625,-0.949554443359375,316703.2967032967,8.146124542124543E7,3.265347985347985E7,46.682076,1,1.0,1.0,1.0,1.0,65.00
2025-06-30 23:56:51.639,0.34920037,-0.17671332,0.90655315,0.4882391,-0.14153911,-0.53194225,0.42738578,-0.059044126,-0.027076239,-0.13600923,0.39964,0.16681212,0.11613045,-0.07318983,-0.0061628195,0.23416027,0.0062485775,-0.24268347,-0.22345904,0.039073717,788.93774,801.4286,799.81683,801.8315,635.0183,-0.46099853515625,0.02374267578125,0.88751220703125,3.5888671875,-3.820648193359375,-1.136474609375,316703.2967032967,8.139435897435898E7,3.264945054945055E7,46.682076,1,1.0,1.0,1.0,1.0,65.00
2025-06-30 23:56:52.641,0.197275,-0.25104022,0.60360307,-0.006235142,-0.2132951,-0.40910378,0.31732002,-0.21289954,0.15533288,-0.0138472775,0.35935387,0.49110347,-0.005588003,-0.111152686,0.046170216,0.10328107,-0.10226449,-0.37205762,-0.28345278,0.04539377,817.9487,809.0842,807.47253,811.9048,746.2271,-0.46356201171875,0.0184326171875,0.89178466796875,3.48419189453125,-3.910369873046875,-0.9869384765625,316703.2967032967,8.16465934065934E7,3.2695384615384616E7,46.682076,1,1.0,1.0,1.0,1.0,65.00
2025-06-30 23:56:53.642,-0.14579803,-0.2044737,0.7204786,-0.064965636,-0.3513753,-0.22326183,0.3481863,0.034878124,0.275986,0.09870238,0.41779417,0.547933,0.0024843945,0.030936314,0.27356517,0.13544895,-0.042088293,-0.27048165,-0.17905861,0.049296238,813.91943,809.89014,796.5934,808.68134,975.4945,-0.46868896484375,0.020263671875,0.8914794921875,3.925323486328125,-4.493560791015625,-0.500946044921875,315897.4358974359,8.153296703296703E7,3.2705054945054945E7,46.085617,1,1.0,1.0,1.0,1.0,65.00
2025-06-30 23:56:54.645,0.35507485,0.017697578,0.8189955,0.3446868,0.047104094,-0.32360816,0.34848425,0.35817993,0.44914725,0.018573463,0.3219921,0.38152722,0.017976198,0.02025779,0.3738532,0.18713343,-0.043448396,-0.37231266,-0.11060959,0.055318713,799.81683,795.38464,802.6374,801.8315,706.7399,-0.46478271484375,0.01947021484375,0.8868408203125,3.745880126953125,-4.23187255859375,-0.6280517578125,316703.2967032967,8.158534798534799E7,3.273970695970696E7,46.085617,1,1.0,1.0,1.0,1.0,65.00
2025-06-30 23:56:55.647,0.08938756,0.0275629,0.7819093,0.3764126,-0.17056029,-0.25799042,0.37207922,0.4088319,0.435024,0.13650653,0.6512928,0.38103116,0.06365025,-0.06306029,0.35886368,0.21434076,-0.17063403,-0.38088477,-0.20200102,-0.11727564,803.0403,800.2198,801.4286,805.4579,870.32965,-0.46063232421875,0.01702880859375,0.88580322265625,3.701019287109375,-4.2767333984375,-0.55328369140625,317509.1575091575,8.159018315018314E7,3.2755018315018315E7,46.085617,1,1.0,1.0,1.0,1.0,65.00
2025-06-30 23:56:56.650,0.123937,-1.463488E-4,0.4971115,0.13996968,0.11635212,-0.37327397,-0.025102297,0.19287357,0.36905834,0.093705215,0.64984405,0.1925598,0.28445077,0.010566127,0.18901245,0.21143298,-0.07237472,-0.30842626,-0.23583567,-0.42275417,823.5897,809.0842,796.5934,814.3223,857.03296,-0.463623046875,0.0198974609375,0.8927001953125,4.0972900390625,-4.119720458984375,-0.650482177734375,317509.1575091575,8.167641025641026E7,3.2767106227106225E7,46.085617,1,1.0,1.0,1.0,1.0,65.00
2025-06-30 23:56:57.652,0.14148311,-0.06193155,0.3218647,0.0053624464,-0.011598448,-0.40155506,0.14683492,-0.13819787,0.34193465,0.036983706,0.5719396,0.14820637,0.3284872,0.092577055,0.24358304,0.28471395,-0.10025697,-0.2906407,-0.19875665,-0.35407972,822.7839,794.9817,801.8315,820.3663,740.989,-0.46484375,0.02099609375,0.884765625,3.7384033203125,-4.007568359375,-0.94207763671875,316703.2967032967,8.197135531135531E7,3.279208791208791E7,46.085617,1,1.0,1.0,1.0,1.0,65.00
2025-06-30 23:56:58.654,0.48525378,0.021661498,0.9297528,0.4302078,-0.13177694,-0.40248287,0.572847,-0.08372951,0.21905121,-0.26214424,0.5884085,0.16065478,0.16443628,0.14842916,0.24109437,0.13872851,-0.17371523,-0.44638076,-0.23977037,-0.2588618,810.696,801.8315,805.05493,807.47253,694.2491,-0.46282958984375,0.0213623046875,0.886474609375,3.775787353515625,-3.910369873046875,-0.814971923828125,315897.4358974359,8.171347985347985E7,3.2712307692307692E7,46.085617,1,1.0,1.0,1.0,1.0,65.00
2025-06-30 23:56:59.654,0.41612858,-0.09515355,0.9693529,0.48977992,0.05085236,-0.45323446,0.7323515,0.16809121,0.38163924,0.05911134,0.56430465,0.16633914,0.14228816,0.12910643,0.11922509,0.26232785,-0.14532784,-0.3590252,-0.12540959,-0.16455545,811.50183,801.02563,799.41394,806.6667,863.8828,-0.464599609375,0.0194091796875,0.8912353515625,3.84307861328125,-4.3365478515625,-0.246734619140625,315897.4358974359,8.140483516483517E7,3.264300366300366E7,46.085617,1,1.0,1.0,1.0,1.0,65.00
2025-06-30 23:57:00.655,0.23249438,-0.011729707,0.75831854,0.35855913,0.018096795,-0.16585134,0.47014815,0.26636672,0.3818828,0.08483931,0.68643093,0.099916495,0.06174552,0.075969726,0.25280258,0.30725762,-0.30027175,-0.4746808,-0.27501774,-0.050737087,799.81683,795.78754,803.8461,788.93774,661.6117,-0.461669921875,0.02093505859375,0.88409423828125,3.66363525390625,-4.224395751953125,-0.55328369140625,316703.2967032967,8.15232967032967E7,3.2679267399267398E7,46.085617,1,1.0,1.0,1.0,1.0,65.00
2025-06-30 23:57:01.661,0.11243034,-0.004913921,0.32066083,0.19836003,0.16045792,-0.12302586,0.1515257,0.33315852,0.27475414,-0.031153008,0.47145113,-0.043431606,0.1458457,-0.031210322,0.33852333,0.20703197,-0.23331454,-0.41465557,-0.16523412,-0.026339892,804.65204,789.34064,797.3993,787.72894,670.87915,-0.4617919921875,0.023193359375,0.89178466796875,3.955230712890625,-4.373931884765625,-0.67291259765625,315897.4358974359,8.181179487179486E7,3.2738901098901097E7,46.085617,1,1.0,1.0,1.0,1.0,65.00
2025-06-30 23:57:02.663,0.3685042,-0.018632932,0.7140043,0.35502264,0.08452729,-0.19305073,0.530178,0.31779078,0.08195068,-0.0027569928,0.45174187,0.24599995,0.09947703,0.13983205,0.3457202,0.18160558,-0.27398905,-0.36367142,-0.2803827,-0.19063056,804.65204,802.6374,806.26373,809.0842,797.8022,-0.463623046875,0.01959228515625,0.88616943359375,3.78326416015625,-3.87298583984375,-0.859832763671875,316703.2967032967,8.166109890109889E7,3.2715531135531135E7,45.781498,1,1.0,1.0,1.0,1.0,65.00
2025-06-30 23:57:03.667,0.08528202,-0.14856069,1.0058671,0.14030991,-0.086598426,-0.22813773,0.5534843,0.3256888,0.13859133,0.110407494,0.50728196,0.21474136,-0.05694793,-0.028970413,0.12918763,0.17910837,-0.36972916,-0.39095405,-0.25042626,-0.115428664,780.07324,797.3993,795.78754,784.5055,673.69965,-0.46405029296875,0.01751708984375,0.88702392578125,3.887939453125,-3.9776611328125,-0.52337646484375,316703.2967032967,8.144190476190476E7,3.271150183150183E7,45.781498,1,1.0,1.0,1.0,1.0,65.00
2025-06-30 23:57:04.669,-0.055601917,-0.2677502,0.954148,0.1450757,-0.080366924,-0.4046422,0.32257426,0.09953659,0.21215518,0.07567232,0.54886556,0.30611095,0.043069094,-0.07090894,0.2564443,0.24747348,-0.27303055,-0.4912938,-0.115756676,-0.09763215,786.1172,797.3993,802.6374,780.07324,652.3443,-0.4608154296875,0.016357421875,0.887451171875,3.775787353515625,-3.790740966796875,-0.657958984375,316703.2967032967,8.126783882783882E7,3.2694578754578754E7,45.781498,1,1.0,1.0,1.0,1.0,65.00
2025-06-30 23:57:05.671,0.099087216,-0.12703383,1.0114642,-0.03732362,0.05710075,-0.2611624,0.34617588,0.16582021,0.24004109,0.121327996,0.5718054,0.4432762,0.027347887,-0.14586301,0.28594562,0.2745146,-0.15695927,-0.39773026,-0.12221086,-0.11318755,791.75824,806.6667,808.68134,803.8461,753.47986,-0.46435546875,0.022705078125,0.88848876953125,3.835601806640625,-3.626251220703125,-0.897216796875,316703.2967032967,8.160227106227106E7,3.274051282051282E7,45.781498,1,1.0,1.0,1.0,1.0,65.00
2025-06-30 23:57:06.674,0.24929461,-0.18834728,0.8388535,-0.08355669,0.020257195,-0.4580243,0.50835186,0.17603232,0.29007626,-0.09902857,0.66689754,0.3203255,0.08788046,-0.04540482,0.19184276,0.20171253,-0.17556031,-0.38699237,-0.32360628,-0.05982276,772.4176,794.9817,790.9524,799.011,658.7912,-0.46649169921875,0.02374267578125,0.8909912109375,3.648681640625,-3.9776611328125,-0.874786376953125,316703.2967032967,8.167479853479853E7,3.2767912087912086E7,45.781498,1,1.0,1.0,1.0,1.0,65.00
2025-06-30 23:57:07.676,0.3423776,-0.33833534,0.8538913,-0.026191195,0.18299624,-0.38916844,0.53606564,0.07505882,0.3604708,0.16303289,0.76376563,0.18614489,0.1460608,0.05918168,0.13266082,0.13199781,-0.12297253,-0.3298923,-0.19546407,-0.12090462,793.36993,806.6667,803.8461,782.49084,618.0952,-0.46142578125,0.02197265625,0.890380859375,3.686065673828125,-4.044952392578125,-0.904693603515625,315897.4358974359,8.155311355311355E7,3.273164835164835E7,45.426514,1,1.0,1.0,1.0,1.0,65.00
2025-06-30 23:57:08.679,0.40209162,-0.27668077,0.9658984,0.49206007,0.059972595,-0.40354437,0.48998773,0.062353037,0.37916097,0.09344913,0.72351134,0.17897873,0.1521952,-0.075538866,0.2355078,0.17491087,-0.23403579,-0.5235152,-0.40694502,-0.0951242,789.34064,801.4286,791.3553,805.8608,785.7143,-0.46405029296875,0.02301025390625,0.8939208984375,3.63372802734375,-3.828125,-1.248626708984375,316703.2967032967,8.144512820512821E7,3.2726813186813187E7,45.426514,1,1.0,1.0,1.0,1.0,65.00
2025-06-30 23:57:09.681,0.09404344,-0.014437648,0.59649974,0.20678514,-0.08740054,-0.21271087,0.22818881,0.06458759,0.18440704,-0.036090426,0.44053617,0.33292896,0.073317274,-0.027536923,0.309005,0.18287663,-0.11700272,-0.3347048,-0.33860168,-0.002611238,782.49084,799.41394,791.75824,786.52014,700.293,-0.46575927734375,0.02105712890625,0.88726806640625,3.820648193359375,-4.299163818359375,-0.7177734375,315897.4358974359,8.15047619047619E7,3.2734065934065934E7,45.426514,1,1.0,1.0,1.0,1.0,65.00
2025-06-30 23:57:10.683,0.28361303,0.015340823,0.52224535,0.29564252,-0.14447482,-0.4166696,0.2674321,-0.017712448,0.15792634,0.023226866,0.63803697,0.35851607,0.20111321,0.014522032,0.15252367,0.17511226,-0.1372547,-0.24963284,-0.31286898,-0.1646312,786.9231,798.60803,809.89014,802.23444,707.5458,-0.46295166015625,0.022216796875,0.88671875,3.768310546875,-3.895416259765625,-0.52337646484375,315897.4358974359,8.164417582417582E7,3.27429304029304E7,45.426514,1,1.0,1.0,1.0,1.0,60.00
2025-06-30 23:57:11.685,0.23911048,-0.51287663,0.39657515,0.47533908,-0.32400045,-0.39930335,0.25844923,0.03978859,0.2564731,-0.17094114,0.612626,0.2432067,0.23145622,-0.011369796,0.15356289,0.23263519,-0.18002094,-0.15821789,-0.128667,-0.09783386,801.02563,794.57874,795.78754,814.7253,790.54944,-0.46356201171875,0.0245361328125,0.88726806640625,3.745880126953125,-4.05242919921875,-0.979461669921875,315897.4358974359,8.148864468864469E7,3.2693772893772893E7,45.426514,1,1.0,1.0,1.0,1.0,60.00
2025-06-30 23:57:12.686,0.11839099,-0.63263863,0.46591505,0.4026726,-0.10402182,-0.3827995,0.18794653,0.045409337,0.33089167,-0.2253148,0.5837371,0.21642648,0.2895639,-0.005584457,0.19983205,0.36520943,-0.1986197,-0.3718539,-0.20535651,-0.22119212,798.60803,795.78754,801.02563,806.26373,764.7619,-0.4638671875,0.021484375,0.89190673828125,3.6785888671875,-3.910369873046875,-1.024322509765625,316703.2967032967,8.135245421245421E7,3.2679267399267398E7,45.426514,1,1.0,1.0,1.0,1.0,60.00
2025-06-30 23:57:13.688,0.3109093,-0.38147625,0.48626086,0.3445371,0.11658847,-0.4548611,0.33803833,-0.08754654,0.20467225,0.1083124,0.27015218,0.026400784,0.020774035,-0.07701163,0.261614,0.28353646,-0.21788405,-0.34375596,-0.08026324,-0.11333405,801.4286,791.75824,793.7729,801.8315,758.315,-0.46142578125,0.0242919921875,0.8878173828125,3.686065673828125,-3.78326416015625,-0.478515625,316703.2967032967,8.131699633699633E7,3.2657509157509156E7,45.426514,1,1.0,1.0,1.0,1.0,60.00
2025-06-30 23:57:14.690,0.178208,0.03771506,0.5839535,0.24791402,-0.02296143,-0.24634044,0.5479253,-0.13541177,0.11547349,0.10159668,0.34774214,0.17221086,-0.099386424,-0.08802549,0.33902878,0.1864402,-0.154556,-0.33970243,-0.1892174,-0.2638778,812.71063,798.60803,801.02563,815.5311,861.06226,-0.46142578125,0.02117919921875,0.8848876953125,3.6187744140625,-4.3365478515625,-0.657958984375,317509.1575091575,8.122512820512821E7,3.2642197802197803E7,45.744957,1,1.0,1.0,1.0,1.0,60.00
2025-06-30 23:57:15.692,0.47804856,0.04875375,0.55167556,0.4262563,-0.1037131,-0.12411917,0.5243825,-0.07780751,0.018257953,-0.24835457,0.6732225,0.31114566,0.058490347,0.03829245,0.16864124,0.19865194,-0.22694792,-0.347246,-0.036237016,-0.2971496,819.9634,804.2491,801.02563,807.47253,725.6777,-0.4642333984375,0.02740478515625,0.88580322265625,3.57391357421875,-3.93280029296875,-0.70281982421875,316703.2967032967,8.155472527472527E7,3.2696996336996336E7,45.744957,1,1.0,1.0,1.0,1.0,60.00
2025-06-30 23:57:16.693,0.51789486,-0.18510644,0.24269456,0.45407644,-0.17441137,-0.11558706,0.10063758,-0.10624346,0.017375529,0.051851496,0.6919678,0.19454296,-0.0050950726,-0.13916333,0.186787,0.08314667,-0.311151,-0.3215819,-0.07953285,-0.30552197,822.381,804.65204,804.65204,812.71063,786.9231,-0.46063232421875,0.02093505859375,0.8885498046875,3.865509033203125,-3.970184326171875,-1.00189208984375,315897.4358974359,8.140322344322345E7,3.2674432234432235E7,45.744957,1,1.0,1.0,1.0,1.0,60.00
2025-06-30 23:57:17.694,0.4303778,-0.14876942,0.18111041,0.4457794,0.07281938,-0.20189436,0.014111043,0.119750015,0.18495946,0.009467972,0.37515873,0.26768184,-0.024125617,-0.18603328,0.19023879,0.25092658,-0.3154884,-0.53788537,-0.2764815,-0.23790944,807.47253,795.78754,803.8461,806.26373,720.84247,-0.46820068359375,0.02606201171875,0.8865966796875,4.074859619140625,-3.63372802734375,-0.58319091796875,315897.4358974359,8.143223443223444E7,3.2678461538461536E7,45.526634,1,1.0,1.0,1.0,1.0,60.00
2025-06-30 23:57:18.697,0.028151125,-0.44304082,0.62060964,0.23239787,-0.11371845,-0.6574316,0.34942907,0.044565473,0.27096778,-0.017611785,0.6402364,0.38001227,0.013574497,-0.053190496,0.18965559,0.097542495,-0.33376557,-0.54333687,-0.21636462,-0.23405111,801.8315,792.5641,801.4286,804.2491,695.8608,-0.46551513671875,0.02459716796875,0.88623046875,4.20196533203125,-4.029998779296875,-0.7476806640625,315897.4358974359,8.174813186813186E7,3.2747765567765567E7,45.319016,1,1.0,1.0,1.0,1.0,60.00
2025-06-30 23:57:19.699,0.08072427,-0.4854553,0.615321,0.2635098,-0.3142703,-0.36721095,0.18975382,0.065728985,0.20067535,-0.113843456,0.69798666,0.28616884,-0.08349874,-0.21148148,0.3144951,0.04169929,-0.28597143,-0.42135113,-0.20455332,-0.10215058,801.02563,802.6374,799.81683,800.6227,678.5348,-0.4658203125,0.02435302734375,0.883056640625,3.715972900390625,-3.84307861328125,-1.248626708984375,317509.1575091575,8.141611721611722E7,3.2705054945054945E7,45.319016,1,1.0,1.0,1.0,1.0,60.00
2025-06-30 23:57:20.701,0.016313044,-0.21699515,0.55152667,0.21177125,0.029936787,-0.38965428,0.39744374,0.04711043,0.15558337,-0.06656716,0.7821293,0.12679128,0.11768481,-0.00870688,0.28919044,0.23964503,-0.18546902,-0.22225422,-0.17125157,-0.10737807,804.2491,792.96704,800.6227,801.8315,740.58606,-0.46319580078125,0.02593994140625,0.890380859375,3.865509033203125,-4.224395751953125,-0.635528564453125,317509.1575091575,8.13443956043956E7,3.272761904761905E7,45.319016,1,1.0,1.0,1.0,1.0,60.00
2025-06-30 23:57:21.703,-0.14279398,-0.231395,0.7011397,0.19364801,-0.19181386,-0.399203,0.72806484,0.07987398,0.12862474,0.008649556,0.75824374,0.06409463,0.17021585,0.004764941,0.3825097,0.18638338,-0.26578176,-0.4035532,-0.22993623,-0.15540333,780.87915,798.20514,788.1319,780.87915,655.56775,-0.464599609375,0.02508544921875,0.88604736328125,3.790740966796875,-3.775787353515625,-0.70281982421875,316703.2967032967,8.125575091575092E7,3.2737289377289377E7,45.319016,1,1.0,1.0,1.0,1.0,60.00
2025-06-30 23:57:22.704,0.14107247,-0.4568191,0.61560607,0.18789542,-0.18064475,-0.3159896,0.6108452,-0.03798755,0.2652882,0.05093595,0.48137626,0.13662957,0.16840123,-0.029520297,0.2807364,0.14893894,-0.33709145,-0.3832536,-0.3583926,-0.12725078,776.8498,794.9817,800.6227,779.2674,772.4176,-0.4654541015625,0.02410888671875,0.88079833984375,3.768310546875,-3.87298583984375,-0.770111083984375,316703.2967032967,8.140241758241758E7,3.2775164835164834E7,45.319016,1,1.0,1.0,1.0,1.0,60.00
2025-06-30 23:57:23.705,0.10080017,-0.40536362,0.53566396,-0.07758949,-0.031437926,-0.43898353,0.27073345,-0.05218534,0.30297694,-0.10850367,0.5883525,0.16763939,0.04064922,-0.09511437,0.31590804,0.16656242,-0.14042574,-0.30898684,-0.32948932,-0.09665587,786.9231,796.1905,801.8315,784.5055,679.7436,-0.463134765625,0.02154541015625,0.89007568359375,3.611297607421875,-4.074859619140625,-0.88226318359375,316703.2967032967,8.174974358974358E7,3.2812234432234433E7,45.319016,1,1.0,1.0,1.0,1.0,60.00
2025-06-30 23:57:24.708,0.10569069,-0.04268225,0.60096925,0.023616066,-0.0831531,-0.18857874,0.40585923,-0.1799063,0.2062869,0.074269176,0.609266,0.28945673,0.126212,0.057070863,0.2561306,0.14633596,-0.16534707,-0.32084844,-0.3614772,-0.072658025,782.8938,804.2491,790.9524,787.326,742.1978,-0.4638671875,0.022705078125,0.88720703125,3.7982177734375,-4.074859619140625,-0.545806884765625,315897.4358974359,8.166029304029304E7,3.27985347985348E7,45.19603,1,1.0,1.0,1.0,1.0,60.00
2025-06-30 23:57:25.710,-0.18801636,-0.11143809,0.53788805,-0.098155916,-0.34451482,-0.41030356,0.4316276,0.02448982,0.21009089,0.0061837346,0.5189022,0.42295772,0.11614411,0.07239707,0.25117984,0.4039842,-0.3455914,-0.53113866,-0.32946205,-0.16630165,786.9231,800.2198,816.337,795.78754,906.5934,-0.46826171875,0.0242919921875,0.89080810546875,3.701019287109375,-3.970184326171875,-0.426177978515625,315897.4358974359,8.147736263736263E7,3.2756630036630034E7,45.19603,1,1.0,1.0,1.0,1.0,60.00
2025-06-30 23:57:26.712,-0.25748807,-0.44768086,0.73752517,0.0043295203,-0.282044,-0.5200193,0.5844087,-0.065003514,0.20818847,-0.0765471,0.40450668,0.5081431,0.22529207,0.0345455,0.30807826,0.43690324,-0.24150693,-0.43406627,-0.15058076,-0.14918494,776.8498,795.38464,819.5604,791.3553,784.10254,-0.461669921875,0.0235595703125,0.88507080078125,3.686065673828125,-4.015045166015625,-0.7177734375,316703.2967032967,8.153216117216118E7,3.2738901098901097E7,45.19603,1,1.0,1.0,1.0,1.0,60.00
2025-06-30 23:57:27.714,-0.0037416734,-0.5159342,0.8438971,0.11816392,-0.113986015,-0.5307703,0.4822019,-0.117107145,0.16811025,-0.123950735,0.51028067,0.39331633,0.13465303,-0.050080124,0.12404537,0.054720286,-0.24991775,-0.33689252,-0.13216352,-0.049978778,789.7436,798.60803,794.9817,805.4579,729.707,-0.46917724609375,0.02227783203125,0.88531494140625,3.90289306640625,-3.506622314453125,-0.91217041015625,316703.2967032967,8.165304029304029E7,3.2738901098901097E7,45.18213,1,1.0,1.0,1.0,1.0,60.00
2025-06-30 23:57:28.715,-0.028081946,-0.4549264,0.75305396,0.21181844,-0.080578744,-0.5106314,0.29809093,-0.10357096,0.07616093,-0.16079283,0.41242728,0.19217041,-0.023097038,-0.22822309,0.17859887,0.16485175,-0.17609179,-0.34608197,-0.11732422,-0.062152155,786.1172,803.8461,792.5641,798.60803,780.4762,-0.46600341796875,0.02178955078125,0.886474609375,3.99261474609375,-4.015045166015625,-0.82244873046875,316703.2967032967,8.150315018315019E7,3.2757435897435896E7,45.242584,1,1.0,1.0,1.0,1.0,60.00
2025-06-30 23:57:29.717,0.2972295,-0.36277795,0.4976796,0.02725682,-0.03926853,-0.3037833,0.3579541,-0.13858768,0.2569405,-0.07756578,0.44319355,0.2732055,0.11016292,0.056263816,0.31237778,0.3065832,-0.36128247,-0.405768,-0.13987768,-0.14164709,798.20514,802.6374,794.57874,800.6227,848.1685,-0.46453857421875,0.02423095703125,0.88861083984375,3.81317138671875,-3.99261474609375,-0.695343017578125,316703.2967032967,8.131538461538461E7,3.274212454212454E7,45.36782,1,1.0,1.0,1.0,1.0,60.00
2025-06-30 23:57:30.719,0.25947016,-0.49097633,0.56942713,0.059935514,-0.3582103,-0.22668095,0.37039745,-0.17145072,0.29339167,-0.08256057,0.29251,0.24934171,0.13488613,0.118060775,0.26104644,0.16800152,-0.36438435,-0.32179776,-0.13052185,-0.14273581,792.1612,798.20514,790.54944,805.4579,695.4579,-0.4669189453125,0.025390625,0.88555908203125,4.127197265625,-3.8580322265625,-0.635528564453125,316703.2967032967,8.1336336996337E7,3.2722783882783882E7,45.360275,1,1.0,1.0,1.0,1.0,60.00
2025-06-30 23:57:31.721,0.104043625,-0.39734405,0.42450398,0.20319797,-0.3468623,-0.31635696,0.23898971,-0.3090632,0.26461443,-0.11556058,0.4040619,0.19761014,0.0058602975,-0.07086192,0.30146638,0.25563487,-0.14041117,-0.37422433,-0.16253231,-0.00338198,809.4872,809.4872,805.05493,816.7399,720.84247,-0.4642333984375,0.02044677734375,0.8912353515625,3.7384033203125,-4.074859619140625,-0.874786376953125,316703.2967032967,8.146688644688645E7,3.2757435897435896E7,45.34103,1,1.0,1.0,1.0,1.0,55.00
2025-06-30 23:57:32.725,0.24030809,-0.24851063,0.43548864,0.103515856,-0.023853922,-0.06692585,0.34404045,0.022228604,0.40110216,0.048524022,0.4741719,0.48358563,0.2337105,-0.07452568,0.1893925,0.26881146,-0.14227794,-0.3959835,-0.24798995,0.064614706,805.8608,790.14655,801.4286,806.6667,920.696,-0.46417236328125,0.023193359375,0.88824462890625,3.768310546875,-3.94775390625,-0.7476806640625,316703.2967032967,8.145641025641026E7,3.273970695970696E7,45.46232,1,1.0,1.0,1.0,1.0,55.00
2025-06-30 23:57:33.731,0.11466408,-0.40903625,0.23940814,0.0928871,0.04110749,-0.16147989,0.15539655,0.065465674,0.34575,0.079686046,0.36055592,0.4552498,0.3383615,0.100869924,0.32560572,0.3260242,-0.3915433,-0.41623992,-0.31165507,-0.3068696,815.12823,805.8608,807.0696,803.0403,693.44324,-0.460693359375,0.02410888671875,0.87890625,3.566436767578125,-3.9178466796875,-1.248626708984375,316703.2967032967,8.12767032967033E7,3.271150183150183E7,45.73607,1,1.0,1.0,1.0,1.0,55.00
2025-06-30 23:57:34.745,0.29243034,0.0048776795,0.5607785,0.20695537,-0.036099758,-0.1784701,0.12525651,0.052596997,0.31512478,-0.041518483,0.53788483,0.3093669,0.20649192,0.07086489,0.2863108,0.15800236,-0.31399262,-0.37352863,-0.3129675,-0.18364222,813.91943,799.011,805.8608,807.47253,675.31134,-0.46392822265625,0.02239990234375,0.888427734375,3.78326416015625,-4.029998779296875,-0.88226318359375,316703.2967032967,8.11985347985348E7,3.2714725274725273E7,45.73607,1,1.0,1.0,1.0,1.0,55.00
2025-06-30 23:57:35.746,0.35192832,-0.24539633,0.7946485,0.097043574,0.001822283,-0.30149552,0.28730693,0.1122487,0.27967304,0.045037534,0.50556344,0.22252984,0.18211435,-0.031556275,0.1394648,0.15049203,-0.3256755,-0.36180437,-0.23796412,-0.18164621,825.2015,802.6374,807.0696,821.978,1066.1538,-0.4619140625,0.02447509765625,0.890380859375,3.805694580078125,-3.828125,-0.9271240234375,316703.2967032967,8.11243956043956E7,3.2713113553113554E7,45.73607,1,1.0,1.0,1.0,1.0,55.00
2025-06-30 23:57:36.749,0.28732267,-0.2460339,0.5330658,0.0290014,-0.12122094,-0.47886193,0.48247522,0.039331134,0.21929535,-0.31485343,0.4245797,0.19170181,0.08761718,-0.09510164,0.20762998,0.1795274,-0.3569713,-0.40931925,-0.2793269,-0.1975297,803.8461,798.20514,805.4579,796.1905,742.1978,-0.46026611328125,0.0198974609375,0.8914794921875,3.730926513671875,-3.45428466796875,-1.233673095703125,316703.2967032967,8.134117216117217E7,3.2747765567765567E7,45.73607,1,1.0,1.0,1.0,1.0,55.00
2025-06-30 23:57:37.751,0.025870992,-0.3390132,0.6334131,-0.23736556,0.014722128,-0.10586668,0.5197758,-0.0030048166,0.4525259,0.1301767,0.53952223,0.5124805,0.12994145,0.01827998,0.17696705,0.31681296,-0.2539603,-0.27156514,-0.17131701,-0.16172938,807.47253,808.2784,792.1612,799.41394,676.52014,-0.46600341796875,0.02227783203125,0.890380859375,3.887939453125,-3.7982177734375,-0.49346923828125,317509.1575091575,8.144432234432234E7,3.2726813186813187E7,45.42727,1,1.0,1.0,1.0,1.0,55.00
2025-06-30 23:57:38.753,-0.01575711,-0.3232493,0.5479315,0.19328944,0.10624264,-0.26421416,0.56481177,0.046887953,0.47667825,0.115218654,0.6530595,0.5358874,0.20109254,0.0842211,0.23031096,0.37087128,-0.23070763,-0.26403958,-0.111111276,-0.2165126,786.1172,797.3993,795.78754,783.2967,710.3663,-0.46478271484375,0.02337646484375,0.8885498046875,3.84307861328125,-4.23187255859375,-0.919647216796875,315897.4358974359,8.111956043956044E7,3.2718754578754578E7,45.417023,1,1.0,1.0,1.0,1.0,55.00
2025-06-30 23:57:39.754,0.14431185,-0.33581433,0.71401054,0.36704984,0.15719691,-0.31024793,0.6413705,0.19788347,0.24246272,-0.0024201006,0.5958535,0.53302664,0.065110825,0.052315395,0.037844658,0.2676868,-0.22222452,-0.3292844,-0.123477355,-0.07195796,787.72894,797.8022,788.5348,802.6374,729.304,-0.46563720703125,0.02569580078125,0.88946533203125,3.581390380859375,-3.72344970703125,-0.964508056640625,317509.1575091575,8.102608058608058E7,3.2726007326007325E7,45.39621,1,1.0,1.0,1.0,1.0,55.00
2025-06-30 23:57:40.755,0.21658397,-0.36049294,0.99130523,0.33092117,-0.30004907,-0.28743306,0.7318447,0.029018626,0.15528558,0.037156608,0.55791456,0.48148564,-0.07983885,-0.057824053,0.1214425,0.20988205,-0.43060845,-0.35065988,-0.19797605,-0.059968617,805.4579,800.2198,790.54944,807.47253,724.87177,-0.46417236328125,0.021240234375,0.88677978515625,3.820648193359375,-3.790740966796875,-1.18133544921875,316703.2967032967,8.120175824175824E7,3.272117216117216E7,45.394012,1,1.0,1.0,1.0,1.0,55.00
2025-06-30 23:57:41.757,-0.04742104,-0.45436236,0.7440793,-0.061200444,-0.054032285,-0.17017323,0.5288306,0.11787641,-0.018391035,0.0543236,0.5882195,0.22716172,-0.12095514,-0.19708109,0.27891648,0.1096907,-0.28259796,-0.37888125,-0.22156416,-0.237432,800.6227,799.011,792.1612,812.3077,737.76556,-0.46527099609375,0.021484375,0.88812255859375,3.656158447265625,-3.887939453125,-1.06170654296875,316703.2967032967,8.132344322344323E7,3.277919413919414E7,45.37123,1,1.0,1.0,1.0,1.0,60.00
2025-06-30 23:57:42.759,-0.41165665,-0.40124977,0.6550316,0.26361096,-0.09056581,-0.34083974,0.5522465,0.3587258,0.2931537,0.017448971,0.5837708,0.40599552,0.042351518,-0.13843994,0.362796,0.08670134,-0.2609099,-0.3159396,-0.16580985,-0.15559693,809.4872,792.96704,812.71063,801.02563,827.619,-0.46380615234375,0.02423095703125,0.887939453125,3.671112060546875,-3.970184326171875,-0.994415283203125,316703.2967032967,8.123721611721611E7,3.274212454212454E7,45.34438,1,1.0,1.0,1.0,1.0,60.00
2025-06-30 23:57:43.761,0.08061787,-0.14757767,0.72570175,0.19179428,0.051874448,-0.14445387,0.4174377,0.2693887,0.12073392,-0.06998298,0.46194825,0.36502507,0.08401047,-0.060491476,0.196976,0.20335917,-0.29386485,-0.35990402,-0.16861847,-0.27765185,822.381,801.02563,804.2491,819.5604,713.1868,-0.46405029296875,0.0213623046875,0.8853759765625,3.760833740234375,-3.887939453125,-0.814971923828125,316703.2967032967,8.122593406593406E7,3.2733260073260073E7,45.331398,1,1.0,1.0,1.0,1.0,60.00
2025-06-30 23:57:44.774,0.11356439,0.0688112,1.0111343,0.26362938,0.049023952,-0.23317836,0.33192486,0.08602205,0.10463348,-0.017330691,0.51680166,0.17398927,-0.16940156,-0.02935335,0.28988612,0.11372161,-0.27263698,-0.48545578,-0.2979477,-0.055825632,813.5165,801.8315,803.44324,795.38464,670.07324,-0.463623046875,0.02410888671875,0.8861083984375,3.671112060546875,-4.179534912109375,-0.64300537109375,316703.2967032967,8.129362637362637E7,3.274131868131868E7,45.331398,1,1.0,1.0,1.0,1.0,60.00
2025-06-30 23:57:45.776,-0.022154408,0.17147365,1.0466704,0.10993446,-0.25147784,-0.4261116,0.5135266,-0.044350106,0.14405869,-0.09762744,0.48858145,0.3109119,-0.035456613,-0.017100176,0.35193172,0.21856941,-0.2455795,-0.41067976,-0.20861574,-0.04042973,820.7692,796.99634,795.78754,812.3077,964.61536,-0.46832275390625,0.0294189453125,0.8828125,3.895416259765625,-3.910369873046875,-0.919647216796875,316703.2967032967,8.151362637362637E7,3.2773553113553114E7,45.368008,1,1.0,1.0,1.0,1.0,60.00
2025-06-30 23:57:46.778,-0.002508724,-0.21243939,0.8055709,-0.11485462,0.10631247,-0.28430247,0.43212044,0.10902446,0.21532322,0.15683147,0.57609284,0.4352267,-0.028653832,-0.17740719,0.28126904,0.20544565,-0.30132145,-0.44905433,-0.34622738,-0.18606788,808.2784,794.57874,806.6667,801.8315,756.30035,-0.46392822265625,0.02490234375,0.88616943359375,3.686065673828125,-3.940277099609375,-0.8074951171875,318315.01831501833,8.145721611721611E7,3.2773553113553114E7,45.310963,1,1.0,1.0,1.0,1.0,60.00
2025-06-30 23:57:47.779,-0.003851055,-0.28049377,0.75820094,-0.015207713,0.19112355,-0.18842597,0.66791314,0.10868125,0.130589,0.16027504,0.6570831,0.23568922,-0.060503397,-0.23208737,0.41610003,0.13595787,-0.3755011,-0.31308553,-0.12220453,-0.15679823,798.20514,798.20514,794.9817,788.1319,616.8865,-0.4677734375,0.02545166015625,0.8831787109375,3.880462646484375,-4.164581298828125,-1.0467529296875,316703.2967032967,8.12662271062271E7,3.2738901098901097E7,45.29809,1,1.0,1.0,1.0,1.0,60.00
2025-06-30 23:57:48.781,-0.27458015,0.021565463,0.87170005,0.28922012,-0.022178661,-0.32775196,0.40992668,0.1970596,0.12604815,0.16161227,0.54891217,0.15518239,0.04206479,-0.22797774,0.49123743,0.16314755,-0.20031245,-0.32124647,-0.18259393,-0.23365957,816.337,799.81683,804.2491,799.41394,832.4542,-0.46441650390625,0.02227783203125,0.89208984375,4.3365478515625,-3.9776611328125,-0.55328369140625,317509.1575091575,8.128717948717949E7,3.2738901098901097E7,45.29809,1,1.0,1.0,1.0,1.0,60.00
2025-06-30 23:57:49.783,0.00529028,-0.033066574,0.8739018,0.104234144,-0.10605454,-0.17425151,0.40380543,0.1876124,0.14958072,0.19166844,0.5666345,0.3038486,0.19833818,0.0024219314,0.38459215,0.29667166,-0.25833637,-0.40143332,-0.31857738,-0.2000602,797.8022,799.41394,788.5348,799.011,691.8315,-0.46356201171875,0.027587890625,0.888671875,4.246826171875,-3.910369873046875,-0.657958984375,316703.2967032967,8.147252747252747E7,3.273809523809524E7,45.417366,1,1.0,1.0,1.0,1.0,60.00
2025-06-30 23:57:50.785,0.26864603,-0.14950655,0.50610054,0.27354893,0.06941551,-0.43398815,0.28586534,0.06566671,0.28099006,0.02360231,0.7616326,0.32851386,0.17174585,-0.05824536,0.263133,0.17425187,-0.35976607,-0.47672263,-0.23698927,-0.14459108,793.36993,799.011,815.5311,792.5641,680.9524,-0.4625244140625,0.02667236328125,0.88629150390625,3.70849609375,-4.134674072265625,-0.82244873046875,315897.4358974359,8.135970695970696E7,3.27429304029304E7,45.74671,1,1.0,1.0,1.0,1.0,60.00
2025-06-30 23:57:51.787,0.24702033,-0.02254801,0.35155103,0.39851585,0.07764653,-0.066490084,0.35868162,0.5270466,0.23495644,-0.024533262,0.76706463,0.60818267,0.17502722,-0.05011137,0.1593755,0.19746055,-0.28872156,-0.49616575,-0.19085273,-0.27468687,800.6227,799.011,799.011,798.20514,838.9011,-0.46551513671875,0.02203369140625,0.88958740234375,4.08233642578125,-4.05242919921875,-0.471038818359375,317509.1575091575,8.121223443223444E7,3.270989010989011E7,45.74671,1,1.0,1.0,1.0,1.0,65.00
2025-06-30 23:57:52.789,-0.01307481,-0.2633261,0.56253576,0.20806865,-0.19387802,-0.089151174,0.14498068,0.13718027,0.17336881,0.0038177886,0.54540116,0.50018924,0.054849066,-0.08972523,0.2797266,0.32604888,-0.19291751,-0.1961429,-0.2792011,-0.34861052,792.1612,802.6374,809.89014,794.57874,633.4066,-0.46356201171875,0.02197265625,0.8890380859375,3.730926513671875,-3.93280029296875,-0.665435791015625,316703.2967032967,8.108813186813186E7,3.2687326007326007E7,45.74671,1,1.0,1.0,1.0,1.0,65.00
2025-06-30 23:57:53.791,0.13894063,-0.0010068616,0.79437655,0.14630666,-0.15199317,-0.1577972,0.29922828,-0.019914752,0.1373106,0.07230829,0.7177561,0.3638391,-0.18034884,-0.17308502,0.21742243,0.09369887,-0.24279119,-0.46247113,-0.38992268,-0.21072403,787.326,804.2491,803.8461,794.17584,647.9121,-0.4598388671875,0.02362060546875,0.88134765625,3.9178466796875,-3.81317138671875,-0.91217041015625,316703.2967032967,8.121384615384614E7,3.2712307692307692E7,45.74671,1,1.0,1.0,1.0,1.0,65.00
2025-06-30 23:57:54.792,0.04675215,0.006601352,0.7408747,0.06286059,-0.14379571,-0.3651183,0.48046237,-0.03497164,0.3246834,0.094738826,0.54605246,0.4310182,0.008719786,-0.037756648,0.19156793,0.22527605,-0.39654642,-0.38171622,-0.1430371,-0.13211614,777.6557,795.78754,796.5934,782.0879,844.1392,-0.46533203125,0.0238037109375,0.88623046875,3.5589599609375,-3.78326416015625,-0.9271240234375,317509.1575091575,8.14781684981685E7,3.2786446886446886E7,45.74671,1,1.0,1.0,1.0,1.0,65.00
2025-06-30 23:57:55.795,0.22461286,-0.023149012,0.7829001,0.24333045,-0.2941278,-0.29955247,0.68337053,-0.19737373,0.32275444,0.017844807,0.5567368,0.38693434,0.1333133,0.14776394,0.40309137,0.14720398,-0.36777708,-0.3996441,-0.15101647,-0.27209994,786.52014,803.8461,813.5165,787.326,731.31866,-0.46343994140625,0.022705078125,0.8865966796875,3.701019287109375,-3.715972900390625,-0.73272705078125,317509.1575091575,8.13814652014652E7,3.2773553113553114E7,45.27646,1,1.0,1.0,1.0,1.0,65.00
2025-06-30 23:57:56.797,0.3717224,0.13073264,0.7724422,0.3094213,-0.3550483,-0.2952605,0.70134985,-0.23603828,0.102321535,0.017415274,0.68297756,0.18782939,0.17482889,0.04715969,0.4227639,0.14619492,-0.2464221,-0.3929471,-0.29632968,-0.2322005,780.87915,796.1905,797.3993,784.5055,697.47253,-0.46807861328125,0.02374267578125,0.88751220703125,3.805694580078125,-3.99261474609375,-0.83740234375,317509.1575091575,8.126703296703297E7,3.2762271062271062E7,45.27646,1,1.0,1.0,1.0,1.0,65.00
2025-06-30 23:57:57.810,0.36160037,-0.02334857,0.69769746,0.26841217,-0.18568766,-0.45996562,0.45927876,0.07501819,0.28904465,-0.11069567,0.7023788,0.30351925,-0.01717549,-0.121049486,0.24223046,0.18714981,-0.26837316,-0.3508036,-0.14031115,-0.19369918,804.2491,804.2491,798.20514,808.2784,800.2198,-0.4613037109375,0.0274658203125,0.8828125,4.164581298828125,-3.66363525390625,-0.471038818359375,316703.2967032967,8.13032967032967E7,3.27429304029304E7,45.27646,1,1.0,1.0,1.0,1.0,65.00
2025-06-30 23:57:58.811,0.45896393,-0.100001104,0.6981071,0.3510478,0.041337844,-0.41683903,0.52436477,0.18078871,0.13918597,-0.19735043,0.55422133,0.47225493,0.13703802,0.014751598,0.25339982,0.14504944,-0.289763,-0.35531417,-0.16055755,-0.20426312,803.0403,797.8022,802.6374,810.293,740.18317,-0.466552734375,0.019287109375,0.88336181640625,3.75335693359375,-3.4393310546875,-0.949554443359375,316703.2967032967,8.15789010989011E7,3.278E7,45.27646,1,1.0,1.0,1.0,1.0,65.00
2025-06-30 23:57:59.814,0.07673885,-0.17263837,0.9102522,0.23554367,-0.031016959,-0.42808607,0.34954226,-0.09164939,0.27358484,-0.19392228,0.49054763,0.25996563,0.113410786,-0.012510572,0.28085375,0.20799111,-0.28207743,-0.2944826,-0.343795,-0.16745925,809.0842,791.3553,796.99634,800.2198,633.8095,-0.46514892578125,0.02838134765625,0.8876953125,3.45428466796875,-3.790740966796875,-0.67291259765625,317509.1575091575,8.141692307692307E7,3.2747765567765567E7,45.023235,1,1.0,1.0,1.0,1.0,65.00
2025-06-30 23:58:00.818,-0.17448157,-0.01609023,0.9004326,0.31536555,0.057996497,-0.32507896,0.45525953,-0.0030549385,0.4025226,-0.028061926,0.558675,0.21203917,0.09046373,-0.06847985,0.3852669,0.04300681,-0.3922619,-0.39289176,-0.3045464,-0.096129425,816.337,802.23444,806.26373,800.6227,707.9487,-0.46630859375,0.02850341796875,0.8875732421875,3.895416259765625,-4.02252197265625,-0.70281982421875,317509.1575091575,8.118161172161172E7,3.2697802197802197E7,45.023235,1,1.0,1.0,1.0,1.0,65.00
2025-06-30 23:58:01.825,0.5375578,0.0781217,0.9476437,0.58696246,0.22345825,-0.2878169,0.22534066,0.24303378,0.25431925,0.09856047,0.52285236,0.31694457,0.09984101,-0.005802428,0.36614364,0.11242931,-0.31462014,-0.30562824,-0.38754818,-0.18268867,819.9634,800.6227,798.60803,816.7399,774.83514,-0.46734619140625,0.02593994140625,0.8836669921875,4.007568359375,-3.805694580078125,-0.59814453125,316703.2967032967,8.118080586080585E7,3.267120879120879E7,45.023235,1,1.0,1.0,1.0,1.0,65.00
2025-06-30 23:58:02.827,0.3005154,-0.15653971,0.92878956,0.27665216,0.07671773,-0.36846304,0.27012065,0.17124602,0.15626833,0.057022825,0.6724265,0.35430843,0.04133727,-0.0022545112,0.27320775,0.2644593,-0.285215,-0.42453647,-0.22058485,-0.20766467,808.2784,795.38464,801.8315,805.4579,690.6227,-0.459716796875,0.02398681640625,0.88690185546875,3.641204833984375,-3.760833740234375,-1.435546875,317509.1575091575,8.136695970695971E7,3.271069597069597E7,45.023235,1,1.0,1.0,1.0,1.0,65.00
2025-06-30 23:58:03.829,-0.06806336,0.124942146,0.49778774,-0.051237866,-0.1665674,-0.37456816,0.45660976,0.045226518,0.049888797,0.023257803,0.745546,0.39287594,0.009602612,-0.09002226,0.42572305,0.20527709,-0.32215953,-0.51172507,-0.26839963,-0.25314912,808.68134,790.9524,806.6667,800.6227,838.0952,-0.46588134765625,0.02471923828125,0.8897705078125,3.536529541015625,-3.686065673828125,-0.82244873046875,316703.2967032967,8.148139194139194E7,3.272761904761905E7,45.023235,1,1.0,1.0,1.0,1.0,65.00
2025-06-30 23:58:04.831,0.28552815,-0.006975988,-0.15219651,0.39638004,0.13020739,-0.3222842,0.6170161,0.12029694,0.29877526,0.027048761,0.6568603,0.30907157,0.039250422,-0.1726484,0.4363996,0.27806056,-0.26734933,-0.46084088,-0.25202006,-0.13634692,791.3553,794.57874,788.1319,784.10254,796.1905,-0.4635009765625,0.0272216796875,0.887451171875,3.7384033203125,-4.329071044921875,-0.740203857421875,316703.2967032967,8.133553113553113E7,3.2729230769230768E7,45.229443,1,1.0,1.0,1.0,1.0,65.00
2025-06-30 23:58:05.833,0.22092725,-0.12214571,0.14517985,0.36204365,0.06874495,-0.36008817,0.18940271,-0.016090242,0.43876484,0.05041161,0.31878424,0.3802418,0.05136133,-0.17651528,0.21861666,0.24684031,-0.32701647,-0.40321314,-0.13905987,0.018298967,800.6227,800.6227,815.12823,786.9231,696.26373,-0.46209716796875,0.02252197265625,0.88555908203125,3.895416259765625,-4.2169189453125,-0.829925537109375,316703.2967032967,8.139274725274725E7,3.2733260073260073E7,45.55398,1,1.0,1.0,1.0,1.0,65.00
2025-06-30 23:58:06.835,0.11657017,-0.086567216,0.7256081,-0.07260758,0.20423828,-0.051681176,0.36004272,-0.09492966,0.32265916,0.14719716,0.2420938,0.2743081,0.05213723,-0.105344586,0.2495756,0.13158533,-0.32252404,-0.33681276,-0.11976527,-0.068159096,813.5165,803.8461,796.99634,801.8315,699.4872,-0.4632568359375,0.02642822265625,0.88671875,4.11224365234375,-3.94775390625,-0.52337646484375,316703.2967032967,8.130490842490843E7,3.2717948717948716E7,45.845913,1,1.0,1.0,1.0,1.0,65.00
2025-06-30 23:58:07.837,0.23510309,-0.09737856,0.68807024,0.17064114,0.32038456,0.045236766,0.6104731,0.041093558,0.29342747,0.21981716,0.6172017,0.41731575,0.14685999,0.073380396,0.22649653,0.1934399,-0.25495946,-0.40160108,-0.10436292,-0.20243141,795.38464,797.8022,805.8608,800.2198,674.10254,-0.4671630859375,0.02593994140625,0.884033203125,3.48419189453125,-3.641204833984375,-1.09161376953125,316703.2967032967,8.161113553113553E7,3.2735677655677654E7,46.479755,1,1.0,1.0,1.0,1.0,65.00
2025-06-30 23:58:08.839,0.28570515,0.056662865,0.56977737,0.21466689,0.15277545,-0.16143104,0.5926967,0.12474763,0.29013115,-0.08574462,0.64223176,0.3398259,0.1850195,0.06304443,0.25522292,0.25734812,-0.1980771,-0.30044955,-0.14841735,-0.14608854,794.57874,798.20514,820.3663,792.96704,651.9414,-0.465087890625,0.02679443359375,0.8892822265625,4.007568359375,-4.20196533203125,-0.418701171875,316703.2967032967,8.146930402930403E7,3.270021978021978E7,46.479755,1,1.0,1.0,1.0,1.0,65.00
2025-06-30 23:58:09.841,0.3053879,0.16583869,0.68002164,0.015963616,0.17533271,-0.08763062,0.3685616,0.12315775,0.47198468,0.2511154,0.67679715,0.44517845,0.18543929,0.022564601,0.08215663,0.116469175,-0.14007682,-0.24933982,-0.18748455,-0.07525256,807.0696,802.6374,805.4579,792.96704,691.02563,-0.4656982421875,0.02703857421875,0.88671875,3.581390380859375,-3.887939453125,-0.635528564453125,316703.2967032967,8.128234432234432E7,3.2664761904761903E7,46.479755,1,1.0,1.0,1.0,1.0,65.00
2025-06-30 23:58:10.842,0.6835995,0.019192163,0.6368483,0.5631408,0.04841656,-8.5779466E-4,0.45288488,-0.23304813,0.4541972,0.201139,0.56628394,0.4217195,0.13414446,0.064925194,0.08998984,0.05155272,-0.19041112,-0.34120896,-0.28811288,-0.121757366,779.67035,798.20514,799.41394,787.326,682.5641,-0.464111328125,0.02398681640625,0.8919677734375,3.90289306640625,-4.314117431640625,-0.8074951171875,316703.2967032967,8.124124542124543E7,3.2695384615384616E7,46.534824,1,1.0,1.0,1.0,1.0,65.00
2025-06-30 23:58:11.844,0.48226467,0.039318077,0.76637924,0.50513095,0.055055853,-0.14604248,0.4279467,-0.1455623,0.38364896,0.0155692445,0.6858537,0.30162776,0.22338955,0.0408602,0.2728293,0.18053655,-0.28265408,-0.45630556,-0.3059687,-0.22892879,783.69965,803.44324,804.65204,788.93774,622.52747,-0.46142578125,0.02593994140625,0.8895263671875,3.551483154296875,-3.90289306640625,-0.8074951171875,316703.2967032967,8.119611721611722E7,3.2694578754578754E7,46.546402,1,1.0,1.0,1.0,1.0,65.00
2025-06-30 23:58:12.846,0.09925975,0.025520118,0.72302645,0.16700247,0.15900564,-0.0764129,0.52898276,0.16615687,0.36226776,0.30155796,0.6309352,0.46913573,0.15257357,-0.03294748,0.37862483,0.29017764,-0.27471915,-0.4303763,-0.32519117,-0.23539472,784.5055,804.65204,799.81683,792.5641,743.4066,-0.463623046875,0.02789306640625,0.890625,3.94775390625,-3.671112060546875,-0.919647216796875,316703.2967032967,8.128395604395604E7,3.275340659340659E7,46.546402,1,1.0,1.0,1.0,1.0,65.00
2025-06-30 23:58:13.848,0.1269883,-0.16975138,0.6329627,0.12443507,0.119261965,0.022725135,0.3657659,0.3893132,0.26685092,0.29278368,0.60734326,0.4485527,0.18015155,-0.05645086,0.20384847,0.2869071,-0.11353887,-0.3125413,-0.23632888,-0.20899118,774.83514,795.38464,817.9487,785.7143,699.89014,-0.46624755859375,0.02587890625,0.88726806640625,3.760833740234375,-4.08233642578125,-0.635528564453125,315897.4358974359,8.140564102564102E7,3.2767912087912086E7,47.792194,1,1.0,1.0,1.0,1.0,65.00
2025-06-30 23:58:14.848,0.28388795,-0.06979946,0.9050459,0.2815768,0.1516229,-0.08692508,0.34261954,0.10461732,0.24031284,-0.021031195,0.42538404,0.38475254,0.107263006,-0.12370625,0.0525419,0.27084395,-0.25867823,-0.37144044,-0.26752877,-0.29642767,786.9231,804.65204,790.14655,798.60803,637.4359,-0.46087646484375,0.026123046875,0.8896484375,3.81317138671875,-4.18701171875,-0.725250244140625,316703.2967032967,8.136615384615384E7,3.2768717948717948E7,47.792194,1,1.0,1.0,1.0,1.0,65.00
2025-06-30 23:58:15.851,0.15846552,-0.027811859,0.80184937,-0.2473114,0.13113464,-0.3345919,0.284484,0.081589505,0.20579483,0.041689236,0.531932,0.17552218,0.14260589,-0.17260732,0.34088564,0.34148487,-0.3963317,-0.4073542,-0.28932846,-0.17423493,800.2198,803.44324,803.0403,801.4286,844.94507,-0.46612548828125,0.024658203125,0.8883056640625,3.648681640625,-4.2767333984375,-0.530853271484375,315897.4358974359,8.133794871794872E7,3.2716336996336997E7,47.792194,1,1.0,1.0,1.0,1.0,65.00
2025-06-30 23:58:16.853,0.12247424,-0.15489131,0.51227015,0.24216634,0.042839825,-0.3089686,0.4529986,0.15917493,0.18535215,-0.04230264,0.5529154,0.19662806,-0.03317167,-0.13337013,0.34800285,0.2832185,-0.25333905,-0.39270514,-0.284491,-0.065750524,805.05493,803.8461,804.65204,810.696,840.5128,-0.4656982421875,0.02734375,0.890380859375,3.775787353515625,-3.648681640625,-1.00189208984375,317509.1575091575,8.14967032967033E7,3.2725201465201464E7,47.792194,1,1.0,1.0,1.0,1.0,65.00
2025-06-30 23:58:17.854,0.32802668,-0.4465577,0.7887498,0.23791298,0.020479375,-0.38514844,0.28721368,0.008819036,0.2639996,-0.14423381,0.4692225,0.37521878,-0.0681402,-0.10721283,0.2989456,0.16895264,-0.27857146,-0.42818433,-0.32693925,-0.13093017,782.0879,804.65204,806.6667,792.5641,808.2784,-0.46539306640625,0.025390625,0.88812255859375,3.75335693359375,-3.955230712890625,-0.897216796875,316703.2967032967,8.139435897435898E7,3.2726007326007325E7,47.686623,1,1.0,1.0,1.0,1.0,65.00
2025-06-30 23:58:18.856,0.13427855,-0.124812044,0.9006959,0.17048104,0.08830948,-0.18023922,0.36202508,-0.015072027,0.38400355,-0.037845407,0.5628295,0.46742728,-0.018243093,-0.045391668,0.1724865,0.25351876,-0.24092534,-0.34013838,-0.31091398,-0.126291,813.91943,797.3993,814.7253,808.68134,757.1062,-0.463134765625,0.0274658203125,0.88671875,3.940277099609375,-3.94775390625,-0.8673095703125,316703.2967032967,8.123399267399268E7,3.2724395604395602E7,47.39364,1,1.0,1.0,1.0,1.0,65.00
2025-06-30 23:58:19.859,-0.20517266,-0.22335081,0.38366854,0.13514063,-0.105554,-0.33583876,0.35503078,0.1452889,0.2586648,-0.065875635,0.49258396,0.49514616,0.06933999,-0.10294823,0.09652318,0.1947505,-0.24023037,-0.43643072,-0.26797214,-0.19944145,809.0842,805.05493,809.0842,802.23444,829.6337,-0.4639892578125,0.0277099609375,0.89019775390625,3.521575927734375,-3.671112060546875,-0.979461669921875,316703.2967032967,8.118241758241758E7,3.2734065934065934E7,47.289757,1,1.0,1.0,1.0,1.0,65.00
2025-06-30 23:58:20.867,-0.023866829,-0.4123647,0.478041,0.07339507,-0.010955775,-0.25487947,0.19394037,0.12952074,0.10285297,-0.054011,0.30715406,0.3544614,0.067330986,-0.1249967,0.20123984,0.27317992,-0.13922131,-0.42222074,-0.16382849,-0.22293425,823.9927,808.68134,806.6667,817.5458,698.2784,-0.46435546875,0.024169921875,0.8870849609375,3.81317138671875,-4.2169189453125,-0.8074951171875,316703.2967032967,8.125010989010988E7,3.274051282051282E7,47.282314,1,1.0,1.0,1.0,1.0,65.00
2025-06-30 23:58:21.870,0.17664284,-0.212939,0.7959269,0.08769595,0.16151759,-0.0023343973,0.25724706,0.1568907,0.17460944,0.022996852,0.27836892,0.26482087,0.16599116,0.031472735,0.16157737,0.28087118,-0.33179283,-0.4712477,-0.18874487,-0.1588841,828.022,802.23444,811.9048,815.12823,1007.72894,-0.4691162109375,0.02667236328125,0.88018798828125,4.02252197265625,-3.701019287109375,-1.136474609375,316703.2967032967,8.157164835164835E7,3.278080586080586E7,47.25488,1,1.0,1.0,1.0,1.0,65.00
2025-06-30 23:58:22.871,0.22173257,-0.3469683,0.60712063,-0.025882049,-0.16073804,-0.23992158,0.30642623,-0.07441219,0.3647136,0.022488825,0.31389037,-0.041237373,0.14178862,0.021781586,0.093916364,0.10126576,-0.34623596,-0.37268156,-0.23989291,-0.23870534,802.6374,797.8022,813.1135,794.17584,812.3077,-0.46588134765625,0.0281982421875,0.88909912109375,3.84307861328125,-4.29168701171875,-0.755157470703125,316703.2967032967,8.145882783882783E7,3.273245421245421E7,47.280144,1,1.0,1.0,1.0,1.0,60.00
2025-06-30 23:58:23.872,0.46996316,-0.15700807,0.29461348,0.29288957,-0.13373303,-0.32453075,0.28928548,-0.062455893,0.19756459,-0.025326906,0.5117349,0.3282748,0.10978969,-0.09033427,0.26846722,0.16465987,-0.096721955,-0.39928433,-0.28383133,-0.004867783,801.8315,801.4286,787.72894,791.75824,691.4286,-0.467041015625,0.02972412109375,0.890869140625,3.865509033203125,-3.9178466796875,-1.27105712890625,317509.1575091575,8.13895238095238E7,3.2672820512820512E7,47.30542,1,1.0,1.0,1.0,1.0,60.00
2025-06-30 23:58:24.872,0.2737695,-0.09101903,0.2880474,0.25511757,-0.034601886,-0.25175607,0.30968335,0.21026891,0.077873155,0.06720062,0.5281508,0.40333927,0.07063659,-0.09427252,0.33464321,0.12707631,-0.038191255,-0.2868115,-0.16015984,-0.042368997,818.3516,800.2198,803.8461,803.44324,880.40295,-0.466064453125,0.02581787109375,0.88604736328125,3.820648193359375,-3.78326416015625,-0.73272705078125,315897.4358974359,8.11759706959707E7,3.2625274725274723E7,47.30542,1,1.0,1.0,1.0,1.0,60.00
2025-06-30 23:58:25.874,0.48659948,-0.06002525,0.096345864,0.32920077,0.20387161,-0.36003542,0.22883756,0.36542135,0.020818816,-0.03836877,0.3721852,0.2870339,0.023095692,-0.010396708,0.1910749,0.06517217,-0.17353976,-0.23565213,-0.18564947,-0.14315592,802.23444,798.60803,796.5934,795.38464,691.8315,-0.4635009765625,0.03033447265625,0.88763427734375,3.790740966796875,-3.686065673828125,-0.785064697265625,316703.2967032967,8.146124542124543E7,3.2672820512820512E7,47.30542,1,1.0,1.0,1.0,1.0,60.00
2025-06-30 23:58:26.876,0.30010638,-0.32431546,0.74048704,0.21464944,0.18247929,-0.69990855,0.36596522,0.46907645,0.04850387,-0.1454832,0.1323683,0.1613437,0.110907234,0.005824014,0.15440154,0.21235111,-0.18243067,-0.43072012,-0.10633189,-0.1759346,795.78754,799.81683,798.60803,782.0879,662.4176,-0.46502685546875,0.02593994140625,0.88604736328125,3.671112060546875,-4.194488525390625,-0.695343017578125,316703.2967032967,8.16240293040293E7,3.273245421245421E7,47.30542,1,1.0,1.0,1.0,1.0,60.00
2025-06-30 23:58:27.879,0.202825,-0.2491398,0.85699487,0.12405844,0.23375608,-0.09071504,0.509589,0.31678736,0.097272895,-0.10587073,0.32396406,0.18543352,0.10204169,-0.017623432,0.15058427,0.19022447,-0.19058861,-0.34267333,-0.22153473,-0.23711202,796.5934,797.8022,796.5934,798.60803,966.63007,-0.46612548828125,0.02435302734375,0.88604736328125,3.805694580078125,-3.895416259765625,-0.6878662109375,316703.2967032967,8.140886446886447E7,3.2688937728937726E7,47.30542,1,1.0,1.0,1.0,1.0,60.00
2025-06-30 23:58:28.881,0.3050565,-0.1690571,0.78914124,0.23987673,0.25489897,-0.08808937,0.35863513,0.4183363,0.3335167,-0.0897117,0.51438856,0.16645813,0.062585905,-0.034609474,0.1962356,0.1587751,-0.35538,-0.36419967,-0.36724856,-0.2992705,792.1612,804.65204,808.68134,792.5641,645.09155,-0.46185302734375,0.024658203125,0.88427734375,3.70849609375,-3.887939453125,-0.500946044921875,316703.2967032967,8.125897435897435E7,3.2647032967032965E7,47.253788,1,1.0,1.0,1.0,1.0,60.00
2025-06-30 23:58:29.882,0.3896499,-0.28053847,0.6802264,0.07174714,0.43870175,-0.3546783,0.24012826,0.14992483,0.36550292,0.26256144,0.42837262,0.33644408,0.1483996,0.024065036,0.12323687,0.09393134,-0.33157587,-0.35579926,-0.20818616,-0.1978514,781.685,802.23444,780.87915,778.46155,603.9927,-0.464111328125,0.02716064453125,0.8856201171875,3.850555419921875,-4.015045166015625,-0.70281982421875,316703.2967032967,8.11203663003663E7,3.2615604395604394E7,47.253788,1,1.0,1.0,1.0,1.0,60.00
2025-06-30 23:58:30.883,0.11031912,-0.13051252,0.75826234,0.065565705,0.19629154,-0.44809723,0.22419244,-0.32198134,0.15870751,0.1993608,0.62228215,0.28262785,0.23412552,-0.05855123,0.2518351,0.22430022,-0.17963512,-0.26158148,-0.15708329,-0.025751175,790.14655,796.99634,794.57874,792.1612,672.49084,-0.46612548828125,0.02655029296875,0.89007568359375,3.880462646484375,-4.2169189453125,-0.58319091796875,317509.1575091575,8.121706959706959E7,3.2597069597069595E7,47.253788,1,1.0,1.0,1.0,1.0,60.00
2025-06-30 23:58:31.886,0.1735501,-0.0072061513,0.6709691,0.2146551,0.19703463,-0.393417,0.38247243,0.19321322,0.06995977,0.046591453,0.8186001,0.40090203,0.29752243,-0.10559553,0.28764358,0.27493918,-0.20928504,-0.35155687,-0.22141388,-0.02988057,783.2967,788.93774,787.326,788.5348,875.56775,-0.4735107421875,0.02691650390625,0.89483642578125,3.730926513671875,-4.1571044921875,-0.695343017578125,316703.2967032967,8.138710622710623E7,3.265186813186813E7,47.253788,1,1.0,1.0,1.0,1.0,60.00
2025-06-30 23:58:32.888,0.12120787,-0.15730338,0.4813835,0.17508258,-0.12609635,-0.3560714,0.5100979,0.30037397,0.1514489,0.046719503,0.73182905,0.5549954,0.17841585,-0.042924702,0.2017372,0.21844591,-0.24123195,-0.37893096,-0.24194136,-0.08343646,787.326,802.6374,806.6667,805.05493,608.4249,-0.46136474609375,0.030029296875,0.87847900390625,3.7384033203125,-3.5888671875,-0.91217041015625,316703.2967032967,8.123802197802198E7,3.2642197802197803E7,46.42194,1,1.0,1.0,1.0,1.0,55.00
2025-06-30 23:58:33.890,0.48586962,0.49810493,0.6193281,0.49953797,0.070918426,-0.4017948,0.48628044,0.16476439,0.14298457,0.013633855,0.4204677,0.5541308,0.20433095,-0.021472221,0.24909176,0.14939234,-0.18542287,-0.48839828,-0.18508083,-0.050712746,799.011,799.011,788.5348,803.44324,803.0403,-0.46978759765625,0.026611328125,0.88800048828125,3.730926513671875,-3.93280029296875,-0.605621337890625,316703.2967032967,8.102930402930403E7,3.2597875457875457E7,46.42194,1,1.0,1.0,1.0,1.0,55.00
2025-06-30 23:58:34.892,0.3061739,0.4832789,0.59497476,0.08680629,0.19877191,-0.31606454,0.3129247,0.071914166,0.18615082,0.061028354,0.5812343,0.28017548,0.15689774,-0.07095227,0.26271635,0.20148657,-0.1871472,-0.37136903,-0.280915,-0.06298269,791.75824,805.4579,812.71063,809.4872,728.0952,-0.46331787109375,0.0294189453125,0.88916015625,3.75335693359375,-3.9776611328125,-0.94207763671875,316703.2967032967,8.108813186813186E7,3.2592234432234433E7,46.42194,1,1.0,1.0,1.0,1.0,55.00
2025-06-30 23:58:35.893,0.08026567,0.057495963,0.6787028,0.21039076,-0.18309289,-0.3663601,0.21384841,-0.13718976,0.27035263,0.09760537,0.43757147,0.38912183,0.09189081,-0.08857454,0.22386329,0.28806078,-0.1966816,-0.3896677,-0.10918741,0.0029059155,780.07324,803.0403,799.011,780.07324,705.5311,-0.46484375,0.0286865234375,0.8870849609375,3.491668701171875,-3.835601806640625,-0.85235595703125,316703.2967032967,8.137340659340659E7,3.2647032967032965E7,46.42194,1,1.0,1.0,1.0,1.0,55.00
2025-06-30 23:58:36.896,0.33026084,0.31642112,0.7667189,0.35983714,-0.10870137,-0.38452035,0.22223236,-0.08012948,0.1805705,-0.04652544,0.62584734,0.17692211,0.06594388,-0.15022466,0.17867078,0.39633197,-0.14292026,-0.32046667,-0.1600598,0.029545195,810.696,792.96704,807.0696,811.50183,825.2015,-0.4664306640625,0.02423095703125,0.8897705078125,3.7982177734375,-4.08233642578125,-0.800018310546875,316703.2967032967,8.12025641025641E7,3.2615604395604394E7,45.82048,1,1.0,1.0,1.0,1.0,55.00
2025-06-30 23:58:37.898,0.32471544,-0.10318753,0.24518225,0.364277,-0.06686804,-0.16129056,0.46877512,0.2169986,0.15814716,0.020801498,0.65469116,0.111498706,-0.011970378,-0.060474657,0.2045972,0.2961431,-0.14770004,-0.32990152,-0.31740487,-0.14161941,803.44324,798.20514,800.2198,798.60803,885.2381,-0.46728515625,0.02911376953125,0.8856201171875,3.865509033203125,-3.94775390625,-0.777587890625,316703.2967032967,8.132263736263736E7,3.264139194139194E7,45.82048,1,1.0,1.0,1.0,1.0,55.00
2025-06-30 23:58:38.907,0.30295694,-0.09870148,0.2505532,0.34721428,0.20790383,-0.30661237,0.33276495,0.19017997,0.2982033,-0.013539735,0.46641812,0.08640374,0.117881835,0.013758208,0.20353384,0.22738437,-0.32018805,-0.43035004,-0.32855234,-0.17966585,811.50183,805.05493,805.8608,804.65204,660.40295,-0.46484375,0.03057861328125,0.8896484375,3.75335693359375,-4.029998779296875,-0.545806884765625,316703.2967032967,8.12541391941392E7,3.262043956043956E7,45.82048,1,1.0,1.0,1.0,1.0,55.00
2025-06-30 23:58:39.909,0.3716459,0.06711248,0.34138104,0.2763901,0.22507903,-0.5290294,0.30856004,0.21919847,0.3571654,-0.20010197,0.43283322,0.07362714,0.2153989,-0.0021533412,0.21653347,0.12793584,-0.06683241,-0.25107908,-0.23959711,-0.037695576,813.5165,793.7729,803.44324,820.3663,715.2015,-0.46710205078125,0.0264892578125,0.885498046875,3.566436767578125,-3.940277099609375,-0.58319091796875,316703.2967032967,8.128153846153846E7,3.262285714285714E7,45.82048,1,1.0,1.0,1.0,1.0,55.00
2025-06-30 23:58:40.912,0.1775481,0.104774565,0.5929064,0.24665685,0.19961277,-0.24819455,0.31165442,0.12205633,0.23124863,-0.14249425,0.57241994,0.35298,0.22261679,-0.036782805,0.20728722,0.1761325,-0.0830847,-0.42259997,-0.33151647,-0.10881424,816.337,800.6227,796.99634,811.9048,713.1868,-0.468505859375,0.0267333984375,0.880615234375,3.78326416015625,-3.237457275390625,-0.9271240234375,316703.2967032967,8.151846153846154E7,3.265992673992674E7,45.24216,1,1.0,1.0,1.0,1.0,55.00
2025-06-30 23:58:41.914,-0.29307586,-0.029424626,0.47304595,0.2926617,0.077066325,-0.45723653,0.34206858,0.18828137,0.36522296,0.24999097,0.4631368,0.4500591,0.022507116,-0.11256347,0.17350934,0.02694112,-0.121113464,-0.41049838,-0.37882888,-0.29273686,811.9048,803.44324,800.6227,800.2198,682.96704,-0.46685791015625,0.02740478515625,0.88641357421875,3.8580322265625,-4.224395751953125,-0.657958984375,317509.1575091575,8.127992673992674E7,3.260996336996337E7,45.24216,1,1.0,1.0,1.0,1.0,55.00
2025-06-30 23:58:42.916,-0.15380439,-0.2748873,0.58105063,0.2300771,0.1930808,-0.52160287,0.2128778,0.21963805,0.28980467,0.20765144,0.05635296,0.41687316,0.13215895,0.12656568,0.15060245,0.11744341,-0.26031998,-0.6277805,-0.43425992,-0.11634697,813.91943,803.44324,794.17584,803.8461,713.1868,-0.46380615234375,0.0269775390625,0.8853759765625,3.768310546875,-4.2169189453125,-0.6878662109375,316703.2967032967,8.124285714285713E7,3.2606739926739927E7,45.201878,1,1.0,1.0,1.0,1.0,55.00
2025-06-30 23:58:43.924,0.0065122843,-0.44009775,0.35094017,0.2722157,0.11751302,-0.105978444,0.3101619,0.09020993,0.48029292,0.12879974,0.27717203,0.50989217,0.045103617,-0.020348016,0.051895436,0.21480867,-0.36215845,-0.64096344,-0.29216412,-0.17436469,799.81683,796.5934,804.65204,799.011,713.5897,-0.46563720703125,0.0303955078125,0.885009765625,3.72344970703125,-4.000091552734375,-0.665435791015625,316703.2967032967,8.110102564102563E7,3.260190476190476E7,45.201878,1,1.0,1.0,1.0,1.0,65.00
2025-06-30 23:58:44.927,0.52546275,-0.35229644,0.22169104,0.63859445,0.12028677,-0.25750002,0.19630998,0.1436335,0.59623843,0.12149322,0.34582525,0.5169793,0.2353966,-0.04734191,0.14695787,0.14869398,-0.32506418,-0.5370117,-0.17895433,-0.24389116,804.2491,803.44324,809.0842,796.99634,633.8095,-0.4647216796875,0.02972412109375,0.89642333984375,3.7982177734375,-4.194488525390625,-0.201873779296875,316703.2967032967,8.14902564102564E7,3.2667985347985346E7,45.201878,1,1.0,1.0,1.0,1.0,65.00
2025-06-30 23:58:45.928,0.6982279,0.053218853,0.5309674,0.5492791,0.6596492,-0.35838658,0.1676762,0.5382532,0.5558541,-0.13720086,0.19427037,0.5006538,0.061432905,0.037175696,0.1368433,0.036208056,-0.2624911,-0.4760889,-0.2460832,-0.20231684,804.2491,797.3993,803.8461,801.02563,724.4689,-0.4661865234375,0.028564453125,0.88702392578125,3.84307861328125,-4.1571044921875,-0.725250244140625,316703.2967032967,8.144512820512821E7,3.2656703296703298E7,45.201878,1,1.0,1.0,1.0,1.0,65.00
2025-06-30 23:58:46.930,0.68529695,0.2563292,0.7196939,0.6106077,0.6001439,-0.22701553,0.16846941,0.51191837,0.41984808,-0.08806029,0.35447508,0.4433212,0.11438298,0.0133500295,0.1333194,0.22312315,-0.2321791,-0.27546567,-0.34400052,-0.11862509,788.93774,800.6227,806.26373,796.99634,733.3333,-0.4658203125,0.02911376953125,0.88616943359375,3.81317138671875,-4.306640625,-0.770111083984375,316703.2967032967,8.145802197802198E7,3.2635750915750913E7,45.201878,1,1.0,1.0,1.0,1.0,65.00
2025-06-30 23:58:47.932,0.43988746,-0.023106098,0.5334492,0.58370626,0.12146179,-0.24318866,0.19962986,0.19585675,0.26852104,-0.09864595,0.3788046,0.45655134,0.1893627,-0.07521682,0.13949871,0.21975136,-0.14490399,-0.28541905,-0.33322552,-0.117157616,788.93774,801.8315,805.05493,790.54944,778.46155,-0.46636962890625,0.029541015625,0.88690185546875,3.887939453125,-3.768310546875,-1.084136962890625,317509.1575091575,8.131377289377289E7,3.2584981684981685E7,45.201878,1,1.0,1.0,1.0,1.0,65.00
2025-06-30 23:58:48.934,0.42915452,-0.30324265,0.43710944,0.4366352,0.23519707,-0.38623267,0.23736364,0.27148575,0.2995035,0.03246736,0.26041088,0.4551703,0.114276476,-0.12963653,0.061766375,0.16378334,-0.13362603,-0.32066792,-0.17896913,-0.12367992,799.81683,804.65204,784.5055,793.36993,726.8865,-0.45989990234375,0.02862548828125,0.88897705078125,3.42437744140625,-4.08233642578125,-0.919647216796875,315897.4358974359,8.167641025641026E7,3.263252747252747E7,45.201878,1,1.0,1.0,1.0,1.0,65.00
2025-06-30 23:58:49.936,0.43145305,-0.10380975,0.47613388,0.41940212,0.2068649,-0.8754975,0.18206915,0.31232917,0.2703683,-0.10648009,0.08855446,0.2516032,0.14388661,-0.034022454,3.4736606E-4,0.23465137,-0.33676267,-0.38755596,-0.18261197,-0.20297247,785.7143,797.8022,780.4762,790.14655,670.4762,-0.46600341796875,0.02618408203125,0.888916015625,3.94775390625,-3.940277099609375,-0.485992431640625,316703.2967032967,8.144835164835164E7,3.2596263736263737E7,45.201878,1,1.0,1.0,1.0,1.0,65.00
2025-06-30 23:58:50.937,0.117585704,-0.056306895,0.45638764,0.17368625,-0.24280374,-0.33512312,0.14651667,0.15495008,0.18841003,-0.16148981,0.4634161,0.33147487,0.08067291,-0.02620929,0.14566135,0.26059377,-0.30862722,-0.4681343,-0.35692918,-0.19830547,774.83514,799.41394,799.41394,782.8938,686.5934,-0.4666748046875,0.02392578125,0.88604736328125,3.895416259765625,-3.895416259765625,-0.814971923828125,316703.2967032967,8.132666666666667E7,3.25825641025641E7,45.201878,1,1.0,1.0,1.0,1.0,65.00
2025-06-30 23:58:51.939,-0.02379303,-0.16495097,0.35255653,0.014591654,-0.32243478,-0.29349238,0.08864945,-0.13102068,0.12330624,-0.2154294,0.59563845,0.33242232,0.15673757,-0.042189833,0.28963608,0.30531842,-0.25887457,-0.32502377,-0.20456704,-0.064917326,788.93774,800.6227,797.8022,793.7729,753.47986,-0.46575927734375,0.0302734375,0.88946533203125,3.7982177734375,-4.306640625,-0.777587890625,316703.2967032967,8.120981684981684E7,3.2563223443223443E7,45.233456,1,1.0,1.0,1.0,1.0,65.00
2025-06-30 23:58:52.945,0.010175407,-0.73236555,0.15605445,0.032890484,-0.31732604,-0.44694048,0.05916346,-0.23328014,0.13133831,-0.20204563,0.44985113,0.3015175,0.1256561,-0.121131554,0.24424538,0.2129645,-0.2970074,-0.43881467,-0.23423393,-0.09311414,792.1612,807.0696,794.9817,804.65204,805.05493,-0.4603271484375,0.02728271484375,0.88934326171875,3.701019287109375,-3.48419189453125,-1.099090576171875,316703.2967032967,8.126703296703297E7,3.258336996336996E7,45.264095,1,1.0,1.0,1.0,1.0,65.00
2025-06-30 23:58:53.947,0.33850157,-0.25922704,0.42474672,0.27152488,-0.024666848,-0.38367978,0.12881947,-0.14216053,0.08943426,-0.23496896,0.32167307,0.34054425,0.12225646,-0.0319263,0.20751843,0.12505041,-0.41439614,-0.44466355,-0.4373829,-0.1629557,784.90845,803.0403,803.8461,796.99634,664.43225,-0.4666748046875,0.0286865234375,0.88226318359375,3.805694580078125,-3.93280029296875,-0.964508056640625,315897.4358974359,8.14040293040293E7,3.2579340659340657E7,45.429745,1,1.0,1.0,1.0,1.0,65.00
2025-06-30 23:58:54.949,-0.049503885,-0.42987323,0.49398386,0.03145398,-0.1425235,-0.31729245,0.0086965235,-0.23220092,-0.07646844,-0.28534055,0.44790658,0.2147644,0.25652176,-0.09283281,0.13975012,0.13122992,-0.2008425,-0.33429608,-0.11174862,-0.15043642,802.6374,798.20514,802.23444,799.81683,1027.0696,-0.46539306640625,0.028564453125,0.890869140625,3.715972900390625,-3.7384033203125,-0.814971923828125,315897.4358974359,8.113326007326007E7,3.256241758241758E7,45.960217,1,1.0,1.0,1.0,1.0,65.00
2025-06-30 23:58:55.951,0.23609772,-0.32144552,0.23996753,0.28916585,-0.024879621,-0.2184077,-0.0310297,-0.0019399347,0.27803466,-0.20656238,0.51932603,0.43637595,0.19065149,-0.038952243,0.0101849185,0.21074945,-0.09789936,-0.31608248,-0.18314673,-0.11501008,796.1905,802.23444,794.17584,806.26373,713.9927,-0.46441650390625,0.0284423828125,0.8858642578125,3.3795166015625,-3.970184326171875,-0.6280517578125,315897.4358974359,8.110344322344323E7,3.257208791208791E7,45.960217,1,1.0,1.0,1.0,1.0,65.00
2025-06-30 23:58:56.952,0.36692196,-0.3194836,0.12388907,0.32352835,0.054770432,-0.24792643,0.23232242,0.031034952,0.30497384,0.07336694,0.5155254,0.3164363,0.14588636,-0.061924756,0.14986771,0.20058954,-0.31691715,-0.5537145,-0.19672976,-0.17009781,801.8315,794.57874,798.60803,796.5934,610.84247,-0.4666748046875,0.025390625,0.88836669921875,4.119720458984375,-4.05242919921875,-0.515899658203125,316703.2967032967,8.104380952380952E7,3.2567252747252747E7,45.960217,1,1.0,1.0,1.0,1.0,65.00
2025-06-30 23:58:57.954,0.23631017,-0.03070782,0.57550883,-0.007089014,0.15665612,-0.10360969,0.43141258,-0.008728217,0.33402207,0.4478918,0.543296,0.36787486,0.064096324,-0.055496056,0.29222292,0.13988635,-0.2836176,-0.5472275,-0.28806496,-0.127534,798.20514,799.41394,798.20514,805.05493,1010.14655,-0.46551513671875,0.02801513671875,0.87933349609375,3.72344970703125,-3.626251220703125,-1.1663818359375,316703.2967032967,8.143787545787546E7,3.2642197802197803E7,45.960217,1,1.0,1.0,1.0,1.0,65.00
2025-06-30 23:58:58.956,0.25845575,0.053289767,0.6061557,0.2413545,0.22318591,-0.18459065,0.21325932,0.027730454,0.40657678,0.45293325,0.3985899,0.41356507,0.07506385,-0.0755559,0.18529636,0.29819,-0.14177063,-0.50713193,-0.30474198,-0.1203394,823.1868,800.6227,805.8608,815.5311,790.9524,-0.46905517578125,0.0286865234375,0.88671875,3.94775390625,-4.08233642578125,-0.657958984375,316703.2967032967,8.123882783882783E7,3.2647838827838827E7,45.960217,1,1.0,1.0,1.0,1.0,65.00
2025-06-30 23:58:59.968,0.061483834,-0.11453154,0.5208445,0.24083239,0.2781263,-0.21644439,0.023920933,0.1818927,0.30947995,-0.13262899,0.31507996,0.3708706,0.08008764,-0.12249702,0.190981,0.31920755,-0.21620491,-0.38542247,-0.33306152,-0.046044987,817.9487,797.8022,804.2491,807.0696,745.0183,-0.46612548828125,0.02667236328125,0.8812255859375,3.887939453125,-4.448699951171875,-0.88226318359375,316703.2967032967,8.118967032967032E7,3.263252747252747E7,45.61503,1,1.0,1.0,1.0,1.0,65.00
2025-06-30 23:59:00.970,-0.11207699,-0.26808485,0.47586733,-0.09237212,0.065333664,-0.3143133,0.37485358,0.12742275,0.23607112,0.06776174,0.30426553,0.41214785,-0.043092094,-0.21474935,0.062192384,0.13586386,-0.22409265,-0.453076,-0.19011341,-0.14068621,815.5311,810.293,821.978,810.696,866.30035,-0.46392822265625,0.02777099609375,0.88018798828125,3.8580322265625,-3.880462646484375,-0.695343017578125,316703.2967032967,8.124205128205128E7,3.2646227106227104E7,45.61503,1,1.0,1.0,1.0,1.0,65.00
2025-06-30 23:59:01.972,0.25430062,-0.23769991,0.85395586,0.33812118,-0.083716,-0.3138906,0.27391708,0.4959683,0.25041792,0.08623703,0.13008054,0.653547,0.13801555,-0.0094685815,0.062212978,0.08167783,-0.2504041,-0.5600895,-0.17229845,-0.2976604,815.5311,793.7729,804.65204,803.44324,764.7619,-0.46343994140625,0.03173828125,0.89111328125,3.805694580078125,-4.0972900390625,-0.6280517578125,316703.2967032967,8.148139194139194E7,3.2683296703296702E7,45.61503,1,1.0,1.0,1.0,1.0,65.00
2025-06-30 23:59:02.974,0.38286927,-0.08578092,0.65472597,0.34758005,0.3167898,-0.13101025,0.30334452,0.42353076,0.4545456,0.12900804,0.31542137,0.6263404,0.28930905,0.054099556,0.15492734,0.12533678,-0.22960594,-0.48720154,-0.23716706,-0.20389152,815.9341,796.1905,799.41394,805.05493,680.14655,-0.465087890625,0.029052734375,0.88690185546875,3.72344970703125,-4.14215087890625,-0.710296630859375,315897.4358974359,8.131538461538461E7,3.267040293040293E7,45.556828,1,1.0,1.0,1.0,1.0,65.00
2025-06-30 23:59:03.976,0.21824828,-0.48230624,0.49804214,0.22281973,0.3473964,-0.031022497,0.33083597,0.3924552,0.45010585,0.086615555,0.43569478,0.4449229,0.026017735,-0.016842626,0.144727,0.27208814,-0.21996136,-0.41250092,-0.19789913,-0.1010803,809.89014,802.6374,799.41394,801.02563,722.8571,-0.46942138671875,0.02947998046875,0.8848876953125,3.887939453125,-4.015045166015625,-1.024322509765625,316703.2967032967,8.112681318681319E7,3.263897435897436E7,45.556828,1,1.0,1.0,1.0,1.0,55.00
2025-06-30 23:59:04.979,0.008951293,-0.40732187,0.5885928,0.12159581,-0.035116177,-0.20826161,0.23737502,0.2707147,0.10048917,0.05771053,0.54194945,0.1745112,0.10271283,-0.04516781,0.21204609,0.3129761,-0.31019914,-0.39030382,-0.2517369,-0.06932291,810.696,799.81683,787.326,801.02563,788.5348,-0.4666748046875,0.02734375,0.886474609375,4.29168701171875,-4.119720458984375,-0.545806884765625,315897.4358974359,8.120981684981684E7,3.265106227106227E7,45.556828,1,1.0,1.0,1.0,1.0,55.00
2025-06-30 23:59:05.980,-0.1613973,-0.103739604,0.7638574,0.0879814,-0.035725806,-0.25241035,0.25862247,-0.16123082,0.24019508,0.06039837,0.4966517,0.22805163,0.0049019144,0.044858012,0.121034116,0.11114168,-0.30434412,-0.45486,-0.24040584,-0.22269864,812.3077,797.8022,814.7253,805.8608,660.80585,-0.4664306640625,0.0294189453125,0.8897705078125,4.08233642578125,-4.344024658203125,-0.171966552734375,316703.2967032967,8.144029304029304E7,3.268249084249084E7,45.556828,1,1.0,1.0,1.0,1.0,55.00
2025-06-30 23:59:06.982,-0.0738264,-0.03944302,0.53489184,-0.07600688,0.18487132,-0.20896038,0.23581925,-0.12916143,0.37312713,-0.051477842,0.57072836,0.32059097,0.04986266,0.035447598,0.15917149,0.07411047,-0.3376014,-0.49833107,-0.23921414,-0.104147136,814.7253,790.9524,805.4579,810.293,968.24176,-0.46661376953125,0.03076171875,0.88885498046875,3.84307861328125,-4.104766845703125,-0.605621337890625,315897.4358974359,8.135406593406594E7,3.268168498168498E7,45.322983,1,1.0,1.0,1.0,1.0,55.00
2025-06-30 23:59:07.984,0.23176613,-0.46037632,0.5955898,0.28895888,0.08701222,-0.044374812,0.30817962,0.012042987,0.30902842,0.076769896,0.68199646,0.3437531,0.031428188,-0.11878554,0.21999551,0.056438513,-0.23861602,-0.4633099,-0.38529712,-0.10851102,806.6667,797.3993,801.8315,801.8315,792.96704,-0.46441650390625,0.0257568359375,0.88861083984375,3.940277099609375,-3.955230712890625,-1.009368896484375,315897.4358974359,8.114857142857143E7,3.264864468864469E7,45.378113,1,1.0,1.0,1.0,1.0,55.00
2025-06-30 23:59:08.986,0.60797113,-0.040426552,0.73264277,0.62404555,0.17828085,-0.041905656,0.28246975,0.25406116,0.38087952,0.08002276,0.75274754,0.31408715,0.015001743,-0.06229664,0.20277712,0.11682742,-0.23086144,-0.5111875,-0.38961393,-0.0797657,808.68134,797.8022,809.89014,794.57874,678.5348,-0.46710205078125,0.03057861328125,0.88763427734375,3.850555419921875,-4.127197265625,-0.411224365234375,315897.4358974359,8.10607326007326E7,3.263091575091575E7,45.378113,1,1.0,1.0,1.0,1.0,55.00
2025-06-30 23:59:09.989,0.4828987,-0.010110598,0.65753376,0.42916104,0.18662174,-0.12821735,0.28573877,0.25637332,0.40209067,0.06618896,0.60632086,0.3084347,0.050376598,-0.08655498,0.26207727,0.16287057,-0.23299584,-0.42414543,-0.2646052,-0.13267969,809.0842,790.9524,811.50183,800.6227,960.58606,-0.466064453125,0.02838134765625,0.8902587890625,3.69354248046875,-4.35150146484375,-0.381317138671875,315897.4358974359,8.136937728937729E7,3.2644615384615384E7,45.378113,1,1.0,1.0,1.0,1.0,55.00
2025-06-30 23:59:10.991,-0.2319721,-0.10742888,0.3532758,0.6272366,0.15427235,-0.38680825,0.3200766,0.04069139,0.26218957,0.2296648,0.6590239,0.16366392,0.10392185,-0.006404545,0.22163862,0.04373707,-0.22665729,-0.40126345,-0.30031452,-0.2227107,789.7436,800.6227,795.38464,793.36993,665.64105,-0.46697998046875,0.02838134765625,0.888671875,3.70849609375,-4.074859619140625,-0.545806884765625,316703.2967032967,8.131699633699633E7,3.2624468864468865E7,45.378113,1,1.0,1.0,1.0,1.0,55.00
2025-06-30 23:59:11.992,-0.17956857,0.005133926,0.44397113,0.57280916,0.067440584,-0.22556198,0.22199133,0.13890697,0.33724558,0.14233777,0.5290185,0.19127226,0.14675292,-0.025243508,0.1778926,0.2186612,-0.17051412,-0.41750878,-0.2832736,-0.07024365,795.78754,794.57874,813.1135,792.5641,666.04395,-0.467529296875,0.03125,0.88787841796875,3.70849609375,-4.11224365234375,-0.979461669921875,315897.4358974359,8.120498168498169E7,3.2605128205128204E7,45.41381,1,1.0,1.0,1.0,1.0,55.00
2025-06-30 23:59:13.001,0.045320917,0.12502947,0.80580497,0.37202868,0.03282509,-0.13187541,-0.04470743,0.033410348,0.24327159,0.10415813,0.36488196,0.40749004,0.24565236,0.065038934,0.08961433,0.29103625,-0.18145634,-0.41496772,-0.25961757,-0.15978944,783.2967,803.8461,802.23444,780.87915,701.9048,-0.467529296875,0.028564453125,0.8857421875,3.581390380859375,-3.72344970703125,-0.994415283203125,315897.4358974359,8.11098901098901E7,3.2604322344322342E7,45.51053,1,1.0,1.0,1.0,1.0,55.00
2025-06-30 23:59:14.003,0.071438536,0.08022412,0.49897385,0.37353235,0.013715733,-0.14770524,0.16087317,0.04012252,0.25164002,0.027986618,0.32083464,0.44192427,0.26992106,0.06210855,0.15643921,0.13411878,-0.1992871,-0.5433637,-0.29034433,-0.16861717,799.011,809.0842,796.1905,787.326,687.3993,-0.46319580078125,0.02783203125,0.89111328125,3.75335693359375,-4.23187255859375,-0.6280517578125,315897.4358974359,8.105025641025642E7,3.260915750915751E7,45.525543,1,1.0,1.0,1.0,1.0,65.00
2025-06-30 23:59:15.005,0.0738033,0.11064724,0.15119798,-0.033761647,-0.22400317,-0.37661445,0.039903436,-0.052911222,0.30823404,0.17910013,0.39926493,0.4562432,0.20993271,0.056821037,0.12290107,0.05518403,-0.21420185,-0.43424007,-0.26048204,-0.091363624,786.1172,804.65204,819.9634,801.02563,676.9231,-0.4637451171875,0.0272216796875,0.8941650390625,3.75335693359375,-4.388885498046875,-0.276641845703125,315091.5750915751,8.133069597069597E7,3.26607326007326E7,45.996365,1,1.0,1.0,1.0,1.0,65.00
2025-06-30 23:59:16.007,0.0043435856,-0.07290054,0.15950197,0.32518432,0.029021855,-0.24667215,0.11086826,0.109545685,0.27221298,0.1140917,0.5569915,0.46964574,0.044756323,0.021251505,0.2809682,0.123314455,-0.24737242,-0.36321503,-0.16749215,-0.1115869,774.43225,796.1905,797.8022,790.9524,720.4396,-0.46588134765625,0.03045654296875,0.88665771484375,4.179534912109375,-4.11224365234375,-0.710296630859375,316703.2967032967,8.116710622710623E7,3.265025641025641E7,46.264877,1,1.0,1.0,1.0,1.0,65.00
2025-06-30 23:59:17.009,0.24119365,-0.12914416,0.34644613,0.3651744,0.071289875,-0.2947645,0.14440562,0.077407084,0.28682697,0.082054004,0.6008435,0.33863038,0.03941704,-0.094747566,0.1649858,0.07443577,-0.12145093,-0.30920446,-0.19223809,-0.05044361,789.7436,796.99634,794.9817,797.8022,853.8095,-0.46539306640625,0.0316162109375,0.88916015625,3.84307861328125,-3.745880126953125,-0.55328369140625,316703.2967032967,8.10317216117216E7,3.2626080586080585E7,46.264877,1,1.0,1.0,1.0,1.0,65.00
2025-06-30 23:59:18.010,0.23607211,-0.3598388,0.3468961,0.16995154,0.121697396,-0.35777175,0.26090753,0.12863265,0.2375237,-0.068582185,0.5734036,0.4114147,0.11844706,-0.034977175,0.17619108,0.13547613,-0.3035598,-0.44183725,-0.44836795,-0.30043548,793.36993,802.6374,803.8461,802.23444,639.85345,-0.46563720703125,0.026123046875,0.885986328125,3.66363525390625,-4.29168701171875,-0.770111083984375,316703.2967032967,8.107201465201464E7,3.2615604395604394E7,46.264877,1,1.0,1.0,1.0,1.0,65.00
2025-06-30 23:59:19.012,0.36901474,-0.5530108,0.45689246,0.25588533,0.118203856,-0.39640304,0.07522827,0.13757166,0.32711497,-0.10745668,0.40891775,0.37826082,-0.020210376,0.048507776,0.05974898,0.096019946,-0.16559508,-0.49850026,-0.30182257,-0.18186925,789.34064,798.20514,805.4579,794.9817,733.3333,-0.46435546875,0.02923583984375,0.8875732421875,3.626251220703125,-3.529052734375,-1.203765869140625,315897.4358974359,8.133714285714285E7,3.261076923076923E7,46.264877,1,1.0,1.0,1.0,1.0,65.00
2025-06-30 23:59:20.014,0.38315424,-0.17661469,0.26114064,0.3491013,-0.013557023,-0.10801487,0.11783326,0.18077187,0.27441257,0.10187569,0.3613152,0.38874716,0.049917914,-0.006422322,0.12774913,0.07042687,-0.102779225,-0.409717,-0.23227626,-0.23447776,796.5934,792.96704,786.52014,803.8461,793.36993,-0.4676513671875,0.02911376953125,0.88861083984375,3.81317138671875,-3.648681640625,-0.829925537109375,316703.2967032967,8.127912087912087E7,3.2629304029304028E7,45.79471,1,1.0,1.0,1.0,1.0,65.00
2025-06-30 23:59:21.016,0.5758536,0.110355854,0.3610561,0.23609596,0.10701209,-0.06027241,0.42794877,0.14092194,0.29029855,0.1721973,0.84903187,0.73606735,0.35862514,0.066152364,0.17350334,0.3847143,-0.23624165,-0.35666674,-0.3516948,-0.31088912,794.9817,799.81683,811.9048,805.4579,768.7912,-0.468017578125,0.02239990234375,0.88580322265625,3.686065673828125,-4.05242919921875,-0.9271240234375,316703.2967032967,8.113728937728937E7,3.2624468864468865E7,45.784283,1,1.0,1.0,1.0,1.0,65.00
2025-06-30 23:59:22.018,0.3533,-0.04436794,0.3600876,0.43456396,0.06920097,-0.33899754,0.27652866,0.2525127,0.33306983,0.1642972,0.83800745,0.536248,0.20781927,0.03480901,0.06836328,0.16075447,-0.35126016,-0.30731684,-0.35615417,-0.1975059,784.90845,801.8315,797.8022,796.5934,714.7985,-0.46368408203125,0.0299072265625,0.8878173828125,3.48419189453125,-3.75335693359375,-1.24114990234375,316703.2967032967,8.11759706959707E7,3.2637362637362637E7,45.80561,1,1.0,1.0,1.0,1.0,65.00
2025-06-30 23:59:23.020,0.47626665,-0.31450292,0.3624179,0.42549473,0.08561918,-0.5343075,0.3071065,0.14611934,0.21142454,0.052721865,0.32998973,0.3556262,0.17889348,0.02150465,0.036484215,0.095163204,-0.29742765,-0.4106802,-0.2951606,-0.21659704,817.9487,797.8022,813.5165,819.5604,794.57874,-0.4700927734375,0.0296630859375,0.892333984375,4.1571044921875,-4.134674072265625,-0.73272705078125,316703.2967032967,8.126945054945055E7,3.26381684981685E7,45.807434,1,1.0,1.0,1.0,1.0,65.00
2025-06-30 23:59:24.022,0.2987036,-0.3287733,0.34040335,0.17024738,0.20155528,-0.41900897,0.29757452,0.0117698405,0.27436477,0.021821322,0.5304806,0.12998207,0.19822396,-0.051484223,-0.0034431068,0.24245743,-0.27275315,-0.5625362,-0.29751825,-0.2910911,805.8608,813.5165,813.5165,797.3993,730.10986,-0.46746826171875,0.02679443359375,0.883056640625,3.940277099609375,-4.448699951171875,-0.695343017578125,315897.4358974359,8.139113553113553E7,3.2686520146520145E7,45.94182,1,1.0,1.0,1.0,1.0,65.00
2025-06-30 23:59:25.024,0.02920258,0.059888467,0.41190964,0.5769806,0.27095714,-0.23329456,0.33035293,0.216043,0.4031018,0.06286906,0.61066514,0.29062724,0.12630719,-0.007890914,0.14328222,0.36440122,-0.36659324,-0.48376483,-0.31823295,-0.347282,807.0696,803.8461,791.75824,798.60803,838.9011,-0.4638671875,0.02685546875,0.885009765625,3.745880126953125,-3.880462646484375,-0.6280517578125,316703.2967032967,8.122512820512821E7,3.2655091575091574E7,45.94182,1,1.0,1.0,1.0,1.0,65.00
2025-06-30 23:59:26.031,-0.028813787,-0.1273009,0.45001256,0.28731754,0.05218591,-0.22793183,0.120476745,-0.0725652,0.17976423,0.003804118,0.46957895,0.2985781,0.11843213,-0.037004914,0.26570725,0.28293046,-0.46512824,-0.49026164,-0.53802896,-0.34621993,810.696,802.23444,809.89014,807.8755,773.22345,-0.4635009765625,0.02789306640625,0.88482666015625,4.134674072265625,-3.925323486328125,-0.9271240234375,316703.2967032967,8.11243956043956E7,3.2629304029304028E7,45.793736,1,1.0,1.0,1.0,1.0,65.00
2025-06-30 23:59:27.033,-0.20147207,-0.2606261,0.34575784,0.3227847,-0.13830426,-0.20561343,-0.023385007,-0.15862235,0.22995457,-0.21507399,0.29096672,0.34202847,0.013294447,-0.022439316,0.31438094,0.18471909,-0.41302887,-0.38413304,-0.35327333,-0.196229,800.6227,802.6374,809.0842,805.8608,816.7399,-0.46673583984375,0.02764892578125,0.88916015625,3.790740966796875,-3.715972900390625,-1.009368896484375,316703.2967032967,8.118161172161172E7,3.2624468864468865E7,45.793736,1,1.0,1.0,1.0,1.0,65.00
2025-06-30 23:59:28.035,0.49452418,-0.052344352,0.5709105,0.35810852,0.07199278,-0.18742593,0.109554015,0.07410443,0.4456345,-0.09231857,0.4973417,0.5079152,0.16956383,-0.010179432,0.20479923,0.24329059,-0.11897622,-0.39030066,-0.22557604,-0.14865866,812.71063,802.6374,806.6667,814.7253,942.0513,-0.46490478515625,0.03204345703125,0.8812255859375,3.745880126953125,-3.529052734375,-0.859832763671875,315897.4358974359,8.137743589743589E7,3.267040293040293E7,45.733868,1,1.0,1.0,1.0,1.0,65.00
2025-06-30 23:59:29.037,0.1542932,-0.3015547,0.5529373,0.165113,0.27707088,-0.004081442,0.17673415,0.13570584,0.35366434,0.14651313,0.42277765,0.32026574,0.11520429,0.09589574,0.05063644,0.09215878,-0.08342065,-0.3699399,-0.20938818,-0.02483166,813.91943,790.14655,806.26373,812.71063,972.27106,-0.467529296875,0.02850341796875,0.88720703125,3.5589599609375,-3.9776611328125,-0.897216796875,316703.2967032967,8.132424908424908E7,3.265025641025641E7,45.660313,1,1.0,1.0,1.0,1.0,65.00
2025-06-30 23:59:30.039,0.30704996,-0.01120053,0.265066,0.2861559,0.113044806,-0.08500963,0.104247846,0.014149981,0.31480205,0.13039158,0.35472652,0.21890934,0.12369523,0.11650636,0.17294493,0.2572117,-0.18078338,-0.35276628,-0.36382174,-0.13381103,807.8755,793.7729,815.12823,812.71063,755.4945,-0.46673583984375,0.029052734375,0.88665771484375,3.78326416015625,-4.044952392578125,-0.88226318359375,316703.2967032967,8.121948717948718E7,3.264300366300366E7,45.59175,1,1.0,1.0,1.0,1.0,65.00
2025-06-30 23:59:31.041,0.2169698,-0.09147339,0.3667713,0.31648713,0.049213164,-0.21828502,0.29033446,0.09188953,0.23307434,-0.15180291,0.5343113,0.32915848,0.038056124,-0.0714009,0.18636298,0.15572774,-0.25128445,-0.48426577,-0.41276637,-0.16244973,817.5458,791.3553,797.8022,808.2784,844.1392,-0.46295166015625,0.0302734375,0.8819580078125,3.536529541015625,-4.05242919921875,-0.904693603515625,316703.2967032967,8.135970695970696E7,3.265992673992674E7,45.59175,1,1.0,1.0,1.0,1.0,65.00
2025-06-30 23:59:32.043,0.27942613,-0.23744021,0.23671404,0.20693247,0.002420242,-0.42322555,0.06478317,0.016035188,0.14120796,-0.24024257,0.53606033,0.42342037,0.053878482,-0.06932399,0.019631917,0.20365524,-0.16982614,-0.31696004,-0.28594312,-0.059802886,824.7985,807.8755,796.99634,813.1135,753.0769,-0.46728515625,0.02398681640625,0.89471435546875,3.48419189453125,-3.970184326171875,-0.635528564453125,316703.2967032967,8.16054945054945E7,3.2683296703296702E7,45.56353,1,1.0,1.0,1.0,1.0,65.00
2025-06-30 23:59:33.044,0.34975678,-0.032230478,0.3179461,0.3701649,0.07978482,-0.21029796,0.0755018,0.08110397,0.25857052,-0.23720469,0.30892348,0.38959333,0.10240077,0.0043093367,0.068462506,0.1305185,-0.17067634,-0.33964178,-0.32959887,-0.1590519,815.9341,799.011,792.1612,803.44324,729.304,-0.46728515625,0.029296875,0.88427734375,3.648681640625,-4.05242919921875,-0.58319091796875,315897.4358974359,8.141772893772894E7,3.2658315018315017E7,45.611774,1,1.0,1.0,1.0,1.0,65.00
2025-06-30 23:59:34.047,-0.053704962,-0.085288025,0.21789117,0.158452,0.0086696,-0.22511245,0.048978314,0.24209033,0.25844696,-0.11469179,0.62665987,0.32055405,0.051354665,-0.023456866,0.16675729,-0.086798,-0.2274209,-0.4273308,-0.39316913,-0.42796883,807.47253,801.8315,805.4579,800.6227,665.2381,-0.46441650390625,0.02545166015625,0.886474609375,3.820648193359375,-4.194488525390625,-0.59814453125,316703.2967032967,8.125978021978022E7,3.2606739926739927E7,45.691788,1,1.0,1.0,1.0,1.0,65.00
2025-06-30 23:59:35.049,-0.02625589,-0.019507794,0.41173032,0.064950265,-0.01349382,-0.23139054,0.016670179,0.10724691,0.26354513,0.032992568,0.47442412,0.28228974,-0.016565615,-0.053775758,0.12497253,0.06635573,-0.29292795,-0.4791796,-0.25579292,-0.16549875,805.4579,799.011,802.6374,797.8022,735.7509,-0.46630859375,0.0303955078125,0.88885498046875,3.7982177734375,-3.87298583984375,-0.67291259765625,317509.1575091575,8.122190476190476E7,3.2564029304029305E7,45.691788,1,1.0,1.0,1.0,1.0,65.00
2025-06-30 23:59:36.052,0.4073878,0.04799507,0.5385144,0.22412501,-0.06238557,-0.22280918,-0.11437861,0.060380828,0.014074148,0.0693496,0.39968,0.21519043,-0.014507357,0.0015823036,-0.015170524,0.14390928,-0.19020686,-0.5999111,-0.28791553,-0.22317548,807.8755,799.41394,816.337,797.8022,656.3736,-0.46826171875,0.03131103515625,0.88812255859375,3.57391357421875,-3.850555419921875,-0.94207763671875,316703.2967032967,8.10196336996337E7,3.2538241758241758E7,45.603573,1,1.0,1.0,1.0,1.0,65.00
2025-06-30 23:59:37.054,0.5152665,-0.14526539,0.7388009,0.24742188,0.013692655,-0.33798265,0.27788147,0.19607823,0.18775553,-0.13267858,0.40562958,0.31827107,0.1600224,-0.033918623,-0.03669134,0.21464421,-0.34377864,-0.5406794,-0.30912855,-0.37696293,799.011,794.57874,806.26373,806.26373,978.315,-0.46685791015625,0.02789306640625,0.89044189453125,3.529052734375,-4.02252197265625,-0.8074951171875,316703.2967032967,8.118241758241758E7,3.2584981684981685E7,45.603573,1,1.0,1.0,1.0,1.0,65.00
2025-06-30 23:59:38.056,0.47686392,-0.15253046,0.7347895,0.20619333,0.12485729,-0.29969126,0.049697384,0.075402685,0.20767385,-0.10119495,0.22663781,0.23327982,0.07455946,-0.104004584,0.14787805,0.076125965,-0.24227917,-0.6039151,-0.29619575,-0.20646752,778.0586,799.81683,803.8461,790.14655,797.8022,-0.46630859375,0.03314208984375,0.88580322265625,3.521575927734375,-3.90289306640625,-0.800018310546875,316703.2967032967,8.115663003663003E7,3.2596263736263737E7,45.603573,1,1.0,1.0,1.0,1.0,65.00
2025-06-30 23:59:39.057,0.6495369,-0.06703174,0.59249884,0.2545805,0.24329272,-0.26846346,-0.42040643,0.13583115,0.3054035,-0.029618291,0.23516491,0.16445816,0.013054947,-0.068334,0.16621983,0.08323996,-0.29319552,-0.42090175,-0.37390202,-0.17952156,790.14655,803.8461,799.011,783.69965,668.0586,-0.46539306640625,0.027587890625,0.88568115234375,4.05242919921875,-4.246826171875,-0.70281982421875,316703.2967032967,8.119934065934065E7,3.2617216117216118E7,45.603573,1,1.0,1.0,1.0,1.0,65.00
2025-06-30 23:59:40.058,0.090068266,-0.19566602,0.4107974,0.31290403,0.0674078,-0.28662014,-0.07720164,0.0856654,0.24395381,-0.051186867,0.29580048,0.17326225,0.12960705,-0.09546193,0.11607619,0.12794602,-0.290535,-0.4461346,-0.37468347,-0.31161782,792.96704,801.8315,803.44324,791.75824,775.64105,-0.4639892578125,0.02752685546875,0.88446044921875,3.78326416015625,-3.7384033203125,-1.00189208984375,316703.2967032967,8.154666666666667E7,3.2647032967032965E7,45.603573,1,1.0,1.0,1.0,1.0,65.00
2025-06-30 23:59:41.059,-0.030606592,-0.32054695,0.384725,0.27087143,0.13562757,-0.40306973,0.077741645,0.2909489,-0.07600993,-0.064012155,0.36174673,0.16033943,-0.004173375,-0.10534709,0.056661244,0.13100088,-0.3187745,-0.47941738,-0.3501736,-0.3580665,786.52014,801.8315,805.4579,786.1172,743.00366,-0.46722412109375,0.02410888671875,0.888916015625,3.775787353515625,-4.269256591796875,-0.710296630859375,315897.4358974359,8.14040293040293E7,3.2655897435897436E7,45.603573,1,1.0,1.0,1.0,1.0,65.00
2025-06-30 23:59:42.061,-0.023252882,-0.27987364,0.2633982,0.28345498,0.18344924,-0.3697516,0.14182603,0.4671649,0.019051744,-0.12308466,0.46786866,0.47864932,-0.0031924106,-0.3154925,0.0042871735,0.13102967,-0.29400548,-0.41164234,-0.26213998,-0.30385333,785.7143,803.0403,807.47253,778.86444,618.0952,-0.46734619140625,0.0303955078125,0.88873291015625,3.768310546875,-3.7384033203125,-0.70281982421875,316703.2967032967,8.135084249084249E7,3.2644615384615384E7,45.470875,1,1.0,1.0,1.0,1.0,65.00
2025-06-30 23:59:43.062,0.47060865,0.026716879,0.17553604,0.31875312,0.3640263,-0.045279954,0.16755381,0.4725511,0.59134215,0.17520645,0.47140267,0.6310039,0.12718207,-0.18548338,0.10848571,0.19080593,-0.43459153,-0.5148092,-0.28773165,-0.22800146,779.2674,796.99634,790.9524,789.7436,686.1905,-0.465576171875,0.03204345703125,0.88531494140625,3.648681640625,-4.239349365234375,-0.770111083984375,316703.2967032967,8.130249084249084E7,3.264864468864469E7,45.48512,1,1.0,1.0,1.0,1.0,65.00
2025-06-30 23:59:44.064,0.53236085,0.06672962,0.43350035,0.32730994,0.25528234,-0.111994766,0.22514299,0.18567078,0.55557823,0.13618426,0.47278795,0.5718764,0.053604305,-0.1827928,0.13401425,0.23255506,-0.41647446,-0.45319316,-0.31608534,-0.26148674,789.7436,794.57874,796.5934,809.4872,752.27106,-0.46295166015625,0.02923583984375,0.8900146484375,3.529052734375,-3.745880126953125,-1.039276123046875,315897.4358974359,8.162322344322345E7,3.269054945054945E7,45.49193,1,1.0,1.0,1.0,1.0,65.00
2025-06-30 23:59:45.066,0.04084269,-0.24099407,0.63177097,0.2627274,0.12726742,-0.21129233,0.23169783,0.2677443,0.04640004,0.035657775,0.47157392,0.3391155,0.00639979,-0.13966952,0.0159846,0.1311537,-0.12877934,-0.60334593,-0.525349,-0.3247351,799.41394,813.91943,811.50183,804.65204,693.44324,-0.46636962890625,0.02801513671875,0.888671875,4.08233642578125,-3.90289306640625,-0.49346923828125,315897.4358974359,8.165304029304029E7,3.2658315018315017E7,45.49193,1,1.0,1.0,1.0,1.0,60.00
2025-06-30 23:59:46.067,0.32681274,0.18056573,0.2954465,0.28996032,0.24086212,-0.15518105,0.15055451,0.25770915,0.12885483,-0.02686201,0.4856698,0.12592062,-0.057362117,0.01643153,-0.04490559,0.09296251,-0.04218783,-0.44758087,-0.49023652,-0.39728394,787.326,799.81683,797.3993,794.17584,761.13556,-0.46539306640625,0.03289794921875,0.88568115234375,3.701019287109375,-4.11224365234375,-0.897216796875,315897.4358974359,8.140322344322345E7,3.259142857142857E7,45.453274,1,1.0,1.0,1.0,1.0,60.00
2025-06-30 23:59:47.070,0.24953777,0.03456679,0.5500454,0.29560485,-0.0014858796,-0.37093776,0.3833661,0.12519592,0.24605204,-0.017927319,0.48632592,0.5008067,0.12535222,-0.048662934,-0.07222032,0.13147426,-0.3200214,-0.42463538,-0.31029695,-0.4261175,791.3553,803.0403,802.6374,810.293,728.0952,-0.464111328125,0.02911376953125,0.88653564453125,3.768310546875,-3.93280029296875,-0.9271240234375,316703.2967032967,8.120095238095237E7,3.2523736263736263E7,45.45263,1,1.0,1.0,1.0,1.0,60.00
2025-06-30 23:59:48.071,0.3109143,-0.22988455,0.5139683,0.42480287,0.20025036,-0.3529503,0.38032746,0.4689259,0.42676267,0.04713984,0.41668448,0.61084926,0.13112466,-0.25924745,-0.1094672,0.22982222,-0.2469075,-0.40642908,-0.16022508,-0.3963783,795.78754,796.99634,796.5934,808.2784,699.0842,-0.46533203125,0.0274658203125,0.8853759765625,3.805694580078125,-3.566436767578125,-1.15142822265625,315897.4358974359,8.131457875457875E7,3.2539853479853477E7,45.452454,1,1.0,1.0,1.0,1.0,60.00
2025-06-30 23:59:49.072,0.1565267,0.23963048,0.35155323,0.46507987,0.12733757,-0.21149442,0.18642859,0.29631913,0.4557358,0.15800737,0.4527692,0.5567505,0.12140834,-5.6825684E-5,0.18384112,0.32491523,-0.18405962,-0.36258617,-0.27457678,-0.2517137,811.0989,804.2491,803.44324,813.5165,884.43225,-0.466064453125,0.0272216796875,0.88775634765625,3.790740966796875,-3.835601806640625,-1.099090576171875,315897.4358974359,8.14185347985348E7,3.259062271062271E7,45.34159,1,1.0,1.0,1.0,1.0,60.00
2025-06-30 23:59:50.073,-0.0380192,0.040901124,0.3356843,0.15010533,-0.03348678,-0.058072608,0.2301994,0.07110409,0.424138,0.19300652,0.44424385,0.58081317,0.233824,0.13774402,0.29669368,0.2579565,-0.08215468,-0.2347791,-0.17396435,-0.115984134,805.8608,798.20514,795.78754,801.02563,768.3883,-0.46728515625,0.02996826171875,0.888671875,3.431854248046875,-3.835601806640625,-0.777587890625,315897.4358974359,8.12581684981685E7,3.2613186813186813E7,45.327297,1,1.0,1.0,1.0,1.0,60.00
2025-06-30 23:59:51.076,0.30126297,-0.09416259,0.35519096,0.47490495,-0.18693201,-0.17106825,0.19747254,0.163151,0.17844418,0.048806816,0.31960353,0.44566685,0.1068594,0.01435755,0.16010354,0.1722588,-0.28092486,-0.47473216,-0.23726931,-0.13621897,803.8461,797.8022,786.52014,801.02563,711.1722,-0.46307373046875,0.0301513671875,0.89093017578125,3.686065673828125,-4.02252197265625,-1.323394775390625,315897.4358974359,8.128879120879121E7,3.2631721611721613E7,45.281357,1,1.0,1.0,1.0,1.0,60.00
2025-06-30 23:59:52.078,0.31341404,-0.17427675,0.42094567,0.31617457,0.2638248,-0.5397575,0.24792656,0.1461104,0.47213024,-0.21747287,0.27414224,0.588267,0.15654057,-0.07395681,0.2139281,0.17028548,-0.34743312,-0.50231963,-0.34076387,-0.104355,813.5165,797.8022,795.38464,801.8315,725.2747,-0.4638671875,0.0277099609375,0.88616943359375,3.895416259765625,-3.90289306640625,-1.173858642578125,315897.4358974359,8.107926739926739E7,3.261076923076923E7,45.275055,1,1.0,1.0,1.0,1.0,60.00
2025-06-30 23:59:53.080,0.12355699,-0.22652498,0.3793015,0.24306509,0.27293083,-0.46266913,0.18862474,0.40553835,0.4800825,-0.12790437,0.3085284,0.62986964,-0.006829513,-0.19256063,0.03057225,0.14370754,-0.36379766,-0.47723392,-0.38173318,-0.3156337,819.15753,805.4579,802.23444,812.3077,735.7509,-0.466796875,0.02825927734375,0.88232421875,3.775787353515625,-3.506622314453125,-0.897216796875,315897.4358974359,8.146205128205128E7,3.264945054945055E7,45.275055,1,1.0,1.0,1.0,1.0,60.00
2025-06-30 23:59:54.082,0.17584598,-0.30009845,0.6064312,0.1906211,0.2790112,-0.48768264,0.2726206,0.13898304,0.34601754,0.09495664,0.37780595,0.16254993,0.028589994,-0.09572374,0.096820064,0.15830277,-0.37884906,-0.54472816,-0.5401761,-0.33675796,808.2784,801.8315,799.81683,788.1319,649.5238,-0.46710205078125,0.029296875,0.8873291015625,3.940277099609375,-4.044952392578125,-0.635528564453125,316703.2967032967,8.130249084249084E7,3.2663150183150183E7,45.275055,1,1.0,1.0,1.0,1.0,60.00
2025-06-30 23:59:55.083,-0.14588636,-0.6214044,0.42403823,0.18535614,0.07561329,-0.27911386,0.5435436,0.17947128,0.34601754,0.10438201,0.3500558,0.30948085,0.08146467,-0.09729319,0.07606874,0.08084856,-0.32500255,-0.52851224,-0.3608359,-0.28532887,812.71063,801.02563,796.5934,803.8461,738.5714,-0.464111328125,0.029541015625,0.8887939453125,3.84307861328125,-3.970184326171875,-0.710296630859375,316703.2967032967,8.117516483516483E7,3.2652673992673993E7,44.82837,1,1.0,1.0,1.0,1.0,60.00
2025-06-30 23:59:56.084,-0.23614556,-0.48880348,0.370213,0.023901064,-0.23033997,-0.23184092,0.58279765,0.14216673,0.033429656,0.0829472,0.34635875,0.31808293,0.12732686,-0.16002545,0.1113462,0.12686147,-0.39662766,-0.5943697,-0.22989076,-0.39475435,800.2198,805.8608,811.0989,800.2198,645.89746,-0.46514892578125,0.03082275390625,0.8876953125,3.8580322265625,-4.366455078125,-0.5084228515625,315897.4358974359,8.118322344322345E7,3.2633333333333332E7,44.82837,1,1.0,1.0,1.0,1.0,60.00
2025-06-30 23:59:57.085,0.3230615,-0.26912284,0.51226795,0.296895,0.06478826,-0.22674203,0.20426062,-0.05745177,0.052562874,-0.02558978,0.34947664,0.32935134,0.21765688,-0.1971196,0.12697236,0.238454,-0.29499334,-0.5654457,-0.42501953,-0.24683262,790.54944,801.8315,806.26373,806.6667,782.49084,-0.46551513671875,0.02783203125,0.89105224609375,3.715972900390625,-4.78515625,-0.2093505859375,316703.2967032967,8.122109890109889E7,3.2645421245421246E7,44.82837,1,1.0,1.0,1.0,1.0,60.00
2025-06-30 23:59:58.088,0.2991749,-0.12824129,0.52325433,0.3991139,0.22423518,-0.12110047,0.08135787,0.018141441,0.28468162,-0.31494802,0.10955592,0.4155126,-0.007921822,-0.15346333,0.11752802,0.24070555,-0.19130823,-0.51803976,-0.34218058,-0.15157697,811.50183,799.011,801.8315,810.696,705.9341,-0.46453857421875,0.02801513671875,0.8812255859375,3.820648193359375,-3.835601806640625,-0.79254150390625,316703.2967032967,8.126542124542125E7,3.2663150183150183E7,44.82837,1,1.0,1.0,1.0,1.0,60.00
2025-06-30 23:59:59.090,0.13332415,-0.42584527,0.29017758,0.1137343,0.036404286,-0.44940037,0.17384735,0.11004515,0.28682175,-0.2342526,0.34116963,0.28028625,-0.042460497,-0.12751053,0.059059154,0.1196834,-0.2879235,-0.668923,-0.40888527,-0.23817052,801.8315,796.99634,807.47253,807.47253,795.38464,-0.46417236328125,0.02947998046875,0.88494873046875,3.70849609375,-3.970184326171875,-0.9869384765625,315897.4358974359,8.11018315018315E7,3.265186813186813E7,44.82837,1,1.0,1.0,1.0,1.0,60.00
2025-07-01 00:00:00.091,0.22700618,-0.46853298,-0.025071993,0.37540677,-0.21764672,-0.27801207,0.10927543,-0.15258928,0.30286703,-0.039242357,0.36442494,0.1791513,0.035329055,-0.078296795,0.12763225,0.13788679,-0.21200252,-0.58471864,-0.3844063,-0.2978712,796.99634,795.38464,789.7436,800.6227,806.6667,-0.46533203125,0.02630615234375,0.8892822265625,4.0374755859375,-4.209442138671875,-0.919647216796875,316703.2967032967,8.130652014652014E7,3.2673626373626374E7,44.82837,1,1.0,1.0,1.0,1.0,60.00
2025-07-01 00:00:01.095,0.2507235,-0.19903082,0.24165429,0.42940933,-0.17303097,-0.39017624,-0.0073683113,-0.21782804,0.1422963,-0.02855935,0.37429306,0.14815652,0.064308554,-0.09490682,-0.011405519,0.14307451,-0.28730133,-0.5647293,-0.35432863,-0.395435,815.9341,798.60803,793.7729,805.4579,655.56775,-0.46649169921875,0.03192138671875,0.89215087890625,3.78326416015625,-4.32159423828125,-0.61309814453125,316703.2967032967,8.154263736263736E7,3.2714725274725273E7,44.66752,1,1.0,1.0,1.0,1.0,60.00
2025-07-01 00:00:02.096,0.08488376,-0.20192553,0.46284375,0.23741744,0.096338816,-0.5984813,0.27955908,0.3486124,0.010067037,0.059361443,0.6957277,-0.092553996,-0.005900841,0.058306642,-0.004238177,0.05740883,-0.28149128,-0.46965933,-0.3591495,-0.41821525,807.0696,799.41394,805.4579,809.4872,802.23444,-0.468994140625,0.02838134765625,0.8848876953125,3.6785888671875,-3.99261474609375,-0.9271240234375,315897.4358974359,8.140725274725275E7,3.2664761904761903E7,44.66752,1,1.0,1.0,1.0,1.0,60.00
2025-07-01 00:00:03.098,0.467037,-0.22963388,0.4252122,0.38669747,0.20586666,-0.38393524,0.46208552,0.4787923,0.017827772,0.14199181,0.71035594,0.3072959,-0.025745964,-0.08231604,0.06720525,-0.0781041,-0.36199084,-0.4868821,-0.39570114,-0.35249949,811.0989,803.8461,812.71063,813.1135,756.7033,-0.46466064453125,0.0281982421875,0.8826904296875,3.66363525390625,-4.269256591796875,-0.9271240234375,315897.4358974359,8.122271062271062E7,3.264945054945055E7,44.66752,1,1.0,1.0,1.0,1.0,60.00
2025-07-01 00:00:04.100,0.526273,-0.099852405,0.57462835,0.72654283,0.2500621,-0.05892194,0.22242944,0.33925954,0.07843896,0.060539674,0.6954369,0.48411033,0.05006965,-0.007929226,0.114053465,0.030159514,-0.32385638,-0.48157996,-0.30049506,-0.3155589,811.50183,803.8461,804.2491,801.02563,721.6484,-0.46649169921875,0.0277099609375,0.8843994140625,3.656158447265625,-3.96270751953125,-0.964508056640625,316703.2967032967,8.107362637362637E7,3.2586593406593405E7,44.66752,1,1.0,1.0,1.0,1.0,60.00
2025-07-01 00:00:05.100,0.37103277,-0.0511112,0.34294903,0.6793995,0.07084267,-0.11145149,0.33058628,0.4047842,0.132313,0.16663724,0.61711216,0.64059377,0.32899305,0.01400618,-0.007987809,0.3469192,-0.36110723,-0.7829445,-0.33458266,-0.2916631,802.6374,805.4579,800.2198,790.14655,714.7985,-0.4683837890625,0.028564453125,0.88665771484375,3.775787353515625,-3.7384033203125,-1.443023681640625,316703.2967032967,8.122271062271062E7,3.2579340659340657E7,44.66752,1,1.0,1.0,1.0,1.0,60.00
2025-07-01 00:00:06.101,0.29600403,-0.12977636,0.49029663,0.47282678,0.19630486,0.09874352,0.34789515,0.26486823,0.31537545,0.2808768,0.33574992,0.38794434,0.3586605,-0.022576697,0.15326503,0.39562112,-0.26922065,-0.50741243,-0.3967525,-0.25120816,792.1612,802.6374,808.68134,793.7729,717.2161,-0.466796875,0.031494140625,0.88653564453125,3.611297607421875,-4.254302978515625,-0.7177734375,315897.4358974359,8.143706959706959E7,3.2633333333333332E7,44.66752,1,1.0,1.0,1.0,1.0,60.00
2025-07-01 00:00:07.102,0.5508141,0.27846143,0.54132,0.6222694,0.23799555,0.08285466,0.4737051,0.07903971,0.57223135,0.38075352,0.5135197,0.34753096,0.20676464,0.0052086446,0.3177186,0.3807113,-0.2772233,-0.447156,-0.38302904,-0.29338643,790.9524,798.20514,803.8461,784.5055,626.9597,-0.4678955078125,0.0294189453125,0.8841552734375,3.686065673828125,-3.895416259765625,-0.9271240234375,315897.4358974359,8.159421245421246E7,3.2672820512820512E7,44.48175,1,1.0,1.0,1.0,1.0,60.00
2025-07-01 00:00:08.103,0.33343345,0.33340323,0.321092,0.32141644,0.20165125,-0.040946122,0.41668764,0.028746257,0.56974036,0.33119643,0.5852452,0.3797377,0.12507534,-0.090727024,0.33393782,0.33396405,-0.29054832,-0.48373103,-0.33816108,-0.18902484,776.8498,798.20514,805.4579,773.6264,672.0879,-0.46533203125,0.03167724609375,0.88604736328125,3.99261474609375,-3.656158447265625,-0.889739990234375,315897.4358974359,8.162080586080585E7,3.265025641025641E7,44.490322,1,1.0,1.0,1.0,1.0,60.00
2025-07-01 00:00:09.102,0.4660641,0.43702254,0.29085934,0.38881075,0.19184332,0.15286195,0.44403073,0.19825652,0.3210675,0.12312362,0.61068577,0.39105365,0.05760523,-0.12156043,0.22370407,0.29130024,-0.28771466,-0.5310817,-0.21624377,-0.12187395,774.43225,786.1172,792.96704,777.6557,774.0293,-0.470703125,0.02886962890625,0.87908935546875,3.9776611328125,-3.4393310546875,-1.09161376953125,315897.4358974359,8.179970695970696E7,3.2621245421245422E7,44.490322,1,1.0,1.0,1.0,1.0,60.00
2025-07-01 00:00:10.104,0.39425117,0.35160777,0.57773644,0.30111644,0.25109908,0.06417475,0.41032648,0.35457194,0.38735986,0.12932633,0.65412605,0.4771773,0.057261664,0.023827193,0.28572655,0.30766398,-0.20283496,-0.4380451,-0.15964913,-0.12681273,784.5055,808.2784,803.44324,788.93774,575.38464,-0.4683837890625,0.0291748046875,0.88983154296875,3.75335693359375,-4.044952392578125,-0.695343017578125,316703.2967032967,8.146446886446886E7,3.255919413919414E7,44.490322,1,1.0,1.0,1.0,1.0,60.00
2025-07-01 00:00:11.105,-0.16535038,-0.010588451,0.64668685,0.15350857,-0.03895753,-0.050050173,0.30485845,0.28232896,0.38317874,0.13495217,0.5341324,0.45434725,0.1710204,-0.015981885,0.2582373,0.3027574,-0.12756935,-0.3308356,-0.2824935,-0.2083932,775.64105,796.99634,800.6227,787.72894,694.65204,-0.468505859375,0.0279541015625,0.88739013671875,3.611297607421875,-3.880462646484375,-0.800018310546875,316703.2967032967,8.125897435897435E7,3.2596263736263737E7,44.395153,1,1.0,1.0,1.0,1.0,60.00
2025-07-01 00:00:12.106,0.11302497,-0.13385506,0.51524407,0.13972045,-0.06805815,0.06679857,0.26465148,0.16600329,0.28590795,0.085244566,0.5029964,0.30072108,0.09733545,0.0632881,0.090449214,0.21389198,-0.29309356,-0.3110039,-0.37473089,-0.37433156,783.69965,789.34064,794.17584,792.5641,842.1245,-0.47015380859375,0.02435302734375,0.8826904296875,3.768310546875,-3.69354248046875,-0.9271240234375,315897.4358974359,8.123479853479853E7,3.2666373626373626E7,44.397713,1,1.0,1.0,1.0,1.0,60.00
2025-07-01 00:00:13.107,0.14217713,-0.39757055,0.3403358,0.27518985,-0.25881127,-0.11242821,0.12718742,-0.07978893,0.26391482,0.19207722,0.18414173,0.074768275,0.07776769,0.03167486,0.08957909,0.14620732,-0.44164488,-0.1339311,-0.28953433,-0.282483,784.90845,800.6227,803.8461,786.1172,718.8278,-0.46484375,0.029052734375,0.88824462890625,3.6187744140625,-3.626251220703125,-1.15142822265625,316703.2967032967,8.126139194139194E7,3.2667985347985346E7,44.414925,1,1.0,1.0,1.0,1.0,60.00
2025-07-01 00:00:14.108,0.15349323,-0.26335737,0.13696802,0.28377604,-0.0682281,-0.111727834,-0.05738005,0.086963676,0.25314543,0.21945992,0.075256556,0.38574225,0.20948167,-0.014720872,0.05032084,0.26514083,-0.25521526,-0.21680228,-0.18157338,-0.13542075,789.34064,797.8022,805.05493,805.8608,775.2381,-0.46942138671875,0.024658203125,0.8966064453125,3.880462646484375,-4.306640625,-0.665435791015625,316703.2967032967,8.165626373626374E7,3.273164835164835E7,44.414925,1,1.0,1.0,1.0,1.0,60.00
2025-07-01 00:00:15.109,0.17857613,-0.12978835,0.70874614,0.47015405,-0.24233334,-0.19001469,0.027074639,0.27111337,0.5454444,0.027603045,0.013722387,0.45691326,0.19315629,-0.03141157,0.14874846,0.3419282,-0.27412605,-0.25787464,-0.3638575,-0.11987772,804.2491,801.4286,802.6374,805.05493,828.8278,-0.4661865234375,0.02783203125,0.88519287109375,3.87298583984375,-3.9776611328125,-0.844879150390625,315897.4358974359,8.150556776556776E7,3.2699413919413917E7,44.414925,1,1.0,1.0,1.0,1.0,60.00
2025-07-01 00:00:16.112,0.23348846,-0.10185011,0.8092948,0.3943272,-0.21157533,-0.25419205,0.30921137,0.029713122,0.562439,0.05039448,0.24681447,0.30303618,0.19549757,0.015015056,0.14533535,0.25573033,-0.11402612,-0.1934915,-0.40962467,-0.17037289,808.2784,791.75824,785.31134,792.1612,736.55676,-0.4671630859375,0.029052734375,0.88714599609375,3.7384033203125,-4.358978271484375,-0.7476806640625,316703.2967032967,8.14676923076923E7,3.264300366300366E7,44.125607,1,1.0,1.0,1.0,1.0,60.00
2025-07-01 00:00:17.113,0.10283549,-0.010172095,0.62873334,0.04707769,-0.1339191,-0.40163493,0.19607033,0.15496415,0.07252486,0.025612837,0.22615911,0.26062515,0.038330678,0.07297765,0.27266192,0.08223093,-0.16536845,-0.28652474,-0.21163145,-0.19933161,812.3077,795.78754,803.8461,802.23444,660.40295,-0.46978759765625,0.02899169921875,0.8875732421875,3.94775390625,-4.4561767578125,-0.5084228515625,316703.2967032967,8.156600732600732E7,3.2685714285714284E7,43.94676,1,1.0,1.0,1.0,1.0,60.00
2025-07-01 00:00:18.117,0.119497076,-0.43020964,0.54680794,-0.2081677,-0.16807766,-0.43187594,0.26608568,0.1331993,0.1760115,-0.005575152,0.26345915,0.40031633,0.076614894,0.06740334,0.22044685,0.14238228,-0.10577352,-0.30788738,-0.24424073,-0.31456706,804.2491,796.5934,798.20514,802.23444,778.46155,-0.4659423828125,0.0267333984375,0.88299560546875,3.820648193359375,-4.0374755859375,-0.500946044921875,316703.2967032967,8.143465201465201E7,3.2726007326007325E7,43.94676,1,1.0,1.0,1.0,1.0,60.00
2025-07-01 00:00:19.118,0.07588738,-0.3091334,0.2544357,0.28688112,0.16567475,-0.41710743,0.29501024,0.054001305,0.08986431,-0.14342487,0.636133,0.2176675,0.047316328,-0.098273255,0.08693072,0.14749078,-0.14664946,-0.3046063,-0.30381334,-0.17519397,817.9487,799.011,804.2491,794.57874,684.17584,-0.46728515625,0.02642822265625,0.89068603515625,3.90289306640625,-4.059906005859375,-0.575714111328125,315897.4358974359,8.134520146520147E7,3.273970695970696E7,43.94676,1,1.0,1.0,1.0,1.0,60.00
2025-07-01 00:00:20.120,0.058862492,-0.27790844,0.36175963,0.26063925,0.05451812,-0.39119095,0.5343492,-0.025683368,0.086673394,-0.15136297,0.62305945,0.09240517,-7.6222327E-4,-0.044066012,0.2575869,0.17818838,-0.2677645,-0.2337442,-0.21821856,-0.15909544,796.1905,805.8608,805.4579,792.1612,730.5128,-0.47467041015625,0.02862548828125,0.8861083984375,4.0673828125,-4.2767333984375,-0.680389404296875,316703.2967032967,8.130652014652014E7,3.2755018315018315E7,43.95429,1,1.0,1.0,1.0,1.0,60.00
2025-07-01 00:00:21.121,-0.029375752,-0.22798309,0.3642463,0.26630855,-0.19447546,-0.3028632,0.4902974,-0.14020714,-0.1544451,0.019346755,0.49488148,0.0026747766,0.11774049,-0.02469986,0.25741032,0.19376142,-0.22531402,-0.11201659,-0.20922574,-0.20976919,809.4872,809.0842,808.2784,804.65204,680.14655,-0.46917724609375,0.02911376953125,0.8870849609375,3.6187744140625,-3.87298583984375,-1.009368896484375,316703.2967032967,8.145479853479853E7,3.2770329670329668E7,43.95429,1,1.0,1.0,1.0,1.0,60.00
2025-07-01 00:00:22.124,-0.057739004,-0.47093937,0.5555248,0.2341593,-0.124532364,-0.49448487,0.26841688,-0.15152195,-0.108717,-0.42410877,0.33510727,0.14855537,0.12956038,-0.13208115,0.414834,0.09981534,-0.18894592,-0.18205415,-0.2723717,-0.18668346,786.52014,802.23444,806.6667,793.7729,708.3516,-0.4659423828125,0.0277099609375,0.89166259765625,3.6187744140625,-4.366455078125,-0.725250244140625,316703.2967032967,8.152168498168498E7,3.2744542124542125E7,44.248688,1,1.0,1.0,1.0,1.0,60.00
2025-07-01 00:00:23.127,-0.14279142,-0.30754212,0.6138967,0.4919265,-0.16115205,-0.368056,0.022251626,-0.034707084,0.042994756,-0.022778051,0.24424914,0.31032687,0.005347247,-0.031467665,0.21743205,0.10050627,-0.21163186,-0.236803,-0.18382232,-0.27523154,776.04395,804.2491,803.8461,790.54944,805.8608,-0.46807861328125,0.02789306640625,0.88861083984375,3.566436767578125,-3.94775390625,-0.904693603515625,316703.2967032967,8.140886446886447E7,3.2735677655677654E7,45.584713,1,1.0,1.0,1.0,1.0,60.00
2025-07-01 00:00:24.128,0.15473916,-0.41339067,0.6396847,0.36337504,-0.022068715,-0.35061952,0.057439122,0.14061561,0.07525705,-0.013513135,0.42368242,0.33480003,-0.0022176665,0.0069935783,0.19492812,0.17627421,-0.28513148,-0.3954181,-0.27831852,-0.30845505,785.7143,803.0403,803.8461,786.9231,774.43225,-0.4661865234375,0.028076171875,0.88665771484375,3.5589599609375,-3.63372802734375,-0.88226318359375,316703.2967032967,8.142820512820512E7,3.272197802197802E7,45.584713,1,1.0,1.0,1.0,1.0,60.00
2025-07-01 00:00:25.129,0.13721526,-0.49120197,0.4341925,0.4394506,-0.0092331935,-0.36324278,0.17127104,0.1968947,0.11005829,-0.047072254,0.70250493,0.40978336,0.102236256,0.06810355,0.32659182,0.18639153,-0.2643776,-0.23798412,-0.34488368,-0.120798625,792.1612,804.65204,806.6667,801.02563,655.56775,-0.46380615234375,0.02728271484375,0.88726806640625,3.6785888671875,-3.648681640625,-1.12152099609375,316703.2967032967,8.163692307692307E7,3.273003663003663E7,45.584713,1,1.0,1.0,1.0,1.0,60.00
2025-07-01 00:00:26.130,0.13634098,-0.21299995,0.7092842,0.3527507,-0.06585766,-0.3923496,0.33361432,-0.03886532,0.2265135,0.04315204,0.6349705,0.37183,0.15147859,0.053225208,0.25697997,0.09501488,-0.32097265,-0.16597506,-0.21892995,-0.117703736,788.5348,799.81683,801.4286,800.2198,747.4359,-0.4710693359375,0.02569580078125,0.8887939453125,4.246826171875,-4.17205810546875,-0.59814453125,316703.2967032967,8.16095238095238E7,3.2735677655677654E7,45.584713,1,1.0,1.0,1.0,1.0,60.00
2025-07-01 00:00:27.131,0.00732969,-0.098789394,0.877084,0.1320022,0.06997223,-0.4453693,0.44738263,0.07538829,0.3705619,-0.08745087,0.44500002,0.3166182,0.16231488,0.021586183,0.14956415,0.1156529,-0.44122392,-0.20671669,-0.28033412,-0.1854254,812.3077,800.2198,794.57874,814.3223,780.87915,-0.466064453125,0.02740478515625,0.88671875,3.63372802734375,-3.7982177734375,-0.994415283203125,316703.2967032967,8.140241758241758E7,3.269135531135531E7,45.584713,1,1.0,1.0,1.0,1.0,60.00
2025-07-01 00:00:28.132,-0.00433672,-0.04341853,0.52260345,0.33792722,0.017502021,-0.20757772,0.17821692,-0.015076136,0.37683007,-0.045214288,0.4959321,0.3536035,0.13190624,0.015929805,0.23661132,0.15807384,-0.27891722,-0.16933583,-0.38275453,-0.24037948,802.23444,788.1319,792.1612,811.0989,632.1978,-0.468994140625,0.02557373046875,0.88970947265625,3.6187744140625,-3.835601806640625,-0.8074951171875,316703.2967032967,8.122351648351648E7,3.2656703296703298E7,46.370983,1,1.0,1.0,1.0,1.0,60.00
2025-07-01 00:00:29.135,0.18402043,-0.2769038,0.39931613,0.4755484,0.008026963,-0.09540065,0.18448226,0.22799402,0.23414578,-0.011996113,0.6316946,0.50521946,0.172312,-0.014726972,0.24514401,0.21526897,-0.32172936,-0.14643969,-0.37296882,-0.35497648,815.5311,796.1905,803.0403,811.9048,720.0366,-0.46478271484375,0.02618408203125,0.8856201171875,3.84307861328125,-3.760833740234375,-0.889739990234375,316703.2967032967,8.124608058608058E7,3.2668791208791208E7,46.402756,1,1.0,1.0,1.0,1.0,60.00
2025-07-01 00:00:30.138,0.37795419,-0.20883977,0.6959397,0.43846032,0.13673235,-0.112519816,0.18688743,0.36999488,0.19137438,-0.10981088,0.5875415,0.40250763,0.14898403,-0.0062030368,0.06939882,0.24404547,-0.39267656,-0.14805833,-0.386881,-0.25359792,807.47253,788.5348,793.7729,809.89014,764.7619,-0.46636962890625,0.02520751953125,0.8880615234375,4.0673828125,-3.730926513671875,-0.82244873046875,316703.2967032967,8.157487179487179E7,3.2708278388278387E7,46.402756,1,1.0,1.0,1.0,1.0,60.00
2025-07-01 00:00:31.139,0.27083677,-0.09419855,0.61540866,0.21936007,0.08575685,-0.33542693,0.24641024,-0.069152586,0.13168356,-0.095473304,0.3767924,0.30187568,-0.021646313,-0.029785216,0.07999407,0.18189237,-0.2657374,-0.18863535,-0.23525831,-0.14981277,813.5165,799.81683,800.2198,811.0989,668.0586,-0.46417236328125,0.02471923828125,0.888916015625,3.760833740234375,-4.05242919921875,-1.03179931640625,316703.2967032967,8.145318681318681E7,3.2665567765567765E7,46.402756,1,1.0,1.0,1.0,1.0,60.00
2025-07-01 00:00:32.143,-0.047585133,-0.28596312,0.62207407,0.11133043,-0.0055215033,-0.26888293,0.19491415,0.011162638,0.3031612,0.23564187,0.21384229,0.29137033,-0.011572899,0.064395286,0.10741966,0.06162892,-0.2791626,-0.17994331,-0.24189126,-0.20118773,816.7399,801.02563,790.54944,805.8608,758.71796,-0.46588134765625,0.02972412109375,0.88458251953125,3.491668701171875,-3.75335693359375,-0.9271240234375,316703.2967032967,8.137985347985348E7,3.265106227106227E7,46.402756,1,1.0,1.0,1.0,1.0,60.00
2025-07-01 00:00:33.144,0.09301828,-0.50766176,0.7590774,0.13351619,-0.08074532,-0.53487355,0.4187343,0.19072273,0.28482744,0.19204453,0.28466207,0.36868566,0.07279364,0.11675571,0.32654676,0.27437827,-0.22546707,-0.05566723,-0.1639217,-0.19730903,790.14655,799.81683,799.011,785.31134,923.5165,-0.468017578125,0.028076171875,0.88726806640625,3.431854248046875,-4.239349365234375,-0.9869384765625,316703.2967032967,8.147494505494505E7,3.262043956043956E7,46.402756,1,1.0,1.0,1.0,1.0,60.00
2025-07-01 00:00:34.146,0.35870767,-0.34707594,0.5338032,0.32152572,0.11382159,-0.54787475,0.32073164,0.45482185,0.1641649,0.1333892,0.37134492,0.43050843,0.08306494,0.18071201,0.37352696,0.33208635,-0.27946985,-0.13487503,-0.17405799,-0.24661711,796.99634,806.6667,797.8022,796.1905,592.71063,-0.46478271484375,0.026611328125,0.8856201171875,3.686065673828125,-3.805694580078125,-0.785064697265625,316703.2967032967,8.14225641025641E7,3.2628498168498166E7,46.402756,1,1.0,1.0,1.0,1.0,60.00
2025-07-01 00:00:35.148,0.3120623,-0.09517323,0.51903534,0.39683285,0.16275851,-0.31586248,0.22708696,0.35798955,0.3350662,0.2799603,0.4511641,0.42614812,0.17067383,0.04428121,0.29745656,0.20088772,-0.25769275,-0.11165845,-0.37955385,-0.19596012,788.5348,800.2198,803.0403,783.69965,731.31866,-0.46795654296875,0.0262451171875,0.884521484375,3.566436767578125,-4.127197265625,-0.859832763671875,317509.1575091575,8.131457875457875E7,3.2571282051282052E7,46.402756,1,1.0,1.0,1.0,1.0,60.00
2025-07-01 00:00:36.149,0.04053684,-0.046619054,0.5562956,0.32835582,0.1292013,0.1842627,0.3843978,0.37659872,0.5773465,0.4999857,0.6462649,0.42642406,0.40811443,0.12896466,0.2166896,0.35248291,-0.10812933,0.025709532,-0.30679682,0.018367205,778.86444,794.57874,792.96704,794.57874,771.6117,-0.466552734375,0.0269775390625,0.8868408203125,4.209442138671875,-3.865509033203125,-0.770111083984375,316703.2967032967,8.106556776556776E7,3.2527765567765567E7,46.402756,1,1.0,1.0,1.0,1.0,65.00
2025-07-01 00:00:37.151,0.14155923,0.03701522,0.58188945,0.2366277,0.30276027,0.45926434,0.50171983,0.29314697,0.49737233,0.4684933,0.62764484,0.5715877,0.4281457,0.33965984,0.3534386,0.37111482,0.08823046,0.27941242,0.07255336,0.18720384,784.90845,806.26373,808.68134,795.78754,614.0659,-0.46905517578125,0.02545166015625,0.88525390625,3.940277099609375,-4.059906005859375,-0.94207763671875,315897.4358974359,8.121223443223444E7,3.2545494505494505E7,46.402756,1,1.0,1.0,1.0,1.0,65.00
2025-07-01 00:00:38.154,0.29268813,0.13381502,0.51805943,0.51701856,0.09605474,0.20732331,0.2825658,0.2492867,0.5303065,0.49958646,0.63646305,0.6632889,0.32625598,0.25736228,0.38454303,0.35816994,0.106960244,0.14468926,0.011439643,0.15033968,774.0293,798.60803,794.17584,786.52014,738.97437,-0.46624755859375,0.0233154296875,0.88720703125,3.446807861328125,-3.895416259765625,-1.06170654296875,316703.2967032967,8.138065934065934E7,3.2571282051282052E7,46.402756,1,1.0,1.0,1.0,1.0,65.00
2025-07-01 00:00:39.157,-0.068564855,0.17240535,0.48294187,0.392512,0.09053484,8.558599E-4,0.35260126,0.16395794,0.4972609,0.30261812,0.6547358,0.61673594,0.3165414,0.18452619,0.24006996,0.36002496,0.17326736,0.13227186,-0.03512297,-0.056560926,793.36993,803.0403,784.10254,796.1905,761.53845,-0.46759033203125,0.02838134765625,0.8858642578125,3.805694580078125,-4.0673828125,-0.545806884765625,315897.4358974359,8.132505494505495E7,3.256805860805861E7,46.402756,1,1.0,1.0,1.0,1.0,65.00
2025-07-01 00:00:40.158,-0.06723296,0.1684012,0.56721026,0.16729005,0.15504207,0.07289388,0.29911768,0.22274531,0.29552054,0.009832376,0.5346141,0.5206485,0.22974986,0.027937822,0.24091277,0.20215501,0.13214664,0.1448898,0.036352087,0.03127952,799.41394,809.4872,796.99634,803.8461,660.80585,-0.46685791015625,0.02630615234375,0.8870849609375,3.835601806640625,-4.015045166015625,-0.695343017578125,316703.2967032967,8.115260073260073E7,3.254065934065934E7,46.402756,1,1.0,1.0,1.0,1.0,65.00
2025-07-01 00:00:41.160,0.01870311,0.007972479,0.31962737,-0.16750878,-0.08463758,-0.012137327,0.25313732,-0.1925516,0.28796425,-0.021060763,0.6483074,0.34957674,0.1166416,8.212553E-4,0.22111763,0.14514098,-0.13586482,-0.074670784,-0.046843335,-0.06732483,816.337,800.6227,803.8461,803.44324,743.8095,-0.4666748046875,0.02532958984375,0.8858642578125,3.641204833984375,-3.880462646484375,-0.605621337890625,316703.2967032967,8.100754578754579E7,3.2496336996336997E7,46.402756,1,1.0,1.0,1.0,1.0,65.00
2025-07-01 00:00:42.163,-0.14596389,-0.02562748,0.69849896,-0.063995466,-0.03133131,-0.3602273,0.34521875,-0.045292996,0.087129645,-0.20303695,0.5683516,0.2810136,0.038454916,-0.016865589,0.07475099,0.14154069,-0.3139369,-0.3460943,-0.20769788,-0.16851936,815.9341,802.6374,808.68134,816.7399,794.17584,-0.46759033203125,0.02685546875,0.8865966796875,3.431854248046875,-4.179534912109375,-0.5682373046875,315897.4358974359,8.126461538461538E7,3.2553553113553114E7,46.402756,1,1.0,1.0,1.0,1.0,65.00
2025-07-01 00:00:43.164,0.16106175,-0.04873531,0.6996872,0.2322984,3.6001214E-4,-0.4825027,0.14736804,-0.048700515,-0.020290706,-0.31492996,0.34852153,0.33556917,0.084098086,0.050653737,0.22986461,0.27161238,-0.25837517,-0.24344072,-0.09517186,-0.24236856,811.9048,804.2491,808.2784,805.8608,676.52014,-0.46697998046875,0.02435302734375,0.88433837890625,3.865509033203125,-3.686065673828125,-0.575714111328125,315897.4358974359,8.1272673992674E7,3.259868131868132E7,46.402756,1,1.0,1.0,1.0,1.0,65.00
2025-07-01 00:00:44.166,0.057670195,-0.007294998,0.6456549,0.22085434,-0.02046077,-0.41114506,0.17695081,-0.017514389,0.3177629,-0.012233023,0.30072385,0.24111518,0.048486166,-0.064772606,0.15542462,0.062360503,-0.20080185,-0.24092886,-0.2175356,-0.33328152,814.3223,805.05493,794.17584,800.6227,741.79486,-0.4666748046875,0.02630615234375,0.88775634765625,3.69354248046875,-4.08233642578125,-0.800018310546875,316703.2967032967,8.120095238095237E7,3.2594652014652014E7,46.402756,1,1.0,1.0,1.0,1.0,65.00
2025-07-01 00:00:45.168,0.23088893,0.087996006,0.65113676,0.27690536,0.30836442,-0.2738643,0.33049852,0.28211144,0.6855468,0.0234547,0.29466397,0.66019565,-0.024866046,-0.001787557,0.037847452,0.0039366917,-0.16283935,-0.17466822,-0.26631546,-0.23243757,806.26373,803.8461,787.326,801.4286,733.73627,-0.47039794921875,0.0264892578125,0.88909912109375,3.536529541015625,-3.985137939453125,-1.039276123046875,316703.2967032967,8.109619047619048E7,3.257289377289377E7,46.402756,1,1.0,1.0,1.0,1.0,65.00
2025-07-01 00:00:46.187,0.19356886,-0.29570296,0.79230934,0.25743937,0.20666319,-0.29841056,0.20085557,0.2869196,0.7067675,0.09110514,0.51442933,0.6891807,0.08001778,0.055821937,0.21771164,0.14791417,-0.26821053,-0.23866022,-0.2448388,-0.13303177,788.5348,802.23444,793.7729,792.1612,661.2088,-0.469482421875,0.02996826171875,0.88897705078125,3.865509033203125,-3.820648193359375,-0.777587890625,315897.4358974359,8.089311355311355E7,3.2535018315018315E7,46.402756,1,1.0,1.0,1.0,1.0,65.00
2025-07-01 00:00:47.189,0.11522113,-0.11646335,0.8610491,0.11691381,0.045935888,-0.26783773,0.28474697,0.024669902,0.3694366,0.041591816,0.76316196,0.2721301,0.042608935,7.619172E-4,0.22316788,0.15638497,-0.15456522,-0.20924579,-0.45222667,-0.15261231,789.34064,793.36993,793.36993,788.93774,623.73627,-0.46673583984375,0.02679443359375,0.89422607421875,4.08233642578125,-4.0374755859375,-0.859832763671875,315897.4358974359,8.124124542124543E7,3.2613992673992675E7,46.402756,1,1.0,1.0,1.0,1.0,55.00
2025-07-01 00:00:48.191,0.27802745,0.03594886,0.6415254,0.328699,0.11763358,-0.26822767,0.2337574,0.00206457,0.2866831,0.11059989,0.5418456,0.21236826,-0.09297725,-0.03540897,0.066593245,0.1549046,-0.15333456,-0.101024315,-0.36984533,-0.11553139,779.67035,790.14655,810.696,791.75824,780.07324,-0.46942138671875,0.02685546875,0.885986328125,3.641204833984375,-3.90289306640625,-1.069183349609375,315897.4358974359,8.113164835164835E7,3.261076923076923E7,46.402756,1,1.0,1.0,1.0,1.0,55.00
2025-07-01 00:00:49.194,0.51902145,0.18108839,0.585059,0.51560783,0.05490059,-0.17000617,0.5246513,0.22379902,0.24203977,0.11393121,0.4548641,0.2784557,0.084221415,0.010025518,0.08436134,0.16780093,-0.1002057,-0.11043459,-0.29077995,-0.08986283,788.1319,796.99634,799.81683,795.78754,689.41394,-0.4666748046875,0.02587890625,0.88690185546875,3.87298583984375,-4.269256591796875,-0.8074951171875,316703.2967032967,8.114373626373626E7,3.2613992673992675E7,45.943672,1,1.0,1.0,1.0,1.0,55.00
2025-07-01 00:00:50.196,0.276991,-0.2935485,0.49757415,0.5492862,0.058207516,-0.2516651,0.3263757,0.21570122,0.25229487,-0.076625414,0.40177828,0.41709492,0.119654395,0.028141037,0.17214659,0.14786738,-0.28664613,-0.32803756,-0.34507272,-0.16188179,793.7729,799.011,804.2491,797.3993,708.3516,-0.468994140625,0.02703857421875,0.88629150390625,3.828125,-3.8580322265625,-0.859832763671875,316703.2967032967,8.126139194139194E7,3.2613992673992675E7,45.943672,1,1.0,1.0,1.0,1.0,55.00
2025-07-01 00:00:51.198,0.31241757,0.0543287,0.51814204,0.24667643,0.2690137,-0.11697185,0.10755174,0.009328607,0.15372922,-0.13568944,0.34541893,0.30540895,0.021422261,0.040909942,0.16345304,0.207041,-0.32242444,-0.3948175,-0.43353906,-0.31503186,805.8608,807.47253,805.4579,813.1135,758.71796,-0.46533203125,0.0279541015625,0.88275146484375,4.059906005859375,-3.93280029296875,-0.58319091796875,315897.4358974359,8.149589743589744E7,3.2642197802197803E7,45.90272,1,1.0,1.0,1.0,1.0,55.00
2025-07-01 00:00:52.200,0.5682217,0.12469987,0.5041875,0.40674716,0.1937373,-0.106610194,0.023592537,0.096391566,0.15685476,-0.22676866,0.23152693,0.28340492,0.15160403,-0.019043019,0.1786105,0.25362998,-0.21534878,-0.2644416,-0.27222577,-0.411598,798.60803,800.6227,804.65204,807.47253,703.5165,-0.467529296875,0.0269775390625,0.886962890625,3.626251220703125,-3.671112060546875,-0.949554443359375,316703.2967032967,8.12662271062271E7,3.261157509157509E7,45.90272,1,1.0,1.0,1.0,1.0,55.00
2025-07-01 00:00:53.202,0.5373831,0.14123252,0.21921924,0.54713833,0.17963271,-0.28191653,0.3478481,0.15917474,0.2565484,-0.15837562,0.38058448,0.2514399,0.15709294,0.029595077,0.26040635,0.249226,-0.28658605,-0.3296823,-0.20840758,-0.40389192,798.60803,799.81683,794.9817,806.26373,761.9414,-0.47088623046875,0.02691650390625,0.8861083984375,3.99261474609375,-4.26177978515625,-0.76263427734375,316703.2967032967,8.126461538461538E7,3.259062271062271E7,45.872746,1,1.0,1.0,1.0,1.0,55.00
2025-07-01 00:00:54.204,0.1058578,0.3425409,0.100004956,0.44716758,0.17806041,-0.5592661,0.25309443,0.106593005,0.22074218,-0.15191644,0.4436649,0.2229751,0.02842542,0.027481103,0.22968088,0.2152781,-0.2987989,-0.33331183,-0.4472502,-0.2777156,814.3223,800.6227,801.8315,803.8461,854.61536,-0.46624755859375,0.02752685546875,0.88818359375,3.63372802734375,-4.373931884765625,-0.411224365234375,316703.2967032967,8.144754578754579E7,3.2595457875457875E7,45.872746,1,1.0,1.0,1.0,1.0,55.00
2025-07-01 00:00:55.216,0.3027431,-0.120784454,0.21609613,0.21392442,0.13313745,-0.2752053,0.182709,0.10250509,0.020296518,-0.086579755,0.42415696,0.2435821,0.061764188,-0.029039467,0.16369724,0.15198025,-0.22472814,-0.24353908,-0.36185825,-0.16196144,809.4872,791.3553,793.7729,792.1612,726.4835,-0.46832275390625,0.02593994140625,0.890625,3.87298583984375,-4.1571044921875,-0.58319091796875,316703.2967032967,8.13959706959707E7,3.2597875457875457E7,45.872746,1,1.0,1.0,1.0,1.0,55.00
2025-07-01 00:00:56.219,0.2750156,0.098469794,0.6393424,0.4041464,-0.20543934,-0.28629825,0.37281597,-0.045123953,0.0167964,-0.084057204,0.49232203,0.19551252,0.07089878,0.04261663,0.09625184,0.22069746,-0.1942502,-0.11476084,-0.20921472,-0.0617802,806.26373,796.99634,794.9817,800.2198,686.99634,-0.46649169921875,0.02398681640625,0.8853759765625,3.551483154296875,-3.970184326171875,-0.545806884765625,316703.2967032967,8.129362637362637E7,3.2557582417582415E7,45.872746,1,1.0,1.0,1.0,1.0,55.00
2025-07-01 00:00:57.220,0.02076105,-0.183962,0.36588132,0.3096663,0.05999266,-0.35645255,0.25054342,0.040661503,0.08949541,-0.1531027,0.42290416,0.26345488,0.0054741353,-0.03388066,0.018462569,0.115815826,-0.40200981,-0.14761327,-0.19365165,-0.22081009,799.81683,796.99634,795.78754,802.23444,700.696,-0.46893310546875,0.02764892578125,0.88751220703125,3.611297607421875,-4.2767333984375,-0.545806884765625,316703.2967032967,8.110424908424908E7,3.2527765567765567E7,45.872746,1,1.0,1.0,1.0,1.0,60.00
2025-07-01 00:00:58.222,0.21331315,0.19003442,0.5836624,0.22679648,0.30091465,0.0825736,0.19931453,0.40069517,0.22938424,0.26941916,0.4067668,0.30236417,0.107433744,0.13178153,0.22203377,0.18712693,-0.25472778,-0.18959081,-0.11352063,-0.120446675,789.34064,800.6227,786.1172,794.9817,688.20514,-0.46685791015625,0.0260009765625,0.8905029296875,3.656158447265625,-4.000091552734375,-1.218719482421875,315897.4358974359,8.129201465201464E7,3.2576923076923076E7,45.872746,1,1.0,1.0,1.0,1.0,60.00
2025-07-01 00:00:59.224,0.22024989,0.0147999935,0.55863804,0.0036479097,0.16439503,0.13747852,0.13284872,0.08395229,0.4207062,0.23216835,0.5301698,0.58391714,0.16667172,0.20936497,0.094628684,0.24412893,-0.111614846,-0.22677636,-0.1813156,-0.03606096,790.14655,795.38464,810.696,793.36993,645.09155,-0.467041015625,0.02239990234375,0.88385009765625,3.596343994140625,-4.074859619140625,-0.7177734375,316703.2967032967,8.123076923076923E7,3.2566446886446886E7,45.851723,1,1.0,1.0,1.0,1.0,60.00
2025-07-01 00:01:00.225,0.09574611,-0.16523314,0.6411999,0.16883235,0.26956332,0.049032584,0.28124475,0.11857666,0.38340786,0.15846479,0.62481517,0.58391714,0.100364305,0.107322946,0.14027283,0.22948307,-0.23884563,-0.24135679,-0.36199543,-0.2721137,799.011,799.41394,792.1612,793.36993,709.15753,-0.46466064453125,0.02734375,0.885009765625,3.865509033203125,-3.955230712890625,-0.6280517578125,316703.2967032967,8.10276923076923E7,3.2535824175824177E7,45.753418,1,1.0,1.0,1.0,1.0,60.00
2025-07-01 00:01:01.227,-0.32252657,-0.0019910645,0.5598052,0.08900919,0.1844159,-0.1129081,0.41952237,-0.032720488,0.2921977,0.06118565,0.6637963,0.1967847,0.23982392,0.13407435,0.21675204,0.26147658,-0.3086145,-0.32852092,-0.35617542,-0.33892682,798.20514,807.8755,815.5311,805.4579,612.0513,-0.46783447265625,0.030517578125,0.8876953125,3.820648193359375,-4.059906005859375,-0.82244873046875,315897.4358974359,8.103655677655677E7,3.255113553113553E7,45.725132,1,1.0,1.0,1.0,1.0,60.00
2025-07-01 00:01:02.228,0.16823515,0.1176065,0.6877496,0.27708885,0.24372213,-0.016527383,0.4192355,-0.045155484,0.5127371,0.32315576,0.49953514,0.4289561,0.17849264,0.044884283,0.11621669,0.29138526,-0.22760962,-0.34116754,-0.27545384,-0.11126544,788.5348,798.60803,795.38464,805.4579,781.28204,-0.468994140625,0.03179931640625,0.88665771484375,4.127197265625,-3.910369873046875,-0.79254150390625,316703.2967032967,8.122351648351648E7,3.2605128205128204E7,45.70883,1,1.0,1.0,1.0,1.0,60.00
2025-07-01 00:01:03.230,0.6607813,0.1459503,0.87036675,0.36849207,0.24109705,-0.09239048,0.5250006,0.10135677,0.5140639,0.39794108,0.533295,0.59793025,0.20265755,0.057770956,0.1442697,0.2848722,-0.21791421,-0.18763003,-0.27888718,-0.10273908,808.2784,805.05493,791.3553,800.6227,791.75824,-0.46795654296875,0.0263671875,0.88616943359375,3.66363525390625,-3.745880126953125,-0.88226318359375,317509.1575091575,8.128879120879121E7,3.2626886446886446E7,45.595055,1,1.0,1.0,1.0,1.0,60.00
2025-07-01 00:01:04.232,0.42668137,0.022637893,0.858813,0.49296525,-0.20319463,-0.24046558,0.3842123,0.16805069,0.20045042,0.17507856,0.530383,0.5358402,0.08047666,0.00965331,0.12368452,0.23222232,-0.25709847,-0.16610704,-0.2506006,-0.09796576,812.71063,803.0403,809.4872,816.7399,720.84247,-0.46734619140625,0.02532958984375,0.88580322265625,3.6785888671875,-4.007568359375,-0.605621337890625,317509.1575091575,8.10196336996337E7,3.2586593406593405E7,45.595055,1,1.0,1.0,1.0,1.0,60.00
2025-07-01 00:01:05.235,0.25070903,0.11947999,0.8910116,0.3811978,0.18953884,-0.035635144,0.26919824,0.14740577,0.24685913,0.13517073,0.48279315,0.30809623,0.04639397,-0.062314548,0.097095765,0.19717664,-0.18165267,-0.29741415,-0.2690069,-0.2379103,801.8315,796.5934,792.1612,799.81683,792.1612,-0.46929931640625,0.02532958984375,0.889892578125,4.000091552734375,-4.42626953125,-0.934600830078125,316703.2967032967,8.108087912087911E7,3.2584175824175823E7,45.595055,1,1.0,1.0,1.0,1.0,60.00
2025-07-01 00:01:06.237,0.19002138,0.006399647,0.37850675,0.28118607,0.2491279,0.23947942,0.31725103,0.29647475,0.08993911,0.15094593,0.3261338,0.41999117,-0.026486916,0.13180077,0.11318178,0.2517051,-0.31186265,-0.38499886,-0.39094797,-0.44222245,819.9634,790.54944,797.8022,807.47253,704.7253,-0.46905517578125,0.0252685546875,0.88421630859375,4.0972900390625,-4.089813232421875,-0.58319091796875,315091.5750915751,8.11389010989011E7,3.25825641025641E7,45.595055,1,1.0,1.0,1.0,1.0,60.00
2025-07-01 00:01:07.240,0.48197109,-0.019987807,0.71572185,0.40372026,0.42284432,0.21111625,0.6607004,0.5299156,0.4147749,0.15215413,0.7853574,0.41925,0.06953935,0.07753497,0.28519878,0.18830094,-0.41881835,-0.13726552,-0.3369641,-0.38270605,819.15753,805.05493,808.2784,803.0403,713.9927,-0.46759033203125,0.02587890625,0.88665771484375,4.23187255859375,-4.358978271484375,-0.695343017578125,316703.2967032967,8.132263736263736E7,3.2603516483516484E7,45.540092,1,1.0,1.0,1.0,1.0,65.00
2025-07-01 00:01:08.243,0.5394119,0.012857435,0.6706148,0.39126426,0.12387086,-0.22533402,0.3120127,0.36260134,0.36864442,-0.012735326,0.62556434,0.34943378,-0.030396892,0.046473,0.25614563,0.16643159,-0.21979399,-0.21770589,-0.14800872,-0.29832894,822.7839,804.2491,801.8315,808.68134,738.5714,-0.46600341796875,0.02362060546875,0.8870849609375,3.768310546875,-4.194488525390625,-0.7177734375,315897.4358974359,8.113406593406594E7,3.2552747252747253E7,45.73317,1,1.0,1.0,1.0,1.0,65.00
2025-07-01 00:01:09.252,0.471573,-0.105024986,0.5056895,0.48600653,0.24424736,-0.31615767,0.11299586,0.32547507,0.45974922,0.03821016,0.5553545,0.5317786,-0.09340599,-0.059820347,0.13292798,0.116641015,-0.211944,-0.43288404,-0.30015984,-0.24114323,801.02563,800.2198,800.2198,793.36993,675.31134,-0.4700927734375,0.0184326171875,0.8857421875,3.768310546875,-3.940277099609375,-0.40374755859375,315897.4358974359,8.113487179487179E7,3.253904761904762E7,45.73317,1,1.0,1.0,1.0,1.0,65.00
2025-07-01 00:01:10.255,0.2540723,0.116614334,0.5038932,0.25283727,0.08941743,-0.2012768,0.17180182,0.2500363,0.36634588,-0.040404435,0.60174906,0.43514743,0.033385944,-0.12709935,0.16228521,0.1564094,-0.15051903,-0.41188696,-0.3635626,-0.2185122,796.1905,804.65204,796.1905,796.1905,589.4872,-0.46905517578125,0.02264404296875,0.8861083984375,3.506622314453125,-4.08233642578125,-0.82244873046875,316703.2967032967,8.124688644688645E7,3.2574505494505495E7,45.73317,1,1.0,1.0,1.0,1.0,65.00
2025-07-01 00:01:11.258,0.26438034,-0.27717736,0.35649765,0.47849315,0.24925041,-0.27170378,0.09408405,0.3276987,0.31972888,-0.001909862,0.363638,0.3511033,0.20217967,0.028279271,0.107462645,0.1852591,-0.24249704,-0.33280316,-0.4334926,-0.3578388,781.685,790.9524,802.6374,781.685,669.67035,-0.46685791015625,0.0263671875,0.88494873046875,3.925323486328125,-3.768310546875,-0.814971923828125,316703.2967032967,8.135164835164835E7,3.2574505494505495E7,45.56621,1,1.0,1.0,1.0,1.0,65.00
2025-07-01 00:01:12.263,0.27897915,-0.048800744,0.6520082,0.40546483,0.21715875,-0.106092885,0.27261314,0.23759876,0.24954955,-0.13144779,0.5030423,0.350642,0.28447077,0.086482644,0.05657781,0.22177966,-0.25066024,-0.35516676,-0.4600722,-0.408398,803.44324,801.8315,804.65204,800.6227,772.4176,-0.465576171875,0.0260009765625,0.88433837890625,3.648681640625,-3.925323486328125,-0.59814453125,315897.4358974359,8.117919413919413E7,3.257289377289377E7,45.51266,1,1.0,1.0,1.0,1.0,65.00
2025-07-01 00:01:13.266,0.19687858,-0.21237503,0.5964405,0.34468633,0.16685465,-0.13902092,0.16280584,0.21399575,0.21850829,-0.057503354,0.46753904,0.4223773,0.15475708,-0.002850885,0.16427498,0.27724758,-0.16890123,-0.32558227,-0.3341964,-0.22385676,797.8022,806.26373,801.8315,811.9048,792.96704,-0.46832275390625,0.02801513671875,0.88836669921875,3.895416259765625,-4.0972900390625,-0.575714111328125,315897.4358974359,8.110021978021978E7,3.2544688644688644E7,45.51266,1,1.0,1.0,1.0,1.0,65.00
2025-07-01 00:01:14.266,0.31766823,-0.4710171,0.44752726,0.27339205,-0.095531285,-0.21082893,0.14262988,0.19523941,0.16964628,0.014265094,0.5301509,0.42265356,0.05595723,-0.041765556,0.2105265,0.1677698,-0.25692922,-0.28334373,-0.24206898,-0.09050984,790.14655,805.05493,795.78754,798.20514,847.3626,-0.46820068359375,0.02252197265625,0.88690185546875,3.940277099609375,-3.84307861328125,-0.59814453125,315897.4358974359,8.113567765567765E7,3.25229304029304E7,45.51266,1,1.0,1.0,1.0,1.0,65.00
2025-07-01 00:01:15.272,0.3362956,-0.109132975,0.76198936,0.37204674,0.033609364,-0.27270788,0.284257,0.10793136,0.0567767,-0.03175491,0.55527806,0.19103715,0.058241103,0.09547841,0.031817347,0.14283308,-0.27517596,-0.21410121,-0.21990624,-0.13030256,813.5165,800.2198,789.34064,807.47253,787.326,-0.46392822265625,0.0255126953125,0.88482666015625,3.701019287109375,-4.074859619140625,-0.6280517578125,316703.2967032967,8.09003663003663E7,3.249069597069597E7,45.51266,1,1.0,1.0,1.0,1.0,65.00
2025-07-01 00:01:16.274,0.2732093,-0.06262671,0.7151781,0.35599002,0.25976187,-0.21780562,0.25496632,0.4217239,0.51714444,0.2685951,0.4188443,0.5539332,0.11305549,0.038323436,0.10251261,0.23749007,-0.30932406,-0.2504927,-0.21314356,-0.12951241,791.75824,801.4286,802.6374,807.0696,666.8498,-0.46929931640625,0.02703857421875,0.885986328125,3.6187744140625,-3.69354248046875,-0.61309814453125,317509.1575091575,8.120095238095237E7,3.2525347985347986E7,45.51266,1,1.0,1.0,1.0,1.0,65.00
2025-07-01 00:01:17.275,0.1717447,-0.18811932,0.7619769,0.320619,0.33306316,-0.22400542,0.15803757,0.41797087,0.53714675,0.28515318,0.582843,0.6473819,0.11660145,0.18773119,0.14992692,0.2885359,-0.1695673,-0.25707763,-0.31359628,-0.22000292,804.2491,795.38464,812.71063,807.8755,800.2198,-0.46868896484375,0.025146484375,0.88726806640625,3.805694580078125,-4.015045166015625,-0.874786376953125,316703.2967032967,8.093260073260073E7,3.253260073260073E7,45.51266,1,1.0,1.0,1.0,1.0,60.00
2025-07-01 00:01:18.279,0.36937827,0.025249818,0.8903237,0.24152903,0.27660453,-0.12788281,0.23690094,0.255273,0.49730325,0.103883035,0.6490883,0.6538227,0.1154561,0.21160309,0.0793198,0.15350959,-0.17735222,-0.33502477,-0.31105343,-0.28812784,810.696,798.60803,799.011,808.2784,812.3077,-0.46673583984375,0.02685546875,0.8856201171875,3.75335693359375,-3.6785888671875,-0.95703125,316703.2967032967,8.088263736263736E7,3.253098901098901E7,45.33551,1,1.0,1.0,1.0,1.0,60.00
2025-07-01 00:01:19.290,0.3277815,0.14781913,0.6503706,0.4213425,0.21087812,-0.13810118,0.20910707,0.30453178,0.14862987,-0.016187752,0.48320845,0.32437477,0.10345481,0.03197512,0.22432566,0.25133303,-0.20359617,-0.13987914,-0.40148717,-0.27182412,817.9487,799.81683,794.17584,810.293,612.4542,-0.4661865234375,0.02874755859375,0.88922119140625,3.648681640625,-3.940277099609375,-1.03179931640625,316703.2967032967,8.0803663003663E7,3.253018315018315E7,45.016518,1,1.0,1.0,1.0,1.0,60.00
2025-07-01 00:01:20.291,0.19852592,-0.022403996,0.34678224,0.36550793,0.18881586,0.0035339454,0.06368601,0.35920498,0.2706265,-0.0040561156,0.3299273,0.31297645,-0.02523738,0.06340776,0.17735326,0.2564128,-0.30596304,-0.16783176,-0.34747514,-0.28750706,811.50183,788.5348,801.4286,803.8461,726.4835,-0.4676513671875,0.026123046875,0.880615234375,3.626251220703125,-3.72344970703125,-0.770111083984375,315897.4358974359,8.119692307692307E7,3.259868131868132E7,45.016518,1,1.0,1.0,1.0,1.0,60.00
2025-07-01 00:01:21.294,0.55939823,0.08755226,0.34131256,0.18102296,0.42282844,0.17004886,0.3456687,0.026488159,0.686359,0.47664133,0.3468168,0.72284824,0.053538967,0.28772482,0.2782137,0.29443553,-0.44265124,-0.36405998,-0.30411047,-0.35907152,784.10254,798.20514,784.90845,778.86444,743.4066,-0.46490478515625,0.0294189453125,0.88507080078125,4.007568359375,-4.015045166015625,-0.904693603515625,316703.2967032967,8.112117216117217E7,3.2606739926739927E7,45.016518,1,1.0,1.0,1.0,1.0,60.00
2025-07-01 00:01:22.296,0.6972406,0.06099755,0.5684374,0.47363156,0.6131545,0.04751232,0.39713418,0.33843893,0.7084019,0.5425492,0.2961692,0.7270379,0.0888709,0.16315247,0.22249033,0.19978699,-0.21760678,-0.27373147,-0.4040974,-0.13636138,773.22345,799.81683,800.2198,784.90845,848.97437,-0.4659423828125,0.0262451171875,0.88775634765625,3.865509033203125,-3.925323486328125,-0.635528564453125,315897.4358974359,8.118E7,3.259948717948718E7,44.720333,1,1.0,1.0,1.0,1.0,60.00
2025-07-01 00:01:23.297,0.4462759,-0.0421485,0.8519867,0.6458511,0.51324576,-0.058740646,0.37636966,0.30704665,0.5393767,0.18786894,0.33177328,0.34247133,0.11772408,0.0927619,0.07585086,0.086651504,-0.12231648,-0.24652609,-0.32113004,-0.23713057,782.49084,803.44324,798.20514,786.52014,713.5897,-0.46630859375,0.0281982421875,0.8873291015625,4.0972900390625,-4.26177978515625,-0.897216796875,315897.4358974359,8.116227106227106E7,3.262285714285714E7,44.693855,1,1.0,1.0,1.0,1.0,60.00
2025-07-01 00:01:24.298,0.40366498,-0.057456832,0.45802313,0.5249429,-0.0021311794,0.16692398,0.6315378,-0.026709054,0.39457032,0.18739858,0.49983016,0.10478249,0.05120189,0.09415926,0.12240975,0.12103874,-0.20701441,-0.27670062,-0.20914982,-0.18592891,788.5348,793.36993,792.5641,798.60803,778.0586,-0.46923828125,0.03143310546875,0.8895263671875,3.686065673828125,-3.790740966796875,-0.91217041015625,315897.4358974359,8.139919413919413E7,3.2621245421245422E7,44.693855,1,1.0,1.0,1.0,1.0,60.00
2025-07-01 00:01:25.301,0.1639656,-0.0457462,0.7175867,0.4452927,0.092077896,0.09246642,0.6514183,0.2920286,0.36392435,0.16254798,0.41985708,0.37750617,0.110491864,0.0010451525,0.18511204,0.22408074,-0.18281254,-0.43072966,-0.28175533,-0.20060053,803.0403,805.4579,784.5055,807.47253,761.9414,-0.46502685546875,0.026123046875,0.88555908203125,3.8580322265625,-3.955230712890625,-0.97198486328125,316703.2967032967,8.123076923076923E7,3.2600293040293038E7,44.8441,1,1.0,1.0,1.0,1.0,60.00
2025-07-01 00:01:26.302,0.17465726,-0.11841932,0.7734552,0.4379332,0.115676545,-0.3079375,0.42646474,0.40524343,0.36077723,0.056539692,0.46438205,0.47635213,0.038759008,-0.006748366,0.22718626,0.28541186,-0.1294054,-0.24564782,-0.29069224,-0.3448865,801.8315,795.38464,794.57874,805.4579,698.68134,-0.4683837890625,0.02972412109375,0.885986328125,3.730926513671875,-3.78326416015625,-0.8673095703125,316703.2967032967,8.106879120879121E7,3.257208791208791E7,45.023773,1,1.0,1.0,1.0,1.0,60.00
2025-07-01 00:01:27.304,0.1310544,-0.28064504,0.87909234,0.2386733,0.12712081,-0.23545524,0.30052635,0.27381945,0.3439211,-0.22156988,0.61116534,0.36954018,-0.057387464,-0.12987763,0.1870442,0.32673833,-0.18340053,-0.0911677,-0.22927558,-0.25991738,806.26373,794.17584,808.68134,817.5458,763.1502,-0.46636962890625,0.02587890625,0.88873291015625,3.865509033203125,-3.925323486328125,-0.97198486328125,315897.4358974359,8.086652014652014E7,3.2557582417582415E7,45.163254,1,1.0,1.0,1.0,1.0,60.00
2025-07-01 00:01:28.307,0.24477759,-0.057198927,0.81733817,0.14736506,0.3498559,-0.064833745,0.2556859,0.0036899552,0.55122143,0.22948998,0.47405854,0.5240712,-0.04395626,0.095488936,0.27263436,0.18611269,-0.21257733,-0.2754478,-0.25134027,-0.19676764,822.381,806.6667,788.93774,809.4872,705.5311,-0.46966552734375,0.0213623046875,0.8818359375,3.5589599609375,-4.164581298828125,-0.6878662109375,316703.2967032967,8.100996336996336E7,3.254952380952381E7,45.276432,1,1.0,1.0,1.0,1.0,60.00
2025-07-01 00:01:29.308,0.65522414,0.26861432,0.7925399,0.30520377,0.38444874,0.080753624,0.49547482,0.33136302,0.5481491,0.23469302,0.552996,0.54178023,0.19114482,0.19080248,0.23660699,0.28956264,-0.3501945,-0.40965566,-0.13180478,-0.24441254,821.978,801.02563,801.8315,817.9487,695.4579,-0.46746826171875,0.02532958984375,0.89276123046875,3.6785888671875,-4.11224365234375,-0.635528564453125,316703.2967032967,8.116307692307693E7,3.256967032967033E7,45.376026,1,1.0,1.0,1.0,1.0,60.00
2025-07-01 00:01:30.310,0.6899821,-0.06182176,0.613431,0.56037825,0.20977707,-0.20886868,0.62717754,0.3232668,0.33036995,0.11029387,0.50242025,0.40662286,0.055907164,0.16640292,0.23824778,0.35195556,-0.37342706,-0.27780125,-0.10010075,-0.33788234,809.4872,792.96704,807.0696,807.0696,772.4176,-0.4676513671875,0.02398681640625,0.88311767578125,3.596343994140625,-3.84307861328125,-0.657958984375,316703.2967032967,8.100029304029304E7,3.2547106227106225E7,45.579308,1,1.0,1.0,1.0,1.0,60.00
2025-07-01 00:01:31.312,0.35171133,-0.16108432,0.56194085,0.33091155,0.3369004,-0.35966262,0.12814078,0.27266368,0.15179382,0.060506534,0.5113474,0.37629497,0.024211118,0.13580774,0.23922412,0.2545989,-0.18301223,-0.17903972,-0.19494653,-0.2574339,815.12823,805.4579,791.3553,790.54944,663.6264,-0.464111328125,0.02618408203125,0.88629150390625,3.985137939453125,-4.239349365234375,-0.7177734375,315897.4358974359,8.101641025641026E7,3.2555164835164834E7,45.579308,1,1.0,1.0,1.0,1.0,60.00
2025-07-01 00:01:32.313,0.18797368,-0.066217616,0.98193324,0.2437086,0.41831258,-0.13119401,0.5080244,0.5339332,0.6276291,0.25399438,0.64166826,0.6225102,0.2263067,-0.12185983,0.1261631,0.23075122,-0.32203713,-0.17888522,-0.37104493,-0.26457423,810.696,799.41394,808.2784,791.3553,685.78754,-0.46710205078125,0.02679443359375,0.88323974609375,4.074859619140625,-4.269256591796875,-0.418701171875,316703.2967032967,8.103091575091575E7,3.2574505494505495E7,45.579308,1,1.0,1.0,1.0,1.0,60.00
2025-07-01 00:01:33.324,0.32147536,-0.26577944,0.7351964,0.34557304,0.14678971,-0.25508192,0.2656034,0.30094427,0.39033556,-9.402005E-4,0.46464813,0.37752002,0.18829529,-0.068917885,0.216658,0.29914835,-0.26329896,-0.08418717,-0.21502984,-0.203301,797.8022,795.78754,795.78754,797.8022,775.2381,-0.468994140625,0.0247802734375,0.880859375,3.401947021484375,-3.581390380859375,-0.949554443359375,316703.2967032967,8.137985347985348E7,3.2626886446886446E7,45.579308,1,1.0,1.0,1.0,1.0,60.00
2025-07-01 00:01:34.327,0.51674867,0.079331934,0.55689394,0.3962808,0.16144255,-0.06689436,0.2470141,0.38773328,0.3226877,-0.11424298,0.6268027,0.43252292,0.15767418,-0.020820986,0.24411404,0.15957505,-0.16463853,0.0039541014,-0.0871957,-0.13233297,785.7143,805.4579,790.9524,786.9231,770.80585,-0.467529296875,0.02838134765625,0.88641357421875,3.84307861328125,-3.820648193359375,-0.590667724609375,316703.2967032967,8.123157509157509E7,3.261157509157509E7,45.651085,1,1.0,1.0,1.0,1.0,60.00
2025-07-01 00:01:35.330,0.6952052,0.020838866,0.6937426,0.69126624,0.05609209,-0.4669649,0.318446,0.4317514,0.33066446,0.06767256,0.57656235,0.6194971,0.2839086,0.092869066,0.3257791,0.13301149,-0.2654581,-0.085185304,-0.09140433,-0.15483002,784.10254,808.68134,813.5165,794.9817,739.7802,-0.4708251953125,0.02825927734375,0.8892822265625,4.02252197265625,-3.925323486328125,-0.575714111328125,315897.4358974359,8.11284249084249E7,3.2605934065934066E7,45.584656,1,1.0,1.0,1.0,1.0,60.00
2025-07-01 00:01:36.331,0.6640632,0.037430577,0.73210675,0.42739385,0.2992882,-0.20157658,0.5001191,0.029035887,0.30782852,0.08769603,0.3470867,0.2547706,0.1471613,0.10992738,0.2202929,0.2555271,-0.32008082,-0.21186592,-0.21939847,-0.26423377,786.1172,799.011,814.3223,805.05493,873.5531,-0.47100830078125,0.02655029296875,0.88739013671875,4.015045166015625,-3.835601806640625,-0.530853271484375,315897.4358974359,8.107282051282051E7,3.2555164835164834E7,45.624474,1,1.0,1.0,1.0,1.0,60.00
2025-07-01 00:01:37.334,0.68253696,0.0794577,0.61803097,0.5613945,0.45682812,-0.07233104,0.394259,0.05085259,0.1566515,-0.0024820524,0.41410398,0.13785596,0.010936343,0.08733861,0.17605759,0.32397172,-0.3115526,-0.29062024,-0.2649424,-0.2381698,787.326,808.68134,800.6227,807.47253,648.71796,-0.466064453125,0.0301513671875,0.885498046875,4.0374755859375,-4.0972900390625,-0.52337646484375,316703.2967032967,8.131860805860806E7,3.2606739926739927E7,45.65587,1,1.0,1.0,1.0,1.0,60.00
2025-07-01 00:01:38.336,0.31024113,-0.237364,0.41441515,0.6209503,0.16344114,-0.34269568,0.1473892,0.2780381,0.23468281,0.11803519,0.34979913,0.31771737,0.18982014,0.1671564,0.26594883,0.15319458,-0.2721375,-0.13066493,-0.17862919,-0.2247243,793.7729,794.17584,801.4286,801.8315,683.7729,-0.4669189453125,0.02587890625,0.88720703125,3.887939453125,-4.000091552734375,-0.538330078125,315897.4358974359,8.11614652014652E7,3.2597875457875457E7,45.601395,1,1.0,1.0,1.0,1.0,60.00
2025-07-01 00:01:39.340,0.38496134,-0.13215515,0.41317776,0.4511679,0.09226252,-0.07175562,0.02636576,0.28473017,0.14888404,0.14699043,0.39719892,0.5188825,0.20211877,0.06982722,0.09468143,0.17061932,-0.2270749,-0.07883133,-0.38196844,-0.30015323,794.57874,792.5641,798.20514,799.81683,779.2674,-0.46600341796875,0.0313720703125,0.88665771484375,3.648681640625,-3.955230712890625,-0.7476806640625,316703.2967032967,8.100190476190476E7,3.258014652014652E7,45.601395,1,1.0,1.0,1.0,1.0,60.00
2025-07-01 00:01:40.341,0.16814306,-0.3066838,0.59575653,0.3197395,-0.14636378,-0.14911805,0.14094783,0.08538501,0.07523602,-0.1483023,0.47808146,0.2987865,0.1661286,0.10461281,0.05379182,0.18592384,-0.17104343,-0.19559473,-0.51022696,-0.19334173,807.8755,801.8315,792.5641,792.96704,697.0696,-0.46575927734375,0.030029296875,0.8846435546875,3.96270751953125,-4.35150146484375,-1.12152099609375,316703.2967032967,8.101882783882783E7,3.2581758241758242E7,45.601395,1,1.0,1.0,1.0,1.0,60.00
2025-07-01 00:01:41.343,-0.24702731,-0.12428082,0.6051796,0.7957942,-0.0036155987,-0.6286664,0.2383788,0.29301777,0.21131255,-0.3625028,0.5265221,0.28649074,0.17614505,0.10162614,0.06993201,0.24987759,-0.12918183,-0.2322359,-0.2502866,-0.14151835,823.1868,799.41394,808.68134,808.2784,708.7546,-0.4669189453125,0.0283203125,0.884033203125,3.790740966796875,-3.805694580078125,-1.353302001953125,315897.4358974359,8.09084249084249E7,3.2592234432234433E7,45.601395,1,1.0,1.0,1.0,1.0,60.00
2025-07-01 00:01:42.345,0.19466068,0.029726233,0.48520264,0.34519058,0.25368962,-0.63559383,0.25519305,0.19544742,0.14537014,-0.31397444,0.31767532,0.45978603,-0.04890339,0.15831228,0.076095335,0.12450654,-0.10711945,-0.4350295,-0.282255,-0.13133933,826.4103,800.2198,796.99634,815.12823,889.2674,-0.47125244140625,0.027587890625,0.88006591796875,3.790740966796875,-3.626251220703125,-0.994415283203125,315897.4358974359,8.130007326007326E7,3.2637362637362637E7,45.601395,1,1.0,1.0,1.0,1.0,60.00
2025-07-01 00:01:43.347,0.33413175,-0.057315327,0.34681422,0.13458659,0.27591822,-0.17825696,0.24087669,0.15274434,0.29839867,-0.014522005,0.48015615,0.4316625,-0.03220176,0.2068064,0.056463815,0.06916126,-0.18289518,-0.3611167,-0.26022,-0.109169416,818.7546,805.8608,796.1905,800.2198,634.61536,-0.46893310546875,0.03082275390625,0.8839111328125,3.94775390625,-4.11224365234375,-0.710296630859375,316703.2967032967,8.133150183150183E7,3.264864468864469E7,45.601395,1,1.0,1.0,1.0,1.0,60.00
2025-07-01 00:01:44.349,0.22546902,-0.12954138,0.34290347,0.03220693,0.030584559,-0.26908973,0.39082018,0.07431177,0.35708997,0.10013418,0.5959179,0.30468738,0.1118345,0.14689663,0.28395337,0.060292296,-0.24037178,-0.2129379,-0.2493808,-0.030283356,790.9524,804.2491,802.23444,790.9524,660.80585,-0.46917724609375,0.02801513671875,0.885986328125,4.044952392578125,-3.910369873046875,-0.52337646484375,315897.4358974359,8.12065934065934E7,3.2615604395604394E7,45.311108,1,1.0,1.0,1.0,1.0,60.00
2025-07-01 00:01:45.352,0.11383635,-0.48674548,0.27596807,-0.16133852,0.037864123,-0.34775284,0.3876041,-0.13196659,-0.019476961,0.098020054,0.48674726,0.107972525,0.060035147,0.10338272,0.29656833,0.16562791,-0.27314413,-0.14942035,-0.27395117,-0.12870075,807.47253,797.8022,805.8608,802.23444,697.47253,-0.46551513671875,0.03228759765625,0.88580322265625,4.059906005859375,-3.94775390625,-0.590667724609375,315897.4358974359,8.1052673992674E7,3.2592234432234433E7,45.299377,1,1.0,1.0,1.0,1.0,60.00
2025-07-01 00:01:46.354,0.40503302,-0.26520574,0.25476748,0.2752668,0.02095558,-0.24340568,0.51003057,-0.33833584,0.102387026,0.0967507,0.52484363,0.39889765,0.1622824,0.05357595,0.24542795,0.24325892,-0.2454362,-0.12953657,-0.18871903,-0.16734701,786.52014,798.60803,791.75824,784.10254,696.26373,-0.466552734375,0.0316162109375,0.888427734375,3.970184326171875,-3.745880126953125,-0.94207763671875,315091.5750915751,8.108249084249084E7,3.2586593406593405E7,45.299377,1,1.0,1.0,1.0,1.0,60.00
2025-07-01 00:01:47.356,0.20913568,-0.15550989,0.67354995,0.46633017,0.116143964,-0.07077303,0.5688508,0.007829902,0.14699136,-0.097786054,0.4060475,0.4768511,0.22283304,-0.020814167,0.23358332,0.33665505,-0.33076346,-0.25954798,-0.22402655,-0.174229,785.7143,793.7729,795.38464,792.5641,686.99634,-0.469482421875,0.0313720703125,0.88543701171875,3.626251220703125,-4.015045166015625,-0.904693603515625,316703.2967032967,8.11840293040293E7,3.26010989010989E7,45.513474,1,1.0,1.0,1.0,1.0,60.00
2025-07-01 00:01:48.358,0.11895906,-0.32760343,0.7894382,0.357272,0.1801044,-0.045144726,0.5736904,0.17350855,0.27542087,0.06255901,0.53850466,0.25891915,0.16033936,0.001960518,0.3689065,0.20826732,-0.4354858,-0.38554546,-0.35692346,-0.20574026,779.67035,798.20514,797.3993,782.8938,693.0403,-0.46881103515625,0.03839111328125,0.88525390625,3.850555419921875,-4.104766845703125,-0.605621337890625,315897.4358974359,8.100109890109889E7,3.2584981684981685E7,45.774487,1,1.0,1.0,1.0,1.0,55.00
2025-07-01 00:01:49.363,0.47685638,-0.25093108,0.6744074,0.5047965,0.41454127,-0.043273527,0.5205494,0.32588613,0.29556486,0.15178943,0.2624644,0.3869934,0.0692166,0.15612133,0.27120534,0.22691943,-0.38680175,-0.21479182,-0.42866242,-0.10753383,782.8938,803.8461,807.0696,796.5934,733.73627,-0.46551513671875,0.03497314453125,0.88555908203125,3.887939453125,-4.127197265625,-0.515899658203125,315897.4358974359,8.086490842490843E7,3.2566446886446886E7,45.996574,1,1.0,1.0,1.0,1.0,55.00
2025-07-01 00:01:50.366,0.5967435,0.23101203,0.631757,0.5690119,0.22832589,-0.008794892,0.24173005,0.10764229,0.38439474,0.27399537,0.3842981,0.50031614,-0.025714673,0.21320932,0.27128735,0.11396891,-0.33782396,-0.18593127,-0.22516678,-0.18242371,780.87915,799.81683,810.696,795.38464,740.18317,-0.4671630859375,0.0374755859375,0.88427734375,3.985137939453125,-3.536529541015625,-0.94207763671875,316703.2967032967,8.089553113553113E7,3.2596263736263737E7,45.996574,1,1.0,1.0,1.0,1.0,55.00
2025-07-01 00:01:51.367,0.22842506,-0.07380651,0.78076047,0.3918877,-0.16195199,-0.40315998,0.19328143,0.062042214,0.21903019,0.024078425,0.5463617,0.20701355,-0.010613581,0.036034398,0.33182195,0.19976515,-0.3216334,-0.37889272,-0.18450598,-0.3352187,797.3993,799.81683,795.38464,804.65204,774.83514,-0.4677734375,0.03680419921875,0.8853759765625,3.60382080078125,-4.0673828125,-0.725250244140625,316703.2967032967,8.108410256410256E7,3.260190476190476E7,46.091984,1,1.0,1.0,1.0,1.0,55.00
2025-07-01 00:01:52.369,0.040348876,-0.25308236,0.58966875,0.1786372,-0.17277521,-0.49078426,0.08733367,0.16973554,0.26374206,-0.04457712,0.5216991,0.34180787,0.0780392,0.026153164,0.12171394,0.08787627,-0.35495454,-0.28401512,-0.36900595,-0.31413263,812.3077,806.6667,797.8022,808.2784,735.7509,-0.46649169921875,0.0401611328125,0.88543701171875,4.044952392578125,-3.805694580078125,-0.49346923828125,316703.2967032967,8.123641025641026E7,3.262205128205128E7,46.41138,1,1.0,1.0,1.0,1.0,55.00
2025-07-01 00:01:53.371,0.13824263,-0.21061781,0.5743613,0.17597249,-0.18353787,-0.5010988,0.09249223,0.16133605,0.19474156,0.23324141,0.46185014,0.4513158,0.07175296,-0.06671,0.029546924,0.13371263,-0.42291895,-0.2917684,-0.43908554,-0.3047108,809.0842,810.696,787.326,803.0403,752.27106,-0.46875,0.03936767578125,0.885009765625,3.910369873046875,-4.0673828125,-0.657958984375,316703.2967032967,8.11284249084249E7,3.26196336996337E7,46.646404,1,1.0,1.0,1.0,1.0,55.00
2025-07-01 00:01:54.372,-0.06331492,-0.122827776,0.8970323,0.39157844,8.720833E-4,-0.33912304,0.26023272,0.2099148,0.4945036,0.21462251,0.5835915,0.31963918,0.1215319,0.010747429,0.03290739,0.27221268,-0.26194093,-0.21863239,-0.40708098,-0.34797618,812.71063,791.3553,802.6374,809.0842,782.0879,-0.46783447265625,0.0384521484375,0.88446044921875,3.745880126953125,-4.11224365234375,-0.8673095703125,316703.2967032967,8.102446886446886E7,3.2596263736263737E7,46.703983,1,1.0,1.0,1.0,1.0,55.00
2025-07-01 00:01:55.374,0.2775523,-0.16429757,0.80406815,0.46014678,0.19062325,-0.11815613,0.19368042,0.15017009,0.53635067,0.25769037,0.71663404,0.53337646,0.23641922,0.15848167,0.22904803,0.3843948,-0.080041856,-0.24593504,-0.23276243,-0.3860557,815.9341,807.47253,800.6227,814.7253,665.64105,-0.46697998046875,0.0426025390625,0.88482666015625,4.284210205078125,-3.955230712890625,-0.485992431640625,315897.4358974359,8.11018315018315E7,3.2606739926739927E7,46.73966,1,1.0,1.0,1.0,1.0,55.00
2025-07-01 00:01:56.376,0.39116448,-0.07714775,0.5157494,0.38977474,0.17856003,-0.11503522,0.21647386,0.36330906,0.49662888,0.4991521,0.6216945,0.53384763,0.21320531,0.21872754,0.309379,0.34368235,-0.19795772,-0.23264113,-0.19792427,-0.25196034,815.12823,807.0696,789.7436,810.293,713.5897,-0.46771240234375,0.04498291015625,0.880859375,4.029998779296875,-3.87298583984375,-0.695343017578125,316703.2967032967,8.105025641025642E7,3.2546300366300367E7,46.712482,1,1.0,1.0,1.0,1.0,55.00
2025-07-01 00:01:57.378,0.5849867,0.08633507,0.6692636,0.6530897,0.4612907,0.27568352,0.5579594,0.58780545,0.35451874,0.40800276,0.6158812,0.38322622,0.019083612,-0.13259882,0.2164291,0.16981472,-0.28845298,-0.2308429,-0.2374008,-0.22642857,803.8461,794.17584,807.47253,797.3993,718.4249,-0.46588134765625,0.0478515625,0.88494873046875,3.730926513671875,-3.84307861328125,-0.859832763671875,315897.4358974359,8.127750915750915E7,3.258095238095238E7,46.712482,1,1.0,1.0,1.0,1.0,55.00
2025-07-01 00:01:58.380,0.4945259,0.09554635,0.6084693,0.5748299,0.39640304,0.21709844,0.40972376,0.454946,0.19825526,0.09617746,0.4410113,0.39166507,-0.03798629,-0.12601003,-0.03585317,0.07231726,-0.30664077,-0.19127463,-0.43821108,-0.30040923,782.49084,791.75824,808.68134,793.36993,745.42126,-0.46844482421875,0.05572509765625,0.8843994140625,4.6356201171875,-3.910369873046875,0.657958984375,315897.4358974359,8.120901098901099E7,3.2588205128205128E7,46.712482,1,1.0,1.0,1.0,1.0,60.00
2025-07-01 00:01:59.388,0.33685228,-0.23672892,0.5352042,0.24957618,0.18219714,-0.36674282,0.12228904,0.40142643,0.12349076,0.029387249,0.5260821,0.39709595,-0.07897647,-0.16209611,0.04051895,0.15392546,-0.36648214,-0.28721222,-0.34715942,-0.14904363,777.6557,799.41394,802.6374,774.0293,598.7546,-0.46722412109375,0.0660400390625,0.8837890625,3.536529541015625,-3.506622314453125,-0.800018310546875,316703.2967032967,8.123318681318681E7,3.2581758241758242E7,46.448975,1,1.0,1.0,1.0,1.0,60.00
2025-07-01 00:02:00.392,0.4106872,-0.3402633,0.47505444,0.3126843,0.003639148,-0.28383288,0.058668014,0.28570744,0.086502805,-0.15026692,0.49393895,0.39394817,0.14662954,0.15756942,0.13652387,0.24163038,-0.24589227,-0.25049397,-0.36248967,-0.17998308,796.1905,801.8315,802.23444,803.0403,724.0659,-0.46588134765625,0.062744140625,0.887939453125,3.69354248046875,-4.209442138671875,-0.85235595703125,316703.2967032967,8.116227106227106E7,3.257289377289377E7,46.23381,1,1.0,1.0,1.0,1.0,60.00
2025-07-01 00:02:01.393,0.3311624,-0.14741182,0.59638315,0.12345796,-0.011014446,-0.34401032,0.35479617,0.07671652,0.44757974,0.12099335,0.8054837,0.5808478,0.33755535,0.08944202,0.109573476,0.4000603,-0.19722004,-0.3129743,-0.3586283,-0.14868994,784.90845,798.20514,800.6227,790.54944,727.6923,-0.46246337890625,0.0621337890625,0.89105224609375,4.044952392578125,-4.373931884765625,-0.770111083984375,316703.2967032967,8.134117216117217E7,3.259142857142857E7,46.23381,1,1.0,1.0,1.0,1.0,60.00
2025-07-01 00:02:02.395,0.40786165,-0.19060156,0.86222875,0.28060013,0.28464243,-0.13847815,0.723577,0.44221976,0.43803596,0.17057788,0.8191352,0.45623952,0.28209528,0.07637045,0.14336544,0.48353732,-0.12274472,-0.19912644,-0.29144967,-0.08090239,790.14655,795.38464,797.3993,792.96704,809.89014,-0.4678955078125,0.06451416015625,0.8851318359375,3.701019287109375,-3.828125,-0.82244873046875,315897.4358974359,8.116630036630036E7,3.257208791208791E7,46.23381,1,1.0,1.0,1.0,1.0,60.00
2025-07-01 00:02:03.396,0.3376967,-0.3448698,0.5821739,-0.088397294,0.107310355,-0.2119584,0.4762317,0.14061053,0.38397318,0.038021393,0.5629494,0.31358343,0.15929049,0.036112405,0.13450241,0.3737708,-0.12915738,-0.10358926,-0.2687016,-0.18466622,789.7436,803.0403,820.7692,795.38464,881.2088,-0.4658203125,0.06085205078125,0.88397216796875,3.940277099609375,-3.626251220703125,-0.5084228515625,315897.4358974359,8.1116336996337E7,3.256805860805861E7,46.032608,1,1.0,1.0,1.0,1.0,60.00
2025-07-01 00:02:04.397,0.26062348,-0.35510442,0.7670088,0.20040531,0.12710065,-0.34231418,0.36245283,0.12400396,0.1408565,0.07481553,0.5126053,0.17038766,0.16199268,0.048805404,-0.0071999375,0.23615944,-0.26200864,-0.13332516,-0.2276988,-0.17658922,810.696,807.8755,800.2198,811.9048,875.16486,-0.468017578125,0.06512451171875,0.88018798828125,4.0374755859375,-3.895416259765625,-0.695343017578125,315897.4358974359,8.11058608058608E7,3.2581758241758242E7,46.032608,1,1.0,1.0,1.0,1.0,60.00
2025-07-01 00:02:05.398,0.33038235,-0.31902978,0.680853,0.31566858,0.16499896,-0.5201188,0.31451806,0.3328823,0.25447178,-0.0701193,0.4684075,0.19391918,0.08101891,0.06854863,-0.078372575,0.066443846,-0.283313,-0.06546116,-0.28955075,-0.27788478,803.0403,799.011,801.8315,810.293,677.72894,-0.4659423828125,0.06256103515625,0.88641357421875,3.581390380859375,-3.760833740234375,-0.426177978515625,316703.2967032967,8.13258608058608E7,3.2615604395604394E7,45.988052,1,1.0,1.0,1.0,1.0,60.00
2025-07-01 00:02:06.400,0.25776982,-0.26909903,0.6059661,0.12103897,0.077979825,-0.7006026,0.27430332,0.26868272,0.2057509,-0.088899985,0.47629425,0.18384953,0.06514675,0.051152106,0.04175087,0.080451205,-0.39666346,-0.11141833,-0.3168543,-0.24115917,811.50183,801.8315,803.0403,816.7399,764.35895,-0.47027587890625,0.06463623046875,0.8853759765625,3.955230712890625,-3.90289306640625,-0.740203857421875,316703.2967032967,8.113487179487179E7,3.2574505494505495E7,45.885193,1,1.0,1.0,1.0,1.0,60.00
2025-07-01 00:02:07.401,0.14361826,-0.22065751,0.28871313,0.19133434,0.1832031,-0.38136664,0.050740153,0.18707457,0.26073337,-0.14339653,0.24507047,0.24917372,0.11926694,-0.08578967,0.03360851,0.14358741,-0.30671585,-0.2523213,-0.3123288,-0.1104815,810.696,802.23444,796.5934,814.3223,667.25275,-0.466552734375,0.06268310546875,0.88470458984375,3.7982177734375,-4.17205810546875,-0.6280517578125,316703.2967032967,8.087296703296703E7,3.254952380952381E7,45.712288,1,1.0,1.0,1.0,1.0,60.00
2025-07-01 00:02:08.403,0.65460753,-0.07875829,0.6422429,0.62567633,0.13809957,-0.44073418,0.4339505,0.090151295,0.40944165,-0.16415437,0.3659122,0.21028769,0.0147988945,-0.011531431,0.05179771,0.17619318,-0.2841814,-0.25136817,-0.4004329,-0.14028992,806.6667,796.99634,779.67035,797.8022,736.55676,-0.46722412109375,0.06524658203125,0.88580322265625,3.60382080078125,-4.05242919921875,-0.7476806640625,316703.2967032967,8.072710622710623E7,3.2543882783882782E7,45.712288,1,1.0,1.0,1.0,1.0,60.00
2025-07-01 00:02:09.404,0.8594605,-0.015461721,0.9298968,0.7569821,0.22339323,-0.44142577,0.5262233,0.21783668,0.2967845,0.04965859,0.47976664,0.3856014,0.19146296,0.15250029,0.20080626,0.2078519,-0.3580531,-0.17350619,-0.33314154,-0.24365509,809.4872,799.011,795.38464,805.8608,751.4652,-0.4638671875,0.067138671875,0.88250732421875,4.000091552734375,-3.760833740234375,-0.994415283203125,316703.2967032967,8.09414652014652E7,3.2579340659340657E7,45.712288,1,1.0,1.0,1.0,1.0,60.00
2025-07-01 00:02:10.407,0.6260636,-0.28401303,0.65521485,0.5983853,0.4084366,-0.37056303,0.42794123,0.52989626,0.04848567,0.0217815,0.6195314,0.25480047,-0.028995236,0.03551685,0.12191753,0.1485724,-0.4286636,-0.2335046,-0.47462997,-0.36919156,813.91943,811.50183,812.71063,813.1135,595.12823,-0.46807861328125,0.06597900390625,0.8878173828125,3.611297607421875,-4.26177978515625,-0.650482177734375,315897.4358974359,8.122190476190476E7,3.2633333333333332E7,45.712288,1,1.0,1.0,1.0,1.0,60.00
2025-07-01 00:02:11.408,0.49510968,-0.44522658,0.6920004,0.7330871,0.39852178,-0.1299544,0.45142904,0.4762836,0.21475631,-0.09213429,0.56510675,0.32407412,-0.10894373,-0.1031905,0.1561273,0.19819379,-0.3300099,-0.28638053,-0.2820012,-0.12366438,800.6227,796.5934,793.36993,802.6374,674.90845,-0.46795654296875,0.0699462890625,0.883544921875,3.69354248046875,-4.08233642578125,-0.770111083984375,316703.2967032967,8.116630036630036E7,3.2635750915750913E7,45.2714,1,1.0,1.0,1.0,1.0,60.00
2025-07-01 00:02:12.418,0.30836073,0.030116491,0.5643745,0.44204062,0.03480416,-0.006946232,0.2256316,0.24921705,0.17437518,-0.03599722,0.42106724,0.2317392,0.03460212,-0.10207887,-0.04299234,0.103695355,-0.45842937,-0.28549284,-0.29173458,-0.19889486,789.34064,793.7729,789.7436,794.17584,707.9487,-0.46875,0.06756591796875,0.8863525390625,3.94775390625,-4.127197265625,-0.76263427734375,315897.4358974359,8.122271062271062E7,3.263010989010989E7,45.2714,1,1.0,1.0,1.0,1.0,60.00
2025-07-01 00:02:13.419,0.0900096,-0.10803446,0.5013386,0.116484895,0.15852512,-0.13091385,0.21276714,0.27986297,0.24260916,0.0032039173,0.3347794,0.067085795,-0.021753602,0.0037932617,-0.084129356,0.023338156,-0.5876496,-0.2900623,-0.26201305,-0.20201012,793.7729,794.9817,796.5934,796.1905,624.5421,-0.4661865234375,0.06378173828125,0.882568359375,3.656158447265625,-3.78326416015625,-1.00189208984375,316703.2967032967,8.138065934065934E7,3.2646227106227104E7,45.2714,1,1.0,1.0,1.0,1.0,60.00
2025-07-01 00:02:14.424,0.30738023,-0.18258499,0.38402867,0.51067346,0.3425714,-0.22484192,0.27281952,0.2822201,0.20060076,0.054842036,0.44680795,0.44240257,-0.059407827,0.05219189,-0.10184798,0.14791678,-0.4838746,-0.27945074,-0.2878149,-0.16025856,791.75824,804.2491,802.23444,796.1905,676.52014,-0.46380615234375,0.06744384765625,0.88568115234375,3.72344970703125,-4.059906005859375,-1.06170654296875,316703.2967032967,8.139677655677655E7,3.2646227106227104E7,45.26584,1,1.0,1.0,1.0,1.0,60.00
2025-07-01 00:02:15.432,0.62953734,-0.39534977,0.4428114,0.5677746,0.3177106,-0.15109736,0.29856753,0.32451314,-0.021185348,0.16711508,0.497799,0.13913776,-0.14565161,-0.04252671,-0.030371713,0.16464137,-0.48815233,-0.23926716,-0.4578871,-0.10131963,791.75824,804.2491,804.2491,797.8022,724.4689,-0.46533203125,0.06768798828125,0.8798828125,3.850555419921875,-3.955230712890625,-0.904693603515625,315897.4358974359,8.13323076923077E7,3.2597069597069595E7,45.2015,1,1.0,1.0,1.0,1.0,60.00
2025-07-01 00:02:16.434,0.6159013,-0.4435774,0.5085432,0.4250608,0.25332746,-0.15864378,0.3943673,0.36424717,0.22815381,0.11333414,0.6002135,0.21291101,-0.16354896,-0.11403062,0.20271304,0.2632227,-0.44761422,-0.29908612,-0.3722315,-0.2322909,794.9817,804.65204,801.8315,803.44324,686.99634,-0.466796875,0.06494140625,0.8834228515625,3.611297607421875,-4.14215087890625,-1.084136962890625,316703.2967032967,8.105831501831502E7,3.2547106227106225E7,45.2015,1,1.0,1.0,1.0,1.0,60.00
2025-07-01 00:02:17.436,0.36463612,-0.4331814,0.53001577,0.0926757,0.46848074,-0.13270295,0.24301194,0.5743002,0.3547397,0.051171806,0.5984206,0.35899973,0.045552924,-0.013298873,0.23014562,0.18564215,-0.36552727,-0.4499835,-0.21812305,-0.2805582,806.26373,812.3077,792.1612,813.1135,701.9048,-0.467041015625,0.07073974609375,0.87774658203125,3.81317138671875,-4.119720458984375,-0.814971923828125,315897.4358974359,8.112520146520147E7,3.2557582417582415E7,45.2015,1,1.0,1.0,1.0,1.0,60.00
2025-07-01 00:02:18.438,1.0170496,-0.08551727,0.28465486,0.74307483,0.7323806,0.047969177,0.025400396,0.6751163,0.47792223,0.25793666,0.31796485,0.7585083,0.106446646,0.029338554,0.10472709,0.12390013,-0.35786876,-0.34890643,-0.3563888,-0.26838577,805.8608,792.96704,798.60803,805.8608,731.31866,-0.463623046875,0.06719970703125,0.88885498046875,3.641204833984375,-4.044952392578125,-0.79254150390625,315897.4358974359,8.125091575091575E7,3.2593846153846152E7,45.2015,1,1.0,1.0,1.0,1.0,60.00
2025-07-01 00:02:19.441,1.1046667,-0.029048901,0.45234734,1.0315926,0.76267666,-0.03847409,0.16193074,0.6144003,0.7491701,0.1913409,0.39389154,0.7991589,0.06912699,0.117443524,0.18006119,0.12236008,-0.2933987,-0.33315635,-0.28384757,-0.2438728,815.12823,802.23444,802.6374,804.2491,708.7546,-0.46417236328125,0.0684814453125,0.8848876953125,3.94775390625,-3.8580322265625,-0.82244873046875,315897.4358974359,8.111150183150183E7,3.256805860805861E7,45.331676,1,1.0,1.0,1.0,1.0,50.00
2025-07-01 00:02:20.442,0.97639537,-0.06155395,0.64701456,1.0347006,0.73734134,-0.07471524,0.36283427,0.7784369,0.7692458,0.08019021,0.72197974,0.6914028,0.09861073,0.15599956,0.2730061,0.19438979,-0.40813193,-0.3104487,-0.45369595,-0.300893,815.12823,808.68134,815.12823,819.9634,755.89746,-0.4654541015625,0.06988525390625,0.8875732421875,3.955230712890625,-4.164581298828125,-0.336456298828125,316703.2967032967,8.105992673992674E7,3.2564835164835162E7,45.596798,1,1.0,1.0,1.0,1.0,50.00
2025-07-01 00:02:21.444,0.73763937,0.004904409,0.65178263,0.7825418,0.40447628,-0.29717845,0.24077377,0.7926353,0.5124077,-0.026313048,0.54987013,0.7806097,-0.021790193,-0.1456629,0.12678258,0.41017646,-0.2373956,-0.42883068,-0.33857557,-0.1790673,801.02563,792.1612,812.71063,803.44324,774.83514,-0.46917724609375,0.071044921875,0.88348388671875,4.08233642578125,-4.127197265625,-0.37384033203125,316703.2967032967,8.116791208791208E7,3.2568864468864467E7,45.624973,1,1.0,1.0,1.0,1.0,50.00
2025-07-01 00:02:22.457,0.9210989,0.4680719,0.8421629,0.3226848,0.5096632,-0.18720956,0.41697776,0.48082027,0.5020862,-0.22461,0.47431102,0.74666744,-0.018338883,-0.14970821,0.018680444,0.40212303,-0.4178453,-0.6482421,-0.5806991,-0.27902535,804.65204,795.78754,788.93774,796.5934,748.24176,-0.46600341796875,0.07366943359375,0.88580322265625,3.626251220703125,-4.26177978515625,-0.85235595703125,315897.4358974359,8.128395604395604E7,3.259142857142857E7,45.7617,1,1.0,1.0,1.0,1.0,50.00
2025-07-01 00:02:23.458,0.8568518,0.18636677,0.8282728,0.70835954,0.90207344,-0.064003594,0.320536,0.9183627,0.44937527,-0.15439406,0.7569917,0.8395355,-0.062182385,-0.1650754,-0.07983527,0.32128134,-0.5107209,-0.5576819,-0.5269659,-0.22860631,817.9487,806.6667,807.8755,804.2491,737.76556,-0.46417236328125,0.07122802734375,0.8814697265625,3.775787353515625,-4.17205810546875,-0.657958984375,316703.2967032967,8.144915750915751E7,3.260996336996337E7,46.02019,1,1.0,1.0,1.0,1.0,50.00
2025-07-01 00:02:24.460,0.90047765,0.098371364,0.71167624,0.87799746,0.80450714,-0.026117636,0.36931896,0.7989925,0.46210098,0.14884584,0.7864883,0.83672976,0.070931844,-0.036228124,0.150998,0.24938421,-0.39609495,-0.50027966,-0.29327065,-0.3540682,807.0696,800.2198,783.2967,793.36993,834.0659,-0.4639892578125,0.07440185546875,0.88311767578125,3.78326416015625,-3.805694580078125,-0.97198486328125,315897.4358974359,8.137501831501831E7,3.2603516483516484E7,46.02019,1,1.0,1.0,1.0,1.0,50.00
2025-07-01 00:02:25.462,1.022417,0.26807424,0.70969874,1.0540571,0.3308407,-0.04728932,0.4991557,0.41131705,0.5025893,0.24428748,0.7142928,0.62639254,0.050344925,-0.09486832,0.3431738,0.10215856,-0.37552714,-0.3763643,-0.15829743,-0.1417005,782.0879,799.81683,793.7729,785.7143,680.14655,-0.46417236328125,0.0765380859375,0.8824462890625,3.790740966796875,-4.2767333984375,-1.0467529296875,315897.4358974359,8.116791208791208E7,3.2592234432234433E7,45.924313,1,1.0,1.0,1.0,1.0,50.00
2025-07-01 00:02:26.462,0.89524466,-0.09209017,0.59180474,0.9361708,0.25690585,-0.35630742,0.48932153,0.45433727,0.4008532,0.33419925,0.7823834,0.41714296,0.0051281825,-0.1403485,0.2764768,0.29533654,-0.4623323,-0.38894588,-0.2230857,-0.13209449,778.86444,803.8461,798.20514,784.5055,678.93774,-0.46087646484375,0.075439453125,0.88690185546875,3.69354248046875,-4.1571044921875,-0.725250244140625,316703.2967032967,8.115582417582418E7,3.256967032967033E7,45.909428,1,1.0,1.0,1.0,1.0,50.00
2025-07-01 00:02:27.464,0.8572937,-0.024432067,0.45169362,0.7074754,0.18229485,-0.35796943,-0.085509874,0.12551807,0.40271482,0.08642378,0.3752748,0.36141866,-0.019466897,0.09584089,0.04050703,0.31794882,-0.43906316,-0.5466642,-0.31912684,-0.22450686,778.46155,797.3993,784.90845,782.49084,641.8681,-0.46697998046875,0.07073974609375,0.878662109375,3.536529541015625,-3.611297607421875,-1.009368896484375,315897.4358974359,8.138791208791208E7,3.2605128205128204E7,46.128983,1,1.0,1.0,1.0,1.0,50.00
2025-07-01 00:02:28.467,0.43092853,0.19718724,0.7541959,0.3120226,-0.0016499439,-0.21576743,0.20943753,0.05929858,0.28981102,-0.06605834,0.50362706,0.25475982,0.07163298,-0.022778964,0.07842324,0.37284315,-0.34269303,-0.52965283,-0.30575493,-0.17648861,788.5348,800.2198,801.02563,799.011,727.6923,-0.4677734375,0.07568359375,0.88299560546875,3.940277099609375,-4.029998779296875,-0.8673095703125,316703.2967032967,8.120739926739927E7,3.25785347985348E7,46.262222,1,1.0,1.0,1.0,1.0,50.00
2025-07-01 00:02:29.469,0.027118366,-0.00798468,0.41176307,0.51632726,0.1826501,-0.21755241,0.22269659,0.32420725,0.1385244,0.0018335057,0.44818038,0.4886989,-0.060064763,-0.06494725,0.13007426,0.2111121,-0.39278337,-0.30532086,-0.54318166,-0.14856857,781.28204,794.17584,798.60803,782.0879,673.69965,-0.46307373046875,0.074951171875,0.88433837890625,3.69354248046875,-4.119720458984375,-0.9271240234375,317509.1575091575,8.100996336996336E7,3.2513260073260073E7,46.17616,1,1.0,1.0,1.0,1.0,60.00
2025-07-01 00:02:30.471,-0.026881695,-0.19925055,0.36673373,0.33033592,-0.11756011,-0.12540008,0.25772008,0.0686908,0.3933789,0.22590557,0.4467512,0.427852,0.02360083,-0.036869973,0.025578821,0.1921584,-0.41453776,-0.30483308,-0.44909742,-0.058276914,789.34064,805.05493,795.38464,800.2198,796.5934,-0.46453857421875,0.07598876953125,0.8848876953125,3.6187744140625,-4.000091552734375,-0.82244873046875,316703.2967032967,8.102285714285713E7,3.2517289377289377E7,46.17154,1,1.0,1.0,1.0,1.0,60.00
2025-07-01 00:02:31.476,0.25263175,-0.41164818,0.22292185,0.3583898,0.23494272,-0.324912,0.2590531,0.31746674,0.36310393,0.052182738,0.27950692,0.37434793,-0.035564125,-0.1419859,0.0134236915,0.22175716,-0.46193948,-0.3785648,-0.35392818,-0.056633342,816.337,801.4286,793.7729,817.1429,724.87177,-0.46820068359375,0.07659912109375,0.88818359375,3.828125,-4.0972900390625,-0.538330078125,316703.2967032967,8.13298901098901E7,3.2550329670329668E7,46.085472,1,1.0,1.0,1.0,1.0,60.00
2025-07-01 00:02:32.479,0.46591407,-0.22534923,0.10412182,0.45475215,0.36159116,-0.40821353,0.08760117,0.41123143,0.17608178,0.0024825607,0.33071727,0.46184647,-0.21315457,-0.13741994,-0.04493297,0.15878044,-0.3474593,-0.4423632,-0.35198244,-0.15279765,806.6667,797.8022,808.2784,807.47253,758.71796,-0.46551513671875,0.08111572265625,0.88323974609375,3.730926513671875,-4.029998779296875,-0.88226318359375,315897.4358974359,8.120981684981684E7,3.2568864468864467E7,46.00873,1,1.0,1.0,1.0,1.0,60.00
2025-07-01 00:02:33.483,0.45989797,-0.04479022,0.5785381,0.017470578,0.07089391,-0.48328608,0.19121759,0.10329084,0.33601704,-0.13133757,0.21704271,0.49753994,-0.10283204,-0.20189445,0.029103398,0.2724136,-0.3370721,-0.4282956,-0.41527024,-0.16095272,799.41394,790.14655,803.44324,809.0842,883.6264,-0.467529296875,0.07696533203125,0.88031005859375,3.70849609375,-3.887939453125,-1.016845703125,315897.4358974359,8.12621978021978E7,3.260915750915751E7,46.00873,1,1.0,1.0,1.0,1.0,60.00
2025-07-01 00:02:34.484,0.49999157,0.17878412,0.53448445,0.46098095,0.39071938,0.12883013,0.4247913,0.32393909,0.47309685,0.095471546,0.5590442,0.46757218,-0.032572657,-0.22283883,0.15501258,0.4400371,-0.2632745,-0.4643939,-0.4918682,-0.21307716,808.68134,795.78754,798.60803,812.71063,760.32965,-0.46563720703125,0.07696533203125,0.8834228515625,3.880462646484375,-4.029998779296875,-0.7476806640625,316703.2967032967,8.139435897435898E7,3.2664761904761903E7,46.00873,1,1.0,1.0,1.0,1.0,60.00
2025-07-01 00:02:35.486,0.83608764,0.4124599,0.21032153,0.79245555,0.67886335,0.007063095,0.22924729,0.7228918,0.7893692,0.2594597,0.57110506,0.7996217,0.12690094,-0.1640646,0.107926756,0.30603284,-0.33358338,-0.46261007,-0.42670384,-0.14436258,825.2015,803.0403,798.60803,813.1135,754.2857,-0.4652099609375,0.0767822265625,0.884033203125,3.768310546875,-3.985137939453125,-0.844879150390625,316703.2967032967,8.154344322344323E7,3.267765567765568E7,45.951767,1,1.0,1.0,1.0,1.0,60.00
2025-07-01 00:02:36.487,0.83727497,0.15382902,0.22882098,0.8210614,0.6900848,-0.15892467,-0.012034862,0.71842164,0.8008269,0.13766745,0.50197715,0.8083632,0.18115886,-0.121615246,0.07207094,0.37503058,-0.34413683,-0.37955633,-0.37365165,-0.21500546,812.3077,801.02563,795.38464,797.3993,699.0842,-0.4661865234375,0.07867431640625,0.88507080078125,3.648681640625,-4.0972900390625,-0.740203857421875,315897.4358974359,8.13218315018315E7,3.265912087912088E7,45.951767,1,1.0,1.0,1.0,1.0,60.00
2025-07-01 00:02:37.488,0.650528,0.16824843,0.21589248,0.584837,0.15171881,-0.06840268,0.29770616,0.26207513,0.658217,0.083654515,0.72194266,0.59316057,0.04339654,-0.1258104,0.23912354,0.27017164,-0.35455373,-0.4064556,-0.39295188,-0.074064076,807.8755,800.2198,811.0989,803.44324,668.46155,-0.46630859375,0.07781982421875,0.884521484375,3.84307861328125,-4.1571044921875,-0.61309814453125,315897.4358974359,8.120336996336997E7,3.2627692307692308E7,45.92371,1,1.0,1.0,1.0,1.0,60.00
2025-07-01 00:02:38.491,0.48874232,-0.49403113,0.42156386,0.598949,0.39180806,-0.0309306,0.42446935,0.48128572,0.46386898,0.090980366,0.69738454,0.54331326,0.08507317,-0.10881818,-0.10062353,0.3061307,-0.5764526,-0.29323214,-0.53383875,-0.24209425,796.1905,793.36993,795.38464,790.14655,676.1172,-0.46929931640625,0.0850830078125,0.87786865234375,4.007568359375,-4.029998779296875,-0.59814453125,315897.4358974359,8.148864468864469E7,3.263091575091575E7,45.92371,1,1.0,1.0,1.0,1.0,60.00
2025-07-01 00:02:39.493,0.21047996,-0.1588946,0.45684937,0.60616314,0.473896,0.061413024,0.26859143,0.41346207,0.50827,0.2549172,0.39912763,0.38369626,0.028268782,-0.10487235,-0.05302023,0.266627,-0.641411,-0.40611213,-0.39774054,-0.3726107,807.8755,807.8755,796.1905,790.14655,736.9597,-0.464599609375,0.076171875,0.8841552734375,3.865509033203125,-3.925323486328125,-0.530853271484375,316703.2967032967,8.132827838827838E7,3.261157509157509E7,45.92371,1,1.0,1.0,1.0,1.0,55.00
2025-07-01 00:02:40.496,0.4558834,0.13134809,0.80379194,0.5704709,0.1555603,0.09507425,0.2755477,0.5148756,0.60404104,0.36742908,0.5420726,0.45737872,-0.0451351,0.07626231,0.16420723,0.2510842,-0.4964275,-0.4124104,-0.39242652,-0.27672368,787.326,806.6667,799.011,779.67035,654.7619,-0.46527099609375,0.08184814453125,0.88421630859375,3.94775390625,-4.074859619140625,-0.85235595703125,315897.4358974359,8.123399267399268E7,3.256967032967033E7,45.823833,1,1.0,1.0,1.0,1.0,55.00
2025-07-01 00:02:41.497,0.25753573,-0.10477786,0.46990302,0.5508173,0.018177135,-0.24683079,0.21071391,0.2868494,0.21926437,0.02114797,0.4506197,0.38628197,-0.07494568,0.040659662,0.16464287,0.14920345,-0.46103978,-0.49051094,-0.5451302,-0.35108128,779.67035,798.20514,792.1612,788.5348,704.3223,-0.464599609375,0.0791015625,0.88287353515625,4.015045166015625,-3.6785888671875,-0.829925537109375,315897.4358974359,8.119611721611722E7,3.255113553113553E7,45.812107,1,1.0,1.0,1.0,1.0,55.00
2025-07-01 00:02:42.498,0.32107288,-0.22886418,0.26407,0.34266633,0.13260253,-0.34127817,0.18561728,0.47640637,0.33137736,-0.12178322,0.37922782,0.40745723,0.04312529,-0.06174852,0.049251825,0.19081867,-0.4741097,-0.4510166,-0.5081751,-0.23962244,788.1319,793.7729,788.93774,781.28204,821.1722,-0.46466064453125,0.079833984375,0.8865966796875,3.6187744140625,-3.887939453125,-0.5682373046875,315897.4358974359,8.136373626373626E7,3.2537435897435896E7,45.766357,1,1.0,1.0,1.0,1.0,55.00
2025-07-01 00:02:43.500,0.37444746,-0.18500455,0.5481131,0.15847613,-0.05003078,-0.27838135,0.039901353,0.3692378,0.10973552,-0.16800232,0.2660714,0.37495744,-0.11861679,-0.042906795,-0.13566837,0.26990095,-0.4742303,-0.34201086,-0.27913296,-0.19469097,794.57874,797.3993,802.6374,801.02563,678.93774,-0.4630126953125,0.07781982421875,0.87921142578125,3.910369873046875,-3.805694580078125,-0.418701171875,316703.2967032967,8.1116336996337E7,3.246087912087912E7,45.699055,1,1.0,1.0,1.0,1.0,55.00
2025-07-01 00:02:44.502,0.72132707,-0.080858134,0.4440753,0.676264,0.119749755,-0.5387484,0.27046672,0.12287157,0.045719564,-0.028059356,0.19714099,0.41526675,-0.037850246,-0.0012329477,-0.18588436,0.17875297,-0.42303726,-0.23364453,-0.3361408,-0.2441881,777.25275,801.8315,798.60803,786.52014,665.2381,-0.46405029296875,0.082275390625,0.885009765625,3.72344970703125,-3.701019287109375,-0.680389404296875,315897.4358974359,8.078351648351648E7,3.2427032967032965E7,45.699055,1,1.0,1.0,1.0,1.0,55.00
2025-07-01 00:02:45.505,0.7623648,0.086532675,0.31625193,0.7760102,0.32818565,-0.122445375,0.36458346,0.15948102,0.034691278,0.090930894,0.3928021,0.38294914,0.055858538,0.02609386,-0.10470421,0.22812122,-0.29008344,-0.24685952,-0.3310949,-0.3028307,784.90845,800.2198,806.26373,796.5934,803.0403,-0.46405029296875,0.08367919921875,0.8843994140625,3.865509033203125,-4.284210205078125,-0.725250244140625,316703.2967032967,8.079882783882783E7,3.2445567765567765E7,45.846817,1,1.0,1.0,1.0,1.0,55.00
2025-07-01 00:02:46.508,0.34874725,-0.18605728,0.40417677,0.53892094,0.24246909,-0.1268998,0.32636306,0.31847227,0.20039737,0.31831044,0.33911467,0.12036619,-0.03860721,-0.08141459,-0.16695818,0.19715586,-0.3319285,-0.45013982,-0.42502633,-0.1907229,807.0696,804.65204,800.2198,814.7253,785.31134,-0.46636962890625,0.08074951171875,0.87957763671875,3.835601806640625,-3.940277099609375,-0.8673095703125,315897.4358974359,8.103978021978022E7,3.248021978021978E7,45.981792,1,1.0,1.0,1.0,1.0,55.00
2025-07-01 00:02:47.509,0.037635718,-0.11405753,0.32523537,0.008607035,-0.13654791,-0.282003,0.25042984,0.1084007,0.31010756,0.2994425,0.38066548,0.11989152,0.01843283,0.0010950643,-0.06950215,0.16054815,-0.3976409,-0.4129429,-0.33946314,-0.24494408,807.47253,803.44324,787.72894,803.8461,712.381,-0.46527099609375,0.07989501953125,0.885009765625,3.99261474609375,-4.134674072265625,-0.538330078125,315897.4358974359,8.133553113553113E7,3.2538241758241758E7,46.242733,1,1.0,1.0,1.0,1.0,55.00
2025-07-01 00:02:48.512,0.13864675,0.011012571,0.44245785,0.09303079,6.6879747E-4,-0.11942951,0.15465704,0.15729624,0.22824779,-0.040078636,0.46234798,0.25539768,-0.12567765,0.011267367,0.062424667,0.28255928,-0.4239465,-0.35529786,-0.37370244,-0.13342352,813.5165,796.99634,807.47253,817.5458,810.293,-0.46759033203125,0.08148193359375,0.88427734375,3.715972900390625,-3.70849609375,-0.9869384765625,316703.2967032967,8.128315018315019E7,3.2514065934065934E7,46.394627,1,1.0,1.0,1.0,1.0,55.00
2025-07-01 00:02:49.515,0.19410507,-0.053399988,0.39953712,0.10919733,-0.11151282,-0.22278173,0.058236726,0.15899539,0.25509116,0.052952968,0.40721202,0.48006886,-0.034874246,-0.027297707,0.17985964,0.29092726,-0.438751,-0.47653747,-0.34657332,-0.16399682,813.5165,800.2198,803.44324,803.8461,684.17584,-0.46343994140625,0.080322265625,0.88409423828125,3.671112060546875,-3.820648193359375,-1.114044189453125,316703.2967032967,8.117435897435898E7,3.247054945054945E7,46.394627,1,1.0,1.0,1.0,1.0,55.00
2025-07-01 00:02:50.517,0.24953863,-0.114190504,0.39931774,0.38150507,0.17165437,-0.30800337,0.18345283,0.33223787,0.3500616,-0.3682548,0.2842057,0.4956159,7.9246255E-4,-0.120307356,0.14020538,0.18615727,-0.54500896,-0.19446439,-0.39047217,-0.3584002,819.5604,802.6374,813.1135,807.0696,668.0586,-0.4658203125,0.08074951171875,0.8782958984375,4.179534912109375,-3.730926513671875,-0.740203857421875,316703.2967032967,8.078190476190476E7,3.243992673992674E7,46.394627,1,1.0,1.0,1.0,1.0,60.00
2025-07-01 00:02:51.519,0.6006868,0.1010153,0.40762496,0.47457397,0.18688276,-0.17520049,0.30509752,0.404268,0.23354693,-0.0042246915,0.10702507,0.36273453,-6.7896175E-4,0.037693582,-0.022911195,0.22068253,-0.51826024,-0.21399796,-0.3483438,-0.23970415,810.696,802.6374,790.54944,810.293,745.82416,-0.46600341796875,0.0849609375,0.88287353515625,3.87298583984375,-3.93280029296875,-0.755157470703125,315897.4358974359,8.111311355311355E7,3.2523736263736263E7,46.394627,1,1.0,1.0,1.0,1.0,60.00
2025-07-01 00:02:52.533,0.55905724,0.07906698,0.46311137,0.3798681,0.055099845,-0.019603327,0.42126155,-0.010622793,0.002258089,0.08103006,0.25742808,0.2707406,-0.040260434,0.051565904,-0.047736544,0.18263017,-0.38584867,-0.2461029,-0.28446352,-0.14846109,795.78754,790.9524,788.5348,792.1612,748.24176,-0.464599609375,0.0826416015625,0.88470458984375,3.648681640625,-3.72344970703125,-0.844879150390625,315897.4358974359,8.100190476190476E7,3.254065934065934E7,46.394627,1,1.0,1.0,1.0,1.0,60.00
2025-07-01 00:02:53.536,0.10549631,-0.08927099,0.34856158,0.23417982,0.038427282,-0.09420677,0.35936448,0.22503129,-0.1701545,0.15083307,0.48534438,0.16296832,-0.0621404,-0.05107333,0.17132933,0.13109235,-0.6011746,-0.26170015,-0.35773513,-0.21692494,797.3993,800.6227,790.54944,785.7143,650.7326,-0.46807861328125,0.08685302734375,0.8863525390625,3.745880126953125,-4.26177978515625,-0.52337646484375,316703.2967032967,8.102930402930403E7,3.257208791208791E7,46.095924,1,1.0,1.0,1.0,1.0,60.00
2025-07-01 00:02:54.539,-0.1379333,-0.1828723,0.4623705,0.36360586,-0.05513001,-0.1831361,0.073274925,0.40793225,-0.2284248,0.13170265,0.4947014,0.13747418,-0.08374981,-0.017374082,0.13185199,0.075521685,-0.5817885,-0.3708769,-0.46848443,-0.38148433,777.6557,799.41394,807.8755,794.57874,693.44324,-0.4659423828125,0.0826416015625,0.87921142578125,3.715972900390625,-3.36456298828125,-1.084136962890625,315897.4358974359,8.144835164835164E7,3.2657509157509156E7,46.095924,1,1.0,1.0,1.0,1.0,60.00
2025-07-01 00:02:55.539,0.22587757,-0.19746445,0.45891592,0.29172412,-0.08614798,-0.118766114,-0.046503413,0.271246,0.16307856,0.10192169,0.27797082,0.27958426,-0.092871584,0.12227966,-0.028164763,0.07325465,-0.39116943,-0.353122,-0.43303558,-0.36987966,794.9817,802.23444,795.78754,790.9524,643.47986,-0.4659423828125,0.08209228515625,0.88348388671875,3.970184326171875,-3.745880126953125,-0.964508056640625,316703.2967032967,8.136776556776556E7,3.2647838827838827E7,46.095924,1,1.0,1.0,1.0,1.0,60.00
2025-07-01 00:02:56.541,0.43261912,-0.10731369,0.5007702,0.39765695,-0.0504304,-0.26744962,0.26937407,0.39191642,0.31861803,0.03234884,0.3081898,0.26160252,0.052648347,0.07611997,-0.00418957,0.11929557,-0.4004736,-0.22961281,-0.37892878,-0.19984375,780.07324,799.011,812.3077,790.9524,676.9231,-0.46563720703125,0.0804443359375,0.8804931640625,3.90289306640625,-4.179534912109375,-0.91217041015625,316703.2967032967,8.124930402930403E7,3.2613992673992675E7,46.095924,1,1.0,1.0,1.0,1.0,60.00
2025-07-01 00:02:57.542,0.41391963,0.009636997,0.40143824,0.2606822,0.20543624,-0.2605513,0.28329962,0.16679314,0.34679484,-0.047852576,0.43005145,0.2974669,-0.01578535,-0.13620327,0.014845376,0.12358651,-0.36649305,-0.3056867,-0.32929873,-0.20360099,771.6117,800.6227,792.1612,774.0293,755.4945,-0.46490478515625,0.0849609375,0.88397216796875,3.701019287109375,-3.90289306640625,-0.52337646484375,316703.2967032967,8.140322344322345E7,3.265347985347985E7,46.095924,1,1.0,1.0,1.0,1.0,60.00
2025-07-01 00:02:58.544,0.482836,-0.058102597,0.43093985,0.59670675,0.3157641,-0.29193693,0.056803122,0.24064733,0.3211806,-0.02216298,0.24055739,0.2567156,0.021504568,-0.07714731,0.13847682,0.22454783,-0.3985069,-0.3537236,-0.28517142,-0.1711615,798.20514,799.81683,807.8755,806.6667,748.6447,-0.4644775390625,0.085205078125,0.88311767578125,3.46923828125,-3.895416259765625,-0.95703125,316703.2967032967,8.139194139194138E7,3.2629304029304028E7,46.095924,1,1.0,1.0,1.0,1.0,60.00
2025-07-01 00:02:59.546,0.48086807,-0.14594212,0.75363094,0.58125144,0.34475532,-0.5285092,0.19850937,0.47794536,0.38455755,5.851805E-4,0.28785476,0.33803314,-0.022412373,0.03681741,0.11182739,0.12954454,-0.4596887,-0.30920124,-0.41151533,-0.10122125,782.49084,800.6227,807.8755,794.17584,716.8132,-0.46331787109375,0.0855712890625,0.87823486328125,3.715972900390625,-3.985137939453125,-0.777587890625,315897.4358974359,8.128395604395604E7,3.2605128205128204E7,46.095924,1,1.0,1.0,1.0,1.0,60.00
2025-07-01 00:03:00.549,0.7285187,0.104220465,0.740466,0.616332,0.18368354,-0.40503868,0.2905397,0.39112246,0.21131958,0.029589478,0.3953093,0.31041318,-0.18269955,0.06103883,0.12963185,0.053074718,-0.37194526,-0.19217958,-0.3951227,-0.16270855,806.26373,802.6374,805.4579,804.65204,730.10986,-0.464111328125,0.0863037109375,0.88446044921875,3.90289306640625,-4.2169189453125,-0.43365478515625,316703.2967032967,8.121545787545787E7,3.25825641025641E7,46.095924,1,1.0,1.0,1.0,1.0,60.00
2025-07-01 00:03:01.551,0.5627921,0.00594742,0.45213395,0.40131456,0.22888564,-0.20357959,0.30805725,0.25068253,0.13632698,0.08695707,0.6466476,0.15528156,-0.027611116,0.08542673,0.06714999,0.06658377,-0.36622977,-0.20349272,-0.38817888,-0.09037619,805.4579,794.57874,793.36993,813.91943,741.39197,-0.4652099609375,0.0877685546875,0.8746337890625,3.69354248046875,-3.4991455078125,-1.218719482421875,316703.2967032967,8.153860805860806E7,3.261076923076923E7,46.095924,1,1.0,1.0,1.0,1.0,60.00
2025-07-01 00:03:02.552,0.62254304,0.0630308,0.6150951,0.41498145,0.31600827,-0.17826879,0.2889459,0.15936334,0.26782948,-0.020698743,0.6794953,0.26630545,0.018020123,-0.021538135,0.07230834,0.15779051,-0.5394139,-0.35297522,-0.34091082,-0.2550306,811.0989,792.96704,803.44324,809.0842,720.84247,-0.46392822265625,0.08831787109375,0.88128662109375,3.7384033203125,-4.007568359375,-0.545806884765625,316703.2967032967,8.130007326007326E7,3.2596263736263737E7,46.095924,1,1.0,1.0,1.0,1.0,60.00
2025-07-01 00:03:03.554,0.7749528,0.14432454,0.7403104,0.469528,0.44984606,-0.06303979,0.31808698,0.5217789,0.5951644,0.27750695,0.676422,0.5470769,0.25622568,0.003705286,0.12561405,0.23981144,-0.42327014,-0.50129265,-0.36366567,-0.1001327,831.2454,802.23444,812.71063,817.5458,853.8095,-0.46343994140625,0.0872802734375,0.882080078125,3.78326416015625,-3.70849609375,-1.06170654296875,316703.2967032967,8.110827838827838E7,3.253904761904762E7,46.095924,1,1.0,1.0,1.0,1.0,60.00
2025-07-01 00:03:04.557,1.071353,-0.03714359,0.6389648,0.7963394,0.5309106,-0.08214062,0.19883208,0.3199193,0.6799239,0.35366493,0.69544435,0.60241836,0.26022175,0.0760664,0.24774307,0.31037864,-0.4370463,-0.49208847,-0.34143078,-0.2978127,802.23444,794.57874,785.31134,790.54944,666.04395,-0.46490478515625,0.08758544921875,0.88726806640625,3.775787353515625,-4.254302978515625,-0.418701171875,315897.4358974359,8.121142857142857E7,3.253018315018315E7,46.095924,1,1.0,1.0,1.0,1.0,60.00
2025-07-01 00:03:05.558,1.073071,0.17321041,0.5578176,1.0717716,0.42594662,-0.07617804,0.16209076,0.44855544,1.2081666,0.7470233,0.7248023,0.9281754,0.106118135,0.028834417,0.5220487,0.21606451,-0.4264403,-0.38826165,-0.2704414,-0.23061614,815.12823,801.02563,816.337,813.1135,720.0366,-0.46868896484375,0.08721923828125,0.88482666015625,3.566436767578125,-4.2767333984375,-0.874786376953125,316703.2967032967,8.144835164835164E7,3.254952380952381E7,46.095924,1,1.0,1.0,1.0,1.0,60.00
2025-07-01 00:03:06.560,0.69567937,0.27691987,0.32151082,0.71716136,0.5176024,-0.05739076,0.25619522,0.5993522,1.2008159,0.7443103,0.7320253,0.93747133,0.026803805,-0.11911941,0.6081957,0.34090465,-0.28163278,-0.43726456,0.032345902,-0.107227154,820.3663,802.23444,811.0989,805.4579,655.9707,-0.46295166015625,0.087158203125,0.882568359375,3.6785888671875,-3.63372802734375,-0.70281982421875,316703.2967032967,8.124043956043956E7,3.252857142857143E7,46.015553,1,1.0,1.0,1.0,1.0,60.00
2025-07-01 00:03:07.564,0.5992065,0.102367625,0.67083013,0.63083506,0.5983981,-0.2028296,0.39763132,0.4916511,0.4792059,0.2247445,0.5881462,0.48633748,0.08563131,-0.059874948,0.43673834,0.3412453,-0.27993906,-0.55084825,0.13663943,-0.08952573,803.0403,805.05493,797.3993,795.38464,800.6227,-0.46343994140625,0.091796875,0.8824462890625,3.87298583984375,-4.0374755859375,-0.97198486328125,316703.2967032967,8.116388278388278E7,3.2547912087912086E7,45.994255,1,1.0,1.0,1.0,1.0,60.00
2025-07-01 00:03:08.567,0.5365245,0.09531609,0.6910257,0.42012316,0.38318473,-0.104599774,0.30870315,0.18423302,0.4053172,0.31582844,0.74050236,0.4054722,0.040764723,-0.005145383,0.5338615,0.20745844,-0.48794878,-0.48736095,0.06657065,-0.21077631,789.7436,799.41394,809.89014,787.72894,675.7143,-0.466064453125,0.0899658203125,0.88177490234375,4.134674072265625,-3.5589599609375,-0.800018310546875,316703.2967032967,8.13484249084249E7,3.2593846153846152E7,45.994255,1,1.0,1.0,1.0,1.0,60.00
2025-07-01 00:03:09.568,0.2477838,0.050078865,0.3620242,0.4878568,0.25385106,-0.1994583,0.24806203,0.379435,0.28072244,0.16984011,0.7208772,0.38071516,0.00831056,0.11694874,0.44354495,0.16828524,-0.45042586,-0.41705236,0.015866615,-0.1251651,788.1319,799.011,807.8755,789.34064,720.0366,-0.465576171875,0.0855712890625,0.880859375,3.910369873046875,-4.2767333984375,-0.897216796875,315897.4358974359,8.148945054945055E7,3.2576117216117214E7,45.921112,1,1.0,1.0,1.0,1.0,60.00
2025-07-01 00:03:10.571,0.29286617,0.224057,0.26549923,0.822262,0.17103486,-0.5114414,0.13422234,0.46126056,0.3932286,0.13994226,0.4346324,0.3044908,0.065648325,-0.084121756,0.3654109,0.13148941,-0.45790267,-0.4061399,-0.3269981,-0.16224419,788.93774,800.2198,797.8022,789.34064,662.4176,-0.46258544921875,0.08880615234375,0.8819580078125,3.820648193359375,-3.96270751953125,-0.5682373046875,316703.2967032967,8.128637362637362E7,3.255194139194139E7,45.870743,1,1.0,1.0,1.0,1.0,60.00
2025-07-01 00:03:11.573,0.43806314,0.26756072,0.4022248,0.4631458,0.16514759,-0.062281262,0.24020791,0.18937737,0.6408716,0.12058215,0.42477372,0.30383563,0.040814616,-0.22457239,0.32269338,0.16692725,-0.517758,-0.44435948,-0.3868265,-0.20317537,790.9524,796.99634,807.47253,794.9817,675.31134,-0.46893310546875,0.09490966796875,0.88299560546875,3.895416259765625,-4.104766845703125,-0.441131591796875,315897.4358974359,8.127992673992674E7,3.251003663003663E7,45.870743,1,1.0,1.0,1.0,1.0,60.00
2025-07-01 00:03:12.574,0.5043591,0.23584436,0.5529758,0.403062,0.15565579,-0.054428685,0.30986476,0.04588954,0.8228724,0.33633733,0.3796404,0.44498757,0.10555221,0.025349706,0.26442453,0.12598063,-0.58253855,-0.58175284,-0.26970738,-0.32910034,794.17584,807.8755,800.2198,801.02563,764.7619,-0.46527099609375,0.09222412109375,0.88592529296875,3.78326416015625,-4.7552490234375,-0.46356201171875,316703.2967032967,8.150637362637362E7,3.2543882783882782E7,45.870743,1,1.0,1.0,1.0,1.0,60.00
2025-07-01 00:03:13.575,0.49018255,-0.038626395,0.76893663,0.8319611,0.2803694,-0.38641837,0.17198996,0.19742858,0.72611666,0.06288761,0.60434955,0.4826688,0.10227183,0.020859186,0.2528007,0.21074362,-0.38738987,-0.48743287,-0.28634343,-0.21308227,784.10254,796.1905,801.4286,793.36993,831.2454,-0.46343994140625,0.09014892578125,0.88104248046875,3.60382080078125,-4.26177978515625,-0.904693603515625,316703.2967032967,8.141289377289377E7,3.25229304029304E7,45.84134,1,1.0,1.0,1.0,1.0,60.00
2025-07-01 00:03:14.577,1.0761665,0.061756995,0.7658081,0.9875849,0.7264877,-0.20975356,0.13478033,0.53047794,0.5020423,-0.08731289,0.7146577,0.38191912,-0.032625947,-0.016176442,0.24253765,0.24819326,-0.4573674,-0.4713541,-0.3554968,-0.19793451,796.5934,799.81683,792.1612,805.4579,738.5714,-0.4671630859375,0.08746337890625,0.883056640625,3.671112060546875,-3.99261474609375,-0.5084228515625,316703.2967032967,8.123318681318681E7,3.2505201465201464E7,45.877987,1,1.0,1.0,1.0,1.0,60.00
2025-07-01 00:03:15.584,0.9405565,-0.088975444,0.9339945,0.87307966,0.52406514,-0.352978,0.31856024,0.3745751,0.20781374,-0.0058668884,0.6182289,0.40107167,-0.070889406,-0.07208893,0.101179525,0.26883742,-0.5559867,-0.3348532,-0.4379131,-0.29059407,791.3553,794.57874,801.8315,793.36993,950.9158,-0.4638671875,0.092041015625,0.88409423828125,3.551483154296875,-3.90289306640625,-1.188812255859375,316703.2967032967,8.111311355311355E7,3.2498754578754578E7,45.95974,1,1.0,1.0,1.0,1.0,60.00
2025-07-01 00:03:16.590,0.5558715,-0.067534395,0.60586625,0.47278792,0.39906743,-0.12101718,0.4608682,0.30570298,0.32490313,0.13772841,0.43233308,0.5104717,0.04537962,-0.24743208,0.04063499,0.22463605,-0.39144102,-0.23850916,-0.38168216,-0.28935057,815.12823,795.78754,800.6227,814.3223,742.1978,-0.46551513671875,0.0894775390625,0.87939453125,3.78326416015625,-3.6785888671875,-1.114044189453125,316703.2967032967,8.104703296703297E7,3.2444761904761903E7,45.98282,1,1.0,1.0,1.0,1.0,60.00
2025-07-01 00:03:17.592,0.19453654,0.10655916,0.23624857,0.15921424,0.07156421,-0.24535993,0.20391835,0.21478175,0.31579098,0.0766417,0.44310588,0.5067421,0.011973394,-0.20475182,0.28013048,0.16976148,-0.4250155,-0.53758633,-0.57862103,-0.18514968,819.5604,806.26373,794.57874,823.9927,775.2381,-0.4625244140625,0.092041015625,0.8778076171875,4.134674072265625,-4.2767333984375,-0.800018310546875,315897.4358974359,8.142578754578754E7,3.2492307692307692E7,45.98282,1,1.0,1.0,1.0,1.0,60.00
2025-07-01 00:03:18.597,0.30006048,0.0506677,0.43805522,0.375633,0.18627617,-0.49554294,0.3255329,0.1340434,0.29301056,-0.07418259,0.44903335,0.44345042,-0.20958231,-0.26815093,0.09764812,0.0771415,-0.31784874,-0.35019433,-0.3186177,-0.27602813,807.0696,806.26373,817.5458,804.2491,738.1685,-0.46282958984375,0.0960693359375,0.88140869140625,3.8580322265625,-4.015045166015625,-0.800018310546875,316703.2967032967,8.131941391941392E7,3.250761904761905E7,45.98282,1,1.0,1.0,1.0,1.0,60.00
2025-07-01 00:03:19.599,0.21241626,-0.3164393,0.6841034,0.52892846,-0.06335239,-0.41832495,0.33786097,0.026380127,0.27012423,-0.108581804,0.1502772,0.3103111,-0.08213838,-0.0721038,-0.06387649,0.19901389,-0.23438957,-0.32803413,-0.36245987,-0.16859734,808.2784,801.02563,803.8461,805.4579,765.56775,-0.46563720703125,0.0882568359375,0.88055419921875,3.730926513671875,-3.835601806640625,-0.76263427734375,317509.1575091575,8.120981684981684E7,3.2488278388278387E7,45.45314,1,1.0,1.0,1.0,1.0,60.00
2025-07-01 00:03:20.602,0.15759593,-0.20759133,0.37152088,0.47624743,0.077185705,-0.1075172,0.1797735,0.32855994,0.101056196,-0.043309186,0.1871786,0.08350214,-0.0680511,-0.106507406,-0.120809905,0.24178593,-0.393502,-0.57886285,-0.44896728,-0.20539764,806.6667,794.9817,797.8022,805.05493,690.6227,-0.4659423828125,0.091552734375,0.8839111328125,3.596343994140625,-4.2169189453125,-0.70281982421875,315897.4358974359,8.113648351648352E7,3.250197802197802E7,45.45314,1,1.0,1.0,1.0,1.0,60.00
2025-07-01 00:03:21.604,0.2383987,-0.23093516,0.22116761,0.20992908,0.0794037,-0.27855635,0.093015775,0.427115,0.041199643,-0.32711148,0.2209392,0.129876,-0.081726074,-0.13968484,-0.05722178,0.065709166,-0.45976883,-0.5549916,-0.34270495,-0.22539088,797.8022,799.81683,794.57874,800.6227,737.3626,-0.46160888671875,0.09478759765625,0.8814697265625,3.887939453125,-4.628143310546875,-0.575714111328125,315897.4358974359,8.141934065934065E7,3.2586593406593405E7,45.45314,1,1.0,1.0,1.0,1.0,60.00
2025-07-01 00:03:22.607,0.37981716,-0.3830453,0.62492347,0.6264354,0.18858764,-0.4337712,0.37660572,0.44142196,0.5010668,-0.15607633,0.32341853,0.58733386,-0.036299147,-0.0018081927,-0.050930563,0.13074777,-0.3957088,-0.32809877,-0.4177328,-0.2705505,795.38464,799.81683,791.3553,788.5348,648.71796,-0.46331787109375,0.0916748046875,0.8804931640625,3.596343994140625,-3.715972900390625,-1.07666015625,316703.2967032967,8.126380952380952E7,3.2576923076923076E7,45.43497,1,1.0,1.0,1.0,1.0,60.00
2025-07-01 00:03:23.609,0.9981798,-0.15334406,0.7937131,1.1354222,0.32632127,-0.42808136,0.30201948,0.6106691,0.57284474,0.19979483,0.5120468,0.7094822,0.06473344,-0.06448007,0.09534018,0.2974881,-0.49783593,-0.34936985,-0.4777856,-0.26519403,787.326,809.89014,807.0696,781.685,645.09155,-0.46453857421875,0.09075927734375,0.8817138671875,3.656158447265625,-4.059906005859375,-1.00189208984375,316703.2967032967,8.119611721611722E7,3.2554358974358972E7,45.43497,1,1.0,1.0,1.0,1.0,60.00
2025-07-01 00:03:24.610,0.6544042,0.15839615,0.3666205,0.66916376,0.17640221,-0.37656498,0.18230623,0.282424,0.5664572,0.24630006,0.6179293,0.6820598,0.11702477,-0.1497436,0.4868743,0.45386901,-0.50700563,-0.5145696,-0.32268494,-0.3175683,791.3553,796.99634,807.8755,793.7729,806.26373,-0.4635009765625,0.09130859375,0.88397216796875,3.730926513671875,-3.768310546875,-0.934600830078125,315897.4358974359,8.135809523809524E7,3.2539853479853477E7,45.43497,1,1.0,1.0,1.0,1.0,60.00
2025-07-01 00:03:25.610,0.435896,-0.03046441,0.09954251,0.4430186,0.18223678,-0.3191694,-0.059097357,0.27419755,0.31143615,-0.018520286,0.38955307,0.537715,0.026600163,-8.50162E-4,0.2984854,0.47369754,-0.4150539,-0.48079228,-0.48316067,-0.26264694,784.90845,798.20514,809.89014,789.34064,666.04395,-0.46234130859375,0.0928955078125,0.8831787109375,3.805694580078125,-3.910369873046875,-0.665435791015625,316703.2967032967,8.13323076923077E7,3.2535018315018315E7,45.43497,1,1.0,1.0,1.0,1.0,60.00
2025-07-01 00:03:26.616,0.41196078,-0.24260192,0.10149638,0.6334202,0.37420753,-0.27831048,0.016011132,0.34662724,0.40184456,-0.20302977,0.18091518,0.30902338,-0.11763514,0.062336702,-0.074835144,0.13192262,-0.44054735,-0.29649052,-0.43487674,-0.19554922,798.20514,808.68134,801.02563,805.8608,701.0989,-0.4639892578125,0.0965576171875,0.88189697265625,3.910369873046875,-3.81317138671875,-0.7177734375,316703.2967032967,8.118564102564102E7,3.2484249084249083E7,45.32589,1,1.0,1.0,1.0,1.0,60.00
2025-07-01 00:03:27.618,0.48575604,-0.34980687,0.2522169,0.62247735,0.41332185,-0.35060582,0.03648563,0.34836644,0.40298438,-0.063723594,0.15385094,0.23949644,-0.09792554,-0.044064675,-0.12589131,0.0693988,-0.29538774,-0.52232146,-0.54578406,-0.3176068,787.326,803.8461,799.011,784.90845,749.85345,-0.46417236328125,0.09375,0.88592529296875,3.745880126953125,-4.6356201171875,-0.381317138671875,316703.2967032967,8.10567032967033E7,3.2502783882783882E7,45.32589,1,1.0,1.0,1.0,1.0,60.00
2025-07-01 00:03:28.621,0.50061995,-0.14229645,0.04127441,0.65480846,0.31442872,-0.32696927,-0.16106361,0.46446604,0.21453515,0.18543331,0.11411783,0.39659512,-0.022428514,-0.058753535,0.09463612,0.16965881,-0.4650729,-0.5356815,-0.49899137,-0.4645466,805.4579,802.23444,804.2491,814.7253,793.7729,-0.4627685546875,0.101318359375,0.8868408203125,3.820648193359375,-4.628143310546875,-0.59814453125,316703.2967032967,8.13935531135531E7,3.256967032967033E7,45.32589,1,1.0,1.0,1.0,1.0,60.00
2025-07-01 00:03:29.623,0.7489684,0.06570201,0.49253693,0.7716183,0.5766292,-0.08506879,0.16711894,0.50259024,0.25566015,0.2076676,0.4366156,0.53565484,-0.10720348,-0.20344074,0.22065271,0.07657934,-0.42820016,-0.4313305,-0.53393865,-0.43343532,813.1135,803.0403,803.0403,809.0842,717.619,-0.46209716796875,0.09906005859375,0.88287353515625,3.8580322265625,-3.850555419921875,-0.575714111328125,316703.2967032967,8.12847619047619E7,3.258014652014652E7,45.287365,1,1.0,1.0,1.0,1.0,60.00
2025-07-01 00:03:30.625,0.6698867,-0.17875707,0.43836078,0.51833904,0.5699788,-0.22320184,0.06816648,0.40849397,0.28618377,0.15656114,0.42830983,0.6071715,0.0412239,-0.06765073,0.090204395,0.16013499,-0.40834525,-0.33910722,-0.46830657,-0.21581866,818.7546,799.41394,805.4579,811.0989,794.9817,-0.462890625,0.0946044921875,0.8819580078125,3.99261474609375,-3.865509033203125,-0.3887939453125,316703.2967032967,8.119531135531135E7,3.2564029304029305E7,45.287365,1,1.0,1.0,1.0,1.0,60.00
2025-07-01 00:03:31.632,0.3314462,-0.5265918,0.29170695,0.45267022,0.2773965,-0.3454615,-0.07973542,0.21362638,0.31141365,0.34411672,0.17128234,0.3768985,0.062127024,-0.09632891,0.08059972,0.095489286,-0.45406696,-0.23387775,-0.3981096,-0.14524956,813.1135,794.57874,805.8608,810.293,738.1685,-0.46124267578125,0.09954833984375,0.88201904296875,3.78326416015625,-3.90289306640625,-1.054229736328125,315897.4358974359,8.120014652014652E7,3.257289377289377E7,45.278423,1,1.0,1.0,1.0,1.0,55.00
2025-07-01 00:03:32.634,0.548525,-0.14786763,0.16319339,0.604561,0.30715138,-0.2858698,0.32782802,0.37441233,0.38589358,0.15124494,0.17013443,0.23636965,0.06896161,-0.078685045,-0.05520755,0.106357254,-0.33897284,-0.3893012,-0.5779357,-0.10695886,813.91943,802.6374,796.99634,807.8755,664.83514,-0.46124267578125,0.1011962890625,0.88311767578125,3.72344970703125,-4.149627685546875,-0.76263427734375,316703.2967032967,8.108007326007326E7,3.255919413919414E7,45.26957,1,1.0,1.0,1.0,1.0,55.00
2025-07-01 00:03:33.638,0.6395267,-0.038028423,0.5811027,0.7140832,0.43231136,-0.24808529,0.6480075,0.5808118,0.49093077,0.097460635,0.46035722,0.42187566,0.036184948,0.0043556346,0.09528719,0.1545874,-0.29722503,-0.328005,-0.4292518,-0.22600056,814.3223,802.23444,805.4579,807.8755,764.7619,-0.46026611328125,0.09735107421875,0.88348388671875,3.5888671875,-3.880462646484375,-0.740203857421875,315897.4358974359,8.132424908424908E7,3.256967032967033E7,45.26957,1,1.0,1.0,1.0,1.0,55.00
2025-07-01 00:03:34.640,0.67253673,-0.073284715,0.6376274,0.58132774,0.3805192,-0.050548766,0.73345685,0.37062478,0.53309906,0.27448532,0.48665452,0.668558,0.06984227,0.0016741927,0.10948181,0.23043466,-0.39745632,-0.37431514,-0.3329121,-0.18636988,815.9341,797.3993,802.6374,799.81683,743.00366,-0.4638671875,0.098876953125,0.87896728515625,3.78326416015625,-3.880462646484375,-0.657958984375,315897.4358974359,8.117919413919413E7,3.2504395604395602E7,45.26957,1,1.0,1.0,1.0,1.0,55.00
2025-07-01 00:03:35.642,0.53445387,-0.06585088,0.5158651,0.38467422,0.5328077,-0.21529838,0.3777235,0.6091905,0.3516061,0.023673194,0.4398828,0.8979981,0.0709299,-0.125604,0.06671065,0.262536,-0.52293485,-0.38710445,-0.41639712,-0.20215411,813.91943,798.20514,806.26373,801.4286,632.6007,-0.46124267578125,0.10321044921875,0.88470458984375,3.745880126953125,-4.299163818359375,-0.85235595703125,316703.2967032967,8.115179487179486E7,3.24818315018315E7,45.238853,1,1.0,1.0,1.0,1.0,55.00
2025-07-01 00:03:36.644,0.69299483,0.23610312,0.3912366,0.5323769,0.39925697,-0.3381374,0.2968938,0.6308909,0.26545528,0.018442985,0.43369952,0.86504894,-0.07362537,-0.1828012,0.09168051,0.16579527,-0.45603237,-0.3495025,-0.470237,-0.29093772,791.75824,800.2198,801.02563,786.9231,631.39197,-0.45947265625,0.10113525390625,0.8837890625,3.431854248046875,-4.3963623046875,-0.889739990234375,315897.4358974359,8.133714285714285E7,3.2487472527472526E7,44.866398,1,1.0,1.0,1.0,1.0,55.00
2025-07-01 00:03:37.647,0.48938873,-0.14440286,0.08718932,0.46216726,0.39742947,-0.12778443,0.09017031,0.4094881,0.48792166,-0.02281226,0.53034717,0.8049714,0.14224674,-0.14702035,0.08225282,0.07035749,-0.40765443,-0.46156996,-0.4544255,-0.365402,787.72894,798.20514,795.38464,781.685,716.0073,-0.4647216796875,0.1046142578125,0.88079833984375,3.9776611328125,-3.880462646484375,-0.73272705078125,316703.2967032967,8.135003663003662E7,3.2496336996336997E7,44.866398,1,1.0,1.0,1.0,1.0,55.00
2025-07-01 00:03:38.648,0.44732857,-0.3633788,0.27051458,0.5774634,0.3596771,-0.2542215,0.40036032,0.6345175,0.80110323,0.23775645,0.6042065,0.8292228,0.26677734,-0.11250195,0.11783215,0.29954115,-0.56172943,-0.4743966,-0.4598203,-0.269551,787.72894,798.60803,796.1905,784.90845,678.1319,-0.46148681640625,0.100341796875,0.880126953125,4.029998779296875,-4.08233642578125,-0.55328369140625,315897.4358974359,8.117194139194138E7,3.248908424908425E7,44.875603,1,1.0,1.0,1.0,1.0,55.00
2025-07-01 00:03:39.655,0.49396467,-0.2244068,0.2535984,0.3882068,0.28561068,-0.15128677,0.3440287,0.42190468,0.7821873,0.23000133,0.5422433,0.642796,0.16648518,-0.010876154,0.03879364,0.23814416,-0.5766296,-0.5014498,-0.5303232,-0.16389243,811.50183,805.4579,819.9634,812.3077,704.3223,-0.46429443359375,0.10205078125,0.88153076171875,4.134674072265625,-3.895416259765625,-0.590667724609375,315897.4358974359,8.125736263736263E7,3.2505201465201464E7,44.875603,1,1.0,1.0,1.0,1.0,55.00
2025-07-01 00:03:40.656,1.0077528,0.49354297,0.48219913,1.0316019,0.47588763,-0.32376117,0.560419,0.72233874,0.45293567,-0.3067806,0.8019316,0.5861119,0.017351903,-0.056325234,0.28967515,0.025115618,-0.5288314,-0.28188598,-0.41735595,-0.19339332,796.1905,797.3993,791.3553,798.60803,655.56775,-0.46417236328125,0.100830078125,0.876953125,3.69354248046875,-3.60382080078125,-0.64300537109375,316703.2967032967,8.150717948717949E7,3.2513260073260073E7,44.855896,1,1.0,1.0,1.0,1.0,55.00
2025-07-01 00:03:41.658,0.6793342,0.47434807,0.56232226,0.92309624,0.2614544,-0.34091327,0.59107345,0.54478896,0.4496952,-0.106737114,0.8037028,0.5448242,-0.09398539,-0.14512621,0.32736966,0.07323047,-0.34611258,-0.38069263,-0.5277132,-0.1872017,787.72894,803.8461,788.93774,794.17584,643.0769,-0.461669921875,0.1009521484375,0.88214111328125,3.730926513671875,-3.7982177734375,-0.710296630859375,317509.1575091575,8.131941391941392E7,3.2486666666666664E7,44.855896,1,1.0,1.0,1.0,1.0,60.00
2025-07-01 00:03:42.658,0.47544444,-0.08016171,0.39818832,0.37153095,0.39252156,-0.35283926,0.21514428,0.35760075,0.45241997,0.045549482,0.47194722,0.36438638,-0.08467038,-0.06434493,-0.013556585,0.1641251,-0.233105,-0.42245778,-0.5649309,-0.051425207,786.9231,795.38464,799.011,803.8461,742.6007,-0.45977783203125,0.1015625,0.88433837890625,3.7982177734375,-4.0374755859375,-0.441131591796875,316703.2967032967,8.118161172161172E7,3.246813186813187E7,44.85127,1,1.0,1.0,1.0,1.0,60.00
2025-07-01 00:03:43.671,0.320416,-0.28998214,0.24024157,0.55894566,0.36989576,-0.22526084,0.27562854,0.32415217,0.4233479,0.124497846,0.42297533,0.30949605,0.06114393,-0.12084075,-0.06343891,0.1472398,-0.41321802,-0.40234405,-0.55583566,-0.24034974,819.15753,802.6374,808.2784,822.381,842.9304,-0.46234130859375,0.10205078125,0.8836669921875,4.119720458984375,-3.985137939453125,-0.904693603515625,316703.2967032967,8.121787545787546E7,3.2444761904761903E7,44.85127,1,1.0,1.0,1.0,1.0,60.00
2025-07-01 00:03:44.673,0.5604312,0.0035777017,0.56956416,0.7909513,0.45642674,-0.17415908,0.38952664,0.3900815,0.24787526,0.045102343,0.37559775,0.32191628,-0.019691287,-0.07627565,-0.08616989,0.1679369,-0.64009744,-0.4489371,-0.5332492,-0.20332627,810.696,797.8022,796.5934,802.23444,713.9927,-0.46295166015625,0.10076904296875,0.880615234375,4.119720458984375,-3.69354248046875,-0.79254150390625,316703.2967032967,8.140241758241758E7,3.2459267399267398E7,44.836655,1,1.0,1.0,1.0,1.0,60.00
2025-07-01 00:03:45.675,0.7677133,0.08184648,0.55972517,0.897846,0.5888642,-0.41885415,0.3661385,0.49949923,0.61551946,-0.04363199,0.39259306,0.47798827,0.19646788,-0.011112886,0.10174229,0.3109357,-0.49548006,-0.3752494,-0.39212337,-0.28225297,816.7399,800.6227,799.41394,819.9634,831.2454,-0.460693359375,0.10546875,0.88238525390625,4.007568359375,-3.820648193359375,-0.85235595703125,315897.4358974359,8.11429304029304E7,3.240043956043956E7,44.808414,1,1.0,1.0,1.0,1.0,60.00
2025-07-01 00:03:46.678,1.0385827,1.6641573E-4,0.54769003,0.8310364,0.6111148,-0.50175667,0.43657842,0.41827992,0.76891893,0.084005885,0.58097947,0.91882473,0.24929199,-0.07392584,0.25082636,0.46347243,-0.39119714,-0.24612676,-0.28240898,-0.13601182,818.3516,801.8315,801.4286,804.65204,689.011,-0.46221923828125,0.10284423828125,0.88018798828125,3.611297607421875,-3.5589599609375,-0.9271240234375,315897.4358974359,8.109699633699633E7,3.2372234432234433E7,44.772064,1,1.0,1.0,1.0,1.0,60.00
2025-07-01 00:03:47.679,0.77981377,-0.17382026,0.8580946,0.7996696,0.5745689,0.06447182,0.4405748,0.38576418,0.6994868,0.16716515,0.6039653,0.75831676,0.14205538,-0.15901452,0.17431109,0.275799,-0.3043786,-0.32039732,-0.43560198,-0.2180095,803.8461,797.3993,788.93774,800.2198,710.7692,-0.460693359375,0.1046142578125,0.8817138671875,3.9776611328125,-3.78326416015625,-0.79254150390625,316703.2967032967,8.109699633699633E7,3.2401245421245422E7,44.772064,1,1.0,1.0,1.0,1.0,60.00
2025-07-01 00:03:48.692,0.5638889,-0.2828597,0.474615,0.61547023,0.6642787,-0.17320505,0.2680375,0.2678911,0.52825916,0.22967102,0.3867962,0.68392307,-0.043254852,-0.08612019,0.028016156,0.10903638,-0.32722995,-0.4337022,-0.547818,-0.28428772,792.1612,793.7729,792.1612,784.10254,625.34796,-0.46484375,0.10552978515625,0.8848876953125,3.686065673828125,-4.284210205078125,-0.560760498046875,316703.2967032967,8.137260073260073E7,3.2482637362637363E7,44.772064,1,1.0,1.0,1.0,1.0,60.00
2025-07-01 00:03:49.695,0.7793916,-0.085045636,0.1527347,0.4563517,0.38016212,-0.08480768,0.07381152,0.19622988,0.56194115,0.30095613,0.18468753,0.87888277,0.090408534,-0.09015431,0.05189507,0.26986098,-0.32137305,-0.34007367,-0.47884074,-0.23519847,811.0989,792.96704,801.8315,800.6227,720.84247,-0.46240234375,0.10723876953125,0.88177490234375,3.78326416015625,-4.0673828125,-0.94207763671875,316703.2967032967,8.118080586080585E7,3.2463296703296702E7,44.772064,1,1.0,1.0,1.0,1.0,60.00
2025-07-01 00:03:50.696,0.5604923,-0.08472218,0.35010892,0.41241175,0.25983623,-0.049325358,0.08031843,0.32301736,0.4805439,0.16918164,0.51820695,0.53459156,0.1067754,-0.02781472,0.121415384,0.29497486,-0.44346812,-0.5058019,-0.44178405,-0.1841571,792.96704,797.3993,785.7143,788.1319,655.56775,-0.46331787109375,0.1082763671875,0.88330078125,3.828125,-3.895416259765625,-0.79254150390625,315897.4358974359,8.11243956043956E7,3.246087912087912E7,44.772064,1,1.0,1.0,1.0,1.0,60.00
2025-07-01 00:03:51.699,0.5802052,-0.05788328,0.46781382,0.59255,0.245384,-0.17595543,0.39731723,0.4568377,0.32848153,0.417439,0.61041737,0.9680792,0.06820436,0.0048949406,0.0672862,0.15276732,-0.4235593,-0.5427019,-0.39186296,-0.14121032,791.75824,803.0403,790.54944,794.17584,730.9158,-0.46270751953125,0.110107421875,0.879638671875,4.0374755859375,-4.044952392578125,-0.366363525390625,315897.4358974359,8.117194139194138E7,3.247054945054945E7,44.772064,1,1.0,1.0,1.0,1.0,60.00
2025-07-01 00:03:52.702,0.784713,0.1631429,0.664289,0.5747748,0.47988668,-0.17442764,0.25202143,0.395421,0.43016097,0.3057261,0.60353047,0.94515634,0.022218654,-0.094439395,0.13457926,0.16969493,-0.30831683,-0.50109184,-0.4518995,-0.19235757,796.1905,799.81683,811.9048,796.99634,733.3333,-0.45831298828125,0.112548828125,0.8779296875,3.90289306640625,-3.656158447265625,-0.8673095703125,317509.1575091575,8.15047619047619E7,3.2515677655677654E7,44.772064,1,1.0,1.0,1.0,1.0,60.00
2025-07-01 00:03:53.702,0.1562038,-0.11948761,0.58112085,0.16271335,-0.023226062,-0.4604267,0.27098048,0.19764787,0.4343548,0.09306856,0.5393024,0.58277136,-0.13822457,-0.22108635,0.03454377,0.21156022,-0.3623219,-0.50322914,-0.5960311,-0.2369278,780.07324,797.3993,795.38464,786.9231,687.8022,-0.46075439453125,0.11041259765625,0.88067626953125,4.02252197265625,-3.985137939453125,-0.7476806640625,316703.2967032967,8.14104761904762E7,3.248344322344322E7,44.49474,1,1.0,1.0,1.0,1.0,60.00
2025-07-01 00:03:54.704,0.07224605,9.866471E-4,0.19571401,0.3131349,0.14526467,-0.23963706,0.3194502,0.06949794,0.2927164,-0.013899662,0.65417403,0.34233847,-0.16596639,-0.19418775,0.0024947887,0.13196394,-0.60999084,-0.45937708,-0.4968101,-0.38233078,789.34064,799.81683,795.38464,795.78754,819.9634,-0.46075439453125,0.11334228515625,0.88507080078125,3.805694580078125,-3.94775390625,-0.52337646484375,316703.2967032967,8.120901098901099E7,3.2474578754578754E7,44.49474,1,1.0,1.0,1.0,1.0,60.00
2025-07-01 00:03:55.704,0.31055385,0.06861476,0.6907835,0.3448236,0.37183002,-0.09196263,0.4096213,0.35365418,0.41604352,0.21994969,0.46114114,0.65591955,-0.042985026,-0.04419297,0.17123519,0.080694206,-0.511533,-0.44612393,-0.48423752,-0.18612146,782.0879,792.1612,806.6667,782.49084,842.52747,-0.4588623046875,0.11285400390625,0.8809814453125,3.745880126953125,-3.865509033203125,-0.79254150390625,315897.4358974359,8.117032967032968E7,3.248021978021978E7,44.49474,1,1.0,1.0,1.0,1.0,60.00
2025-07-01 00:03:56.707,0.4261268,-0.04053066,0.4745287,0.2392239,0.09598762,-0.10442182,0.37063697,0.0051751193,0.25926408,0.017190354,0.3972501,0.63951725,-0.051704627,-0.011092556,0.094406724,0.056536682,-0.4784955,-0.43686178,-0.5723411,-0.29491982,794.9817,802.6374,804.2491,801.02563,663.6264,-0.46173095703125,0.11383056640625,0.87420654296875,3.60382080078125,-3.416900634765625,-0.83740234375,315897.4358974359,8.13895238095238E7,3.252131868131868E7,44.49474,1,1.0,1.0,1.0,1.0,60.00
2025-07-01 00:03:57.710,0.48365897,0.03841583,0.47149134,0.4046143,0.014524643,-0.24771126,0.09099902,-0.073446095,0.33601964,0.09192194,0.3630287,0.47396147,-0.1937113,-0.027147377,0.13397306,0.2840202,-0.48196036,-0.49758372,-0.60300666,-0.29635918,795.78754,800.2198,807.8755,796.5934,708.3516,-0.460693359375,0.12054443359375,0.8809814453125,3.90289306640625,-4.104766845703125,-0.814971923828125,315091.5750915751,8.121868131868131E7,3.2497948717948716E7,44.44208,1,1.0,1.0,1.0,1.0,60.00
2025-07-01 00:03:58.713,0.39494997,0.010530197,0.6313282,0.53967065,0.25473008,-0.33982736,0.22181436,0.022945184,0.32017702,0.2223151,0.30016932,0.28002322,-0.0693819,-0.031829618,0.10282547,0.1833103,-0.4336601,-0.51413983,-0.63073075,-0.22360352,799.81683,799.41394,801.8315,808.2784,695.8608,-0.4576416015625,0.1182861328125,0.880859375,3.99261474609375,-4.05242919921875,-0.8673095703125,316703.2967032967,8.108652014652014E7,3.2479413919413917E7,44.485058,1,1.0,1.0,1.0,1.0,60.00
2025-07-01 00:03:59.715,0.40177268,0.07831463,0.43580645,0.50843644,0.35050374,-0.37600586,0.33477545,0.058311716,0.24800073,0.1090589,0.40511435,0.33085057,0.1547613,-0.14980723,0.06261337,0.3243219,-0.68701494,-0.44984123,-0.47565183,-0.23407997,813.5165,801.8315,800.2198,802.6374,736.9597,-0.45654296875,0.119140625,0.88299560546875,3.70849609375,-3.93280029296875,-0.6280517578125,315897.4358974359,8.116710622710623E7,3.2486666666666664E7,44.485058,1,1.0,1.0,1.0,1.0,60.00
2025-07-01 00:04:00.718,0.32339704,0.18796542,0.2643655,0.37641704,0.41698155,-0.114425585,0.3386401,0.30828968,0.3285868,0.1185331,0.41751826,0.41890022,0.09879136,-0.095162734,0.05449177,0.30902904,-0.45583516,-0.3635587,-0.33593547,-0.31378272,805.4579,797.8022,798.20514,807.0696,755.09155,-0.45977783203125,0.12200927734375,0.88018798828125,4.11224365234375,-3.96270751953125,-0.800018310546875,316703.2967032967,8.125252747252747E7,3.2482637362637363E7,44.477962,1,1.0,1.0,1.0,1.0,60.00
2025-07-01 00:04:01.721,0.7392542,0.12279641,0.62907386,0.5970634,0.43659323,-0.12867142,0.44329712,0.30095065,0.37636623,0.111936435,0.40443832,0.40517685,0.1006358,-0.08002013,0.14567117,0.1099323,-0.4034893,-0.29013714,-0.26898444,-0.24741872,812.71063,791.3553,793.7729,810.293,784.10254,-0.4603271484375,0.1220703125,0.87969970703125,3.910369873046875,-3.910369873046875,-0.418701171875,315897.4358974359,8.120175824175824E7,3.2477802197802197E7,44.477962,1,1.0,1.0,1.0,1.0,60.00
2025-07-01 00:04:02.723,0.91294193,0.27571678,0.7360432,0.661029,0.18327196,-0.19656184,-0.031463332,0.19640361,0.5689307,0.112358615,0.18808526,0.5452213,0.04498277,-0.035713993,0.0375975,0.2212249,-0.39366317,-0.27952242,-0.4058968,-0.29260024,816.337,798.20514,800.6227,806.6667,643.47986,-0.4583740234375,0.12322998046875,0.8807373046875,3.529052734375,-3.940277099609375,-0.91217041015625,316703.2967032967,8.104461538461538E7,3.244153846153846E7,44.887936,1,1.0,1.0,1.0,1.0,60.00
2025-07-01 00:04:03.724,0.64978933,0.2893258,0.70223606,0.122977026,0.18869454,-0.5292346,0.10035572,0.08406043,0.5205588,-0.0292597,0.068954535,0.43664443,-0.03194676,0.04088535,0.06744679,0.25631413,-0.45414016,-0.44009405,-0.41536313,-0.26090395,815.5311,801.02563,806.26373,811.0989,726.4835,-0.45721435546875,0.13128662109375,0.8797607421875,3.850555419921875,-4.17205810546875,-0.575714111328125,316703.2967032967,8.099384615384614E7,3.2419780219780218E7,45.15165,1,1.0,1.0,1.0,1.0,60.00
2025-07-01 00:04:04.727,0.6091995,-0.018264227,0.6117547,0.3263794,-0.18138818,-0.3884993,0.010357248,-0.12646456,0.24405193,-0.025098765,0.60316336,0.44482106,-0.028331133,0.027549904,-0.19422114,0.1207919,-0.4386146,-0.38797146,-0.47823745,-0.21537557,801.02563,794.57874,806.6667,789.34064,856.63007,-0.45556640625,0.13165283203125,0.88092041015625,3.611297607421875,-4.344024658203125,-1.03179931640625,316703.2967032967,8.096080586080585E7,3.2398021978021976E7,45.46735,1,1.0,1.0,1.0,1.0,60.00
2025-07-01 00:04:05.728,0.45142367,-0.016222464,0.46231422,0.5001831,-0.25570992,-0.16619053,0.05945848,-0.26476318,0.20975918,0.0070548933,0.6257115,0.4589682,0.10011977,-0.03823924,-0.19785786,0.24317585,-0.32041702,-0.41898805,-0.36539775,-0.15154392,793.7729,804.2491,798.20514,784.10254,755.4945,-0.45367431640625,0.135986328125,0.8819580078125,3.970184326171875,-4.373931884765625,-0.5682373046875,316703.2967032967,8.123076923076923E7,3.2453626373626374E7,46.115467,1,1.0,1.0,1.0,1.0,60.00
2025-07-01 00:04:06.735,0.692732,0.050808515,0.40132004,0.55460435,-0.27255002,-0.20335169,0.063009605,0.12682347,0.35725948,-0.05282816,0.27338287,0.59128034,0.18989483,-0.07877928,-0.09609763,0.21855837,-0.30659705,-0.5232761,-0.51779854,-0.057761494,784.90845,797.3993,806.6667,796.1905,693.8461,-0.45220947265625,0.14215087890625,0.88165283203125,3.551483154296875,-3.828125,-0.59814453125,315897.4358974359,8.106959706959707E7,3.247135531135531E7,46.115467,1,1.0,1.0,1.0,1.0,60.00
2025-07-01 00:04:07.739,0.73767287,0.01258594,0.5530478,0.30781436,-0.015162094,-0.19949885,0.061357874,0.1889223,0.6643279,0.033724755,0.37289307,0.85537475,0.18367076,-0.22824427,0.111068666,0.2929232,-0.33965993,-0.41039762,-0.4850026,-0.07596159,780.4762,799.81683,796.99634,793.7729,711.978,-0.452880859375,0.148681640625,0.87872314453125,3.895416259765625,-4.239349365234375,-0.515899658203125,315897.4358974359,8.091648351648352E7,3.2476996336996336E7,46.115467,1,1.0,1.0,1.0,1.0,60.00
2025-07-01 00:04:08.740,0.6769245,-0.18587543,0.6897905,0.19838388,0.37524652,-0.5294178,-2.4413216E-4,0.008295324,0.6805014,0.08801858,0.32703504,0.6930784,-0.072594,-0.15170312,0.061587285,0.30674183,-0.46833932,-0.34317422,-0.6262674,-0.19393407,794.57874,798.20514,804.2491,795.38464,645.09155,-0.44921875,0.15301513671875,0.88140869140625,3.940277099609375,-4.2767333984375,0.0299072265625,315897.4358974359,8.116468864468864E7,3.2529377289377287E7,46.115467,1,1.0,1.0,1.0,1.0,60.00
2025-07-01 00:04:09.743,0.4944993,-0.012174993,0.34827527,0.36029008,0.31758466,-0.32849896,0.3434836,0.22035459,0.38165757,0.05452494,0.1738152,0.37196505,0.030738521,-0.12681355,-0.06669648,0.14165276,-0.427684,-0.2342313,-0.51718223,-0.15601368,794.9817,810.293,803.44324,800.2198,722.4542,-0.44140625,0.16400146484375,0.88055419921875,4.254302978515625,-3.985137939453125,0.351409912109375,315897.4358974359,8.114695970695971E7,3.2547912087912086E7,46.115467,1,1.0,1.0,1.0,1.0,60.00
2025-07-01 00:04:10.746,0.5341256,0.21631657,0.24896424,0.47579387,0.25880584,-0.14370175,0.31252035,0.4162737,0.47871616,0.24825796,0.20569769,0.3706221,0.16104506,0.07775273,0.0393873,0.13323535,-0.24536301,-0.15588054,-0.22869158,-0.04335784,774.43225,797.8022,794.9817,767.5824,799.011,-0.4212646484375,0.22576904296875,0.876220703125,7.110443115234375,-5.091705322265625,4.493560791015625,316703.2967032967,8.091084249084249E7,3.2550329670329668E7,45.941704,1,1.0,1.0,1.0,1.0,60.00
2025-07-01 00:04:11.748,0.8698737,0.406746,0.61532706,0.8102774,0.562425,0.0054726475,0.5077394,0.6228954,0.4682435,0.38264158,0.5691371,0.34880775,0.10335683,-0.03187223,0.06813583,0.2237505,-0.2955543,-0.24572863,-0.30477265,-0.10444953,778.86444,799.011,792.5641,782.8938,716.0073,-0.410400390625,0.2537841796875,0.87255859375,3.289794921875,-4.209442138671875,-1.18133544921875,315897.4358974359,8.08181684981685E7,3.2513260073260073E7,45.941704,1,1.0,1.0,1.0,1.0,60.00
2025-07-01 00:04:12.749,1.0110244,0.73519146,1.0565023,1.0061604,0.75864005,-0.19842412,0.586857,0.82441926,0.39777002,0.07431797,0.59442735,0.28757957,0.14668497,0.11812069,0.28263077,0.3673527,-0.42366165,-0.3124689,-0.40847343,-0.25859156,785.7143,801.02563,796.5934,792.96704,843.73627,-0.40924072265625,0.2529296875,0.87646484375,3.850555419921875,-4.059906005859375,-0.82244873046875,315897.4358974359,8.078915750915751E7,3.2523736263736263E7,45.941704,1,1.0,1.0,1.0,1.0,55.00
2025-07-01 00:04:13.753,0.82888967,0.424804,0.7487016,0.53439015,0.46048075,-0.14387785,0.07849759,0.34554258,0.56257284,0.034078266,0.50176525,0.73691505,0.43751264,0.0798173,0.21551396,0.5740212,-0.23588532,-0.35188875,-0.43407676,-0.04111373,813.91943,801.8315,799.011,811.50183,897.72894,-0.4073486328125,0.258056640625,0.8746337890625,3.6187744140625,-3.81317138671875,-0.695343017578125,315897.4358974359,8.11123076923077E7,3.2581758241758242E7,45.941704,1,1.0,1.0,1.0,1.0,55.00
2025-07-01 00:04:14.754,0.3149724,-0.011324057,0.36683616,0.22839254,0.1625433,-0.16935904,0.027224198,-0.08443691,0.21305765,0.13785863,0.31205183,0.6798142,0.32360044,0.06612541,0.1624137,0.4134619,-0.25059387,-0.30707234,-0.31916606,-0.18341714,806.26373,795.78754,797.8022,802.6374,756.30035,-0.40972900390625,0.2578125,0.8731689453125,3.925323486328125,-3.96270751953125,-0.7177734375,315897.4358974359,8.112278388278387E7,3.2616410256410256E7,45.941704,1,1.0,1.0,1.0,1.0,55.00
2025-07-01 00:04:15.756,0.07040414,-0.49756104,0.35263833,0.0558878,0.027032364,-0.10003025,0.20847179,-0.13640766,0.22946645,0.010027725,0.30964008,0.2918946,0.16918707,0.10913324,0.17644094,0.23343672,-0.3849712,-0.29606578,-0.37852058,-0.23477821,813.91943,800.2198,808.2784,814.3223,849.3773,-0.40899658203125,0.25421142578125,0.872802734375,3.81317138671875,-4.000091552734375,-0.657958984375,315897.4358974359,8.109377289377289E7,3.259062271062271E7,45.941704,1,1.0,1.0,1.0,1.0,55.00
2025-07-01 00:04:16.758,0.41148856,-0.1252884,0.42031288,0.38109052,0.09006335,-0.28544545,0.16070275,-0.0025801552,0.30379987,0.062830396,0.29214147,0.47089523,0.029541655,0.0036231275,0.07876258,0.13981661,-0.4299457,-0.28201997,-0.483118,-0.15511525,808.68134,799.41394,801.02563,806.6667,750.65936,-0.4090576171875,0.26092529296875,0.87359619140625,3.87298583984375,-3.5888671875,-1.009368896484375,315897.4358974359,8.117194139194138E7,3.255113553113553E7,45.941704,1,1.0,1.0,1.0,1.0,55.00
2025-07-01 00:04:17.759,0.20968209,-0.14046046,0.7356746,0.34361148,0.15665342,-0.33784154,0.30390626,0.13450328,0.30091515,0.07093717,0.20843917,0.48816323,0.08968822,0.037378915,-0.10317463,0.31683898,-0.35564542,-0.39585415,-0.4091931,-0.17586173,819.5604,808.2784,809.4872,815.9341,727.6923,-0.40679931640625,0.257568359375,0.87664794921875,4.0673828125,-3.850555419921875,-0.70281982421875,316703.2967032967,8.08923076923077E7,3.2466520146520145E7,45.941704,1,1.0,1.0,1.0,1.0,55.00
2025-07-01 00:04:18.760,0.11081994,-0.17010278,0.9390665,-0.14012967,0.040468298,-0.29002395,0.48732984,0.011974213,0.3171674,0.043836735,0.13176261,0.03469017,0.04379248,0.030515088,-0.12903988,0.21795097,-0.28769413,-0.4436157,-0.46113315,-0.19663575,818.7546,801.8315,808.68134,809.4872,739.3773,-0.409912109375,0.2593994140625,0.87188720703125,3.99261474609375,-4.0673828125,-0.321502685546875,316703.2967032967,8.04684249084249E7,3.2485860805860806E7,45.941704,1,1.0,1.0,1.0,1.0,55.00
2025-07-01 00:04:19.762,-0.0964677,-0.2868476,0.45979205,-0.07163837,-0.062756434,-0.15294752,0.46608007,-0.16350277,0.3536915,0.016807536,0.16192971,-0.03269534,0.041411128,0.06467948,0.0887825,0.033325963,-0.34357235,-0.42572692,-0.42075938,-0.2470775,796.1905,802.23444,790.9524,803.0403,734.94507,-0.4068603515625,0.2598876953125,0.8697509765625,3.790740966796875,-4.14215087890625,-0.9271240234375,316703.2967032967,8.067472527472527E7,3.258095238095238E7,45.941704,1,1.0,1.0,1.0,1.0,55.00
2025-07-01 00:04:20.764,0.13724303,-0.47476995,0.17729923,-0.08374586,-0.25599462,-0.37062666,0.1808707,-0.28315508,-0.00610586,-0.1364863,0.41875672,0.15286566,0.03245456,-0.056856193,0.1713447,-0.00683616,-0.41206753,-0.45371047,-0.36819103,-0.18903616,809.0842,805.05493,811.0989,797.8022,638.24176,-0.4090576171875,0.26092529296875,0.8756103515625,3.648681640625,-4.119720458984375,-0.76263427734375,316703.2967032967,8.049098901098901E7,3.2600293040293038E7,45.941704,1,1.0,1.0,1.0,1.0,55.00
2025-07-01 00:04:21.765,0.39551315,-0.48727393,0.33359694,0.19617407,-0.052453883,-0.44112042,0.14479224,0.066484,0.19589667,-0.13298051,0.40960872,0.46127665,0.040611934,-0.1646459,-0.0048101,0.10247777,-0.37372634,-0.48327768,-0.24415527,-0.36212283,801.02563,803.0403,806.6667,795.78754,724.87177,-0.4029541015625,0.264404296875,0.8724365234375,3.768310546875,-4.18701171875,-0.5682373046875,316703.2967032967,8.08778021978022E7,3.2717142857142854E7,45.941704,1,1.0,1.0,1.0,1.0,55.00
2025-07-01 00:04:22.766,0.28719774,-0.110843375,0.51843077,0.15138197,-0.19648865,-0.3520785,0.35501638,0.08602746,0.19327395,0.15590698,0.54486835,0.42662936,-0.1386934,-0.048743308,0.037470754,0.25072592,-0.29734462,-0.44014353,-0.36263078,-0.36086306,790.14655,796.1905,805.4579,791.3553,653.95605,-0.403564453125,0.26519775390625,0.87249755859375,4.015045166015625,-4.269256591796875,-0.70281982421875,315897.4358974359,8.069406593406594E7,3.2676849816849817E7,45.941704,1,1.0,1.0,1.0,1.0,60.00
2025-07-01 00:04:23.767,0.22133549,-0.3099035,0.43267375,-0.2518512,-0.0804797,-0.37868696,0.38650188,-0.2888066,0.10313522,0.15842165,0.47480243,0.33475545,0.03376089,-0.1011464,-0.058589056,0.30790392,-0.34588018,-0.3269432,-0.46158472,-0.21203576,798.60803,804.65204,801.02563,790.9524,688.20514,-0.40478515625,0.264404296875,0.880859375,4.0972900390625,-4.164581298828125,-0.3887939453125,316703.2967032967,8.080930402930403E7,3.2668791208791208E7,45.941704,1,1.0,1.0,1.0,1.0,60.00
2025-07-01 00:04:24.773,-0.021340841,-0.04446317,0.095821455,-0.06429845,0.025259765,-0.35195187,0.31424367,-0.037846304,0.5752898,0.08304816,0.4869262,0.5883714,0.14652617,0.08536838,0.15414055,0.26191947,-0.44538248,-0.20819037,-0.3865238,-0.19865176,804.65204,800.6227,803.44324,802.6374,707.5458,-0.40142822265625,0.26898193359375,0.87030029296875,4.015045166015625,-3.730926513671875,-0.904693603515625,316703.2967032967,8.093743589743589E7,3.2674432234432235E7,45.35375,1,1.0,1.0,1.0,1.0,60.00
2025-07-01 00:04:25.774,0.5356914,0.13814141,0.11862546,0.6116048,0.07033329,-0.28738865,0.16911432,0.16134019,0.55080736,0.10293524,0.4441396,0.58945084,0.22881968,0.10905851,0.10804235,0.22198819,-0.35976523,-0.2866261,-0.32326958,-0.18423176,778.46155,789.34064,792.96704,782.49084,747.8388,-0.4058837890625,0.27056884765625,0.8741455078125,3.775787353515625,-4.179534912109375,-0.46356201171875,315897.4358974359,8.065619047619048E7,3.2655091575091574E7,45.35375,1,1.0,1.0,1.0,1.0,60.00
2025-07-01 00:04:26.776,0.33729833,0.09447876,0.7311404,0.38364768,0.24074961,-0.21289033,0.04538209,0.43789262,0.122719266,0.04249823,0.48744148,0.14326857,0.07849894,-0.027600337,0.11095867,0.17385581,-0.41736063,-0.26417398,-0.3692898,-0.25299072,803.44324,800.2198,802.23444,810.696,684.17584,-0.40313720703125,0.27288818359375,0.87567138671875,3.96270751953125,-4.41131591796875,-0.396270751953125,315091.5750915751,8.074322344322345E7,3.268007326007326E7,45.35375,1,1.0,1.0,1.0,1.0,60.00
2025-07-01 00:04:27.778,0.13542685,-0.13199721,0.7486162,-0.013045567,0.17500454,-0.37494844,0.008583114,0.25881672,0.21845686,0.08407614,0.49645975,0.5406398,0.093723975,0.1335187,0.241249,0.18567735,-0.31927153,-0.1439139,-0.469682,-0.14124578,807.8755,803.8461,801.02563,805.4579,776.4469,-0.40283203125,0.2711181640625,0.8802490234375,4.11224365234375,-4.7552490234375,-0.49346923828125,316703.2967032967,8.116630036630036E7,3.276065934065934E7,45.35375,1,1.0,1.0,1.0,1.0,60.00
2025-07-01 00:04:28.782,0.43196967,-0.104437135,0.37083596,-0.2643814,0.029391002,-0.20709203,0.06971089,0.068881035,0.18825398,0.03904384,0.30587187,0.5559434,0.059127986,0.018463995,0.055973332,0.13564503,-0.30861706,-0.2652874,-0.35646155,-0.26595792,795.38464,803.8461,805.05493,804.2491,713.9927,-0.39617919921875,0.281982421875,0.87310791015625,3.775787353515625,-3.955230712890625,-0.3289794921875,316703.2967032967,8.091567765567765E7,3.2737289377289377E7,45.35375,1,1.0,1.0,1.0,1.0,60.00
2025-07-01 00:04:29.784,0.124316566,-0.33352315,-0.07979816,0.19011703,0.13512366,-0.15991211,-0.12475346,0.36750007,0.1942819,-0.10849146,0.34292316,0.40916356,0.030062549,-0.14353538,0.061652146,0.14703014,-0.24979012,-0.34504884,-0.47445586,-0.17283508,796.5934,800.6227,790.9524,780.87915,727.6923,-0.393310546875,0.281982421875,0.869873046875,3.775787353515625,-4.2767333984375,-0.31402587890625,316703.2967032967,8.08367032967033E7,3.2728424908424906E7,45.35375,1,1.0,1.0,1.0,1.0,60.00
2025-07-01 00:04:30.787,-0.05303546,-0.4081861,0.12389407,0.44844848,0.299606,-0.29381183,0.1849068,0.51460093,0.35719705,-0.16578734,0.3632885,0.5523844,-0.02658251,0.05646875,0.14812492,0.31126943,-0.25966722,-0.309453,-0.37498757,-0.3096997,806.26373,794.9817,795.78754,824.3956,788.5348,-0.39581298828125,0.283935546875,0.867919921875,4.05242919921875,-4.0972900390625,-0.49346923828125,316703.2967032967,8.105589743589744E7,3.2712307692307692E7,45.35375,1,1.0,1.0,1.0,1.0,60.00
2025-07-01 00:04:31.794,-0.008729193,-0.13563307,0.20989098,0.61518484,0.22372839,-0.23552364,0.20564136,0.69634134,0.18182182,-0.016408574,0.39555833,0.56550765,0.124157816,0.040924955,0.026819972,0.26472867,-0.300795,-0.3741691,-0.4516083,-0.30432758,807.47253,796.99634,796.99634,808.2784,753.8828,-0.39227294921875,0.28741455078125,0.86993408203125,4.0673828125,-3.887939453125,-0.4486083984375,316703.2967032967,8.085523809523809E7,3.2647032967032965E7,45.35375,1,1.0,1.0,1.0,1.0,60.00
2025-07-01 00:04:32.797,0.17809755,-0.08905803,0.58333564,0.375829,0.28176895,-0.24410415,0.2336046,0.48300877,0.13082853,0.09666326,0.15254486,0.43409213,0.08586671,-0.14212908,0.099282086,0.1150463,-0.32080364,-0.36358288,-0.526486,-0.2829684,821.5751,802.23444,798.60803,813.5165,689.011,-0.38336181640625,0.3001708984375,0.868408203125,4.299163818359375,-4.4561767578125,0.37384033203125,316703.2967032967,8.072065934065934E7,3.263252747252747E7,45.35375,1,1.0,1.0,1.0,1.0,55.00
2025-07-01 00:04:33.800,0.762047,-0.273295,0.49337873,0.40358752,0.4870075,-0.5866854,-0.003953696,0.2757436,0.41125077,0.06594529,0.21655379,0.48563084,-0.02682428,-0.12063012,0.109866135,0.11213905,-0.37689322,-0.35117018,-0.41383615,-0.17257744,795.78754,797.3993,801.8315,799.81683,1043.5897,-0.37701416015625,0.32354736328125,0.8663330078125,4.134674072265625,-3.8580322265625,-0.814971923828125,316703.2967032967,8.060139194139194E7,3.263010989010989E7,45.35375,1,1.0,1.0,1.0,1.0,55.00
2025-07-01 00:04:34.803,0.79472953,0.2336928,0.41369575,0.5959337,0.32187217,-0.30169433,0.08373903,0.26059577,0.5741091,0.35499182,0.43899927,0.5298293,0.15963578,0.044294562,0.1889848,0.21965225,-0.27929854,-0.31615672,-0.46966264,-0.26119626,792.5641,800.6227,809.89014,793.36993,811.50183,-0.3685302734375,0.32623291015625,0.8682861328125,3.90289306640625,-3.70849609375,-0.64300537109375,316703.2967032967,8.095194139194138E7,3.267120879120879E7,45.35375,1,1.0,1.0,1.0,1.0,55.00
2025-07-01 00:04:35.804,0.1592966,-0.048391663,0.71500415,0.309336,0.13394971,-0.23270549,-0.049852237,0.21096502,0.49192148,0.5094644,0.46118957,0.59601,0.1401459,-0.01879981,0.11263018,0.12934817,-0.33239892,-0.45480412,-0.30248514,-0.19168256,792.1612,802.6374,799.41394,791.75824,615.6777,-0.3719482421875,0.32476806640625,0.866455078125,4.029998779296875,-3.96270751953125,-0.785064697265625,315897.4358974359,8.070695970695971E7,3.2639780219780218E7,45.35375,1,1.0,1.0,1.0,1.0,55.00
2025-07-01 00:04:36.806,0.17640127,-0.30828544,0.7238366,0.3363059,0.25187358,-0.22130407,0.23251571,0.33456567,0.2550692,0.2727404,0.3076159,0.67579055,0.3413118,0.05025968,0.007566696,0.28147006,-0.35050532,-0.4161474,-0.28290007,-0.16915196,801.02563,802.23444,794.9817,799.41394,783.69965,-0.3707275390625,0.32196044921875,0.8675537109375,3.90289306640625,-4.29168701171875,-0.785064697265625,316703.2967032967,8.062153846153846E7,3.2628498168498166E7,45.14223,1,1.0,1.0,1.0,1.0,55.00
2025-07-01 00:04:37.808,0.23675138,-0.10237795,0.5886416,0.24630162,0.31216496,-0.23834018,0.36072758,0.1832539,0.2579269,-0.16612567,0.46841067,0.63776594,0.1318341,0.006444108,-0.12247706,0.15991953,-0.22922187,-0.44723073,-0.33984748,-0.27544114,786.1172,796.99634,805.4579,781.28204,770.80585,-0.37213134765625,0.3258056640625,0.8626708984375,4.007568359375,-3.9776611328125,-1.016845703125,316703.2967032967,8.054901098901099E7,3.259062271062271E7,45.14223,1,1.0,1.0,1.0,1.0,55.00
2025-07-01 00:04:38.809,0.20505993,-0.35150757,0.64682347,0.48879147,-0.058210067,-0.63537323,0.22770903,0.22050661,0.15674233,-0.014876668,0.4679933,0.30522263,0.11070654,0.0541122,-0.043908883,0.21529011,-0.2296,-0.42056578,-0.3538592,-0.2338489,798.60803,808.2784,806.26373,789.7436,644.68866,-0.36761474609375,0.326171875,0.86688232421875,3.865509033203125,-4.32159423828125,-0.6280517578125,316703.2967032967,8.070615384615384E7,3.2594652014652014E7,45.14223,1,1.0,1.0,1.0,1.0,55.00
2025-07-01 00:04:39.810,0.36161026,-0.49332255,0.7837892,0.29733086,0.013045566,-0.283596,0.45057797,0.21496436,0.2382842,0.048546832,0.17945087,0.32815123,0.031905245,0.12699677,0.14598893,0.21494216,-0.32195798,-0.3017371,-0.48330498,-0.21996316,799.41394,803.0403,799.011,796.99634,617.6923,-0.3585205078125,0.33251953125,0.86431884765625,3.75335693359375,-4.77020263671875,0.3887939453125,315897.4358974359,8.052886446886447E7,3.2546300366300367E7,45.14223,1,1.0,1.0,1.0,1.0,55.00
2025-07-01 00:04:40.812,0.18023059,-0.15002021,0.42149648,0.2095394,0.3662236,-0.25481433,0.31367156,0.3496364,0.43806878,0.09508577,0.41262287,0.18103167,0.030827595,-0.12848827,0.062454127,0.049874514,-0.21003596,-0.31117544,-0.44330886,-0.19737436,799.81683,802.23444,790.14655,792.5641,708.7546,-0.35845947265625,0.335205078125,0.86578369140625,4.23187255859375,-4.1571044921875,-0.695343017578125,316703.2967032967,8.049904761904761E7,3.250761904761905E7,45.14223,1,1.0,1.0,1.0,1.0,55.00
2025-07-01 00:04:41.814,0.4995197,0.1530804,0.7970659,0.3165587,0.2701331,-0.2710182,0.50039923,0.32426676,0.3550616,0.27355796,0.48238143,0.36684856,0.08339214,-0.015899053,0.10178022,0.12413954,-0.3036727,-0.39856058,-0.30592793,-0.19419909,794.57874,798.60803,801.8315,788.5348,603.1868,-0.35162353515625,0.33758544921875,0.8707275390625,4.403839111328125,-3.760833740234375,-0.2392578125,316703.2967032967,8.06021978021978E7,3.251084249084249E7,45.14223,1,1.0,1.0,1.0,1.0,55.00
2025-07-01 00:04:42.816,0.37228766,-0.04189644,0.64553803,0.1891664,0.13272887,-0.1923809,0.34857538,0.26656422,0.3419598,0.23936932,0.42795447,0.42217907,0.04432162,-0.124653384,0.08910938,0.23540603,-0.34578305,-0.34140623,-0.4687709,-0.09341527,782.8938,798.60803,801.4286,788.1319,695.4579,-0.34417724609375,0.35723876953125,0.8648681640625,4.149627685546875,-4.403839111328125,0.142059326171875,317509.1575091575,8.048051282051282E7,3.2504395604395602E7,45.15361,1,1.0,1.0,1.0,1.0,55.00
2025-07-01 00:04:43.818,0.6111499,0.15892401,0.66214186,0.49213693,0.20219606,-0.20847483,0.2910265,0.2170424,0.5435527,0.16996276,0.5222338,0.2917031,0.066649266,-0.100959755,0.023294505,0.18027599,-0.27105173,-0.2891261,-0.38872042,-0.14660524,807.0696,808.2784,796.5934,799.81683,720.0366,-0.35455322265625,0.34503173828125,0.864990234375,3.03558349609375,-3.416900634765625,-1.712188720703125,316703.2967032967,8.0363663003663E7,3.248021978021978E7,45.15361,1,1.0,1.0,1.0,1.0,55.00
2025-07-01 00:04:44.827,0.52857476,0.069447584,0.94956404,0.7372077,0.25662857,-0.27434054,0.3169945,0.2866453,0.5083536,0.12151446,0.642856,0.23781173,0.1290634,-0.008397011,0.020897567,0.37926722,-0.22686248,-0.32114613,-0.38358912,-0.28412414,794.57874,806.6667,805.05493,795.78754,617.6923,-0.35894775390625,0.33984375,0.86761474609375,3.775787353515625,-4.269256591796875,-0.58319091796875,316703.2967032967,8.034593406593406E7,3.246007326007326E7,45.15361,1,1.0,1.0,1.0,1.0,55.00
2025-07-01 00:04:45.838,-0.0015922184,-0.38800505,0.5289966,0.07478442,0.15373532,-0.63492984,0.19518395,0.23763523,0.22923285,-0.12698136,0.34814295,0.3013374,-0.10016139,0.04628266,0.0060511436,0.22357818,-0.24363711,-0.43195096,-0.4445884,-0.21415238,817.5458,802.23444,798.20514,808.2784,782.0879,-0.35369873046875,0.34246826171875,0.8660888671875,3.78326416015625,-3.768310546875,-0.904693603515625,316703.2967032967,8.071985347985348E7,3.2516483516483516E7,45.15361,1,1.0,1.0,1.0,1.0,55.00
2025-07-01 00:04:46.840,0.37899083,-0.13860641,0.598171,0.10733241,-0.010700285,-0.33829495,0.21122523,0.04726487,0.2475241,0.18340914,0.1667599,0.41153213,0.02839645,-0.035511605,0.070963316,0.07736126,-0.31537354,-0.43791738,-0.3667998,-0.16607098,800.6227,788.93774,789.34064,808.68134,984.35895,-0.35791015625,0.3358154296875,0.867919921875,3.7982177734375,-3.93280029296875,-1.07666015625,316703.2967032967,8.064168498168498E7,3.249150183150183E7,45.15361,1,1.0,1.0,1.0,1.0,55.00
2025-07-01 00:04:47.847,0.5521015,-0.18500392,0.5444291,0.36611706,-0.16524577,-0.26381883,0.12821518,0.022107447,0.26623604,0.20122932,0.21106583,0.3983991,0.09187914,-0.11181454,-0.1296487,0.10559645,-0.3498138,-0.4752888,-0.41468692,-0.26056525,803.44324,793.7729,790.14655,809.89014,770.80585,-0.35491943359375,0.3397216796875,0.86822509765625,3.820648193359375,-4.119720458984375,-0.478515625,316703.2967032967,8.051838827838828E7,3.2455238095238093E7,45.036396,1,1.0,1.0,1.0,1.0,55.00
2025-07-01 00:04:48.849,0.44963828,-0.18319196,0.60765326,0.31132093,0.031300344,-0.25101456,-0.11446912,-0.06948755,-0.05498659,-0.07858608,0.18942304,0.102837585,-0.0018344021,-0.15747084,0.0861112,0.22831725,-0.38503852,-0.38593775,-0.35324275,-0.28001064,813.1135,798.20514,795.38464,809.89014,739.3773,-0.35369873046875,0.34527587890625,0.864013671875,3.880462646484375,-3.925323486328125,-0.590667724609375,315897.4358974359,8.066344322344323E7,3.2459267399267398E7,45.036396,1,1.0,1.0,1.0,1.0,55.00
2025-07-01 00:04:49.852,0.05530221,-0.1598823,0.40474442,0.1379811,-0.018790748,-0.406698,0.061288454,-0.029305285,0.31273443,-0.22374459,0.42099005,0.25672486,-0.19678795,-0.054178875,0.01783942,0.22667114,-0.3446175,-0.38700974,-0.30327,-0.2417861,809.0842,797.8022,797.3993,817.5458,724.87177,-0.3515625,0.346923828125,0.8658447265625,3.87298583984375,-3.93280029296875,-0.35888671875,317509.1575091575,8.067069597069597E7,3.2466520146520145E7,45.036396,1,1.0,1.0,1.0,1.0,55.00
2025-07-01 00:04:50.855,0.07492848,-0.56400293,0.32999945,0.4013525,0.12464412,-0.31956828,-0.1424512,-0.0024933582,0.46073678,0.14550239,0.53480405,0.2992572,0.031470213,-0.055254865,0.04655604,0.29968098,-0.25707772,-0.2901104,-0.4055754,-0.23863211,807.0696,805.8608,791.3553,809.89014,693.8461,-0.35528564453125,0.343017578125,0.8695068359375,3.820648193359375,-4.269256591796875,-0.844879150390625,316703.2967032967,8.047003663003662E7,3.2448791208791208E7,45.036396,1,1.0,1.0,1.0,1.0,55.00
2025-07-01 00:04:51.857,0.23375593,-0.11606924,0.42731503,0.40078288,0.18129455,-0.26931947,-0.09659059,0.22427574,0.46802998,0.14693967,0.48192698,0.35357836,0.1782281,-0.024953624,0.06847621,0.34034887,-0.19429994,-0.34269106,-0.22016296,-0.19565834,802.6374,801.8315,805.4579,804.2491,749.85345,-0.350830078125,0.34759521484375,0.86590576171875,3.955230712890625,-4.3365478515625,-0.59814453125,316703.2967032967,8.03821978021978E7,3.2463296703296702E7,45.036396,1,1.0,1.0,1.0,1.0,55.00
2025-07-01 00:04:52.861,0.06311273,0.037019014,0.19659956,0.134625,0.3129809,-0.22057761,-0.11512325,0.23556897,0.3689821,0.20047641,0.15801586,0.29781106,0.052711472,0.21881017,0.12717946,0.26188266,-0.36317322,-0.37931597,-0.43336222,-0.18687624,797.3993,805.05493,793.7729,798.60803,662.8205,-0.349365234375,0.3466796875,0.866455078125,3.730926513671875,-4.493560791015625,-0.8074951171875,315897.4358974359,8.069245421245421E7,3.2538241758241758E7,45.036396,1,1.0,1.0,1.0,1.0,55.00
2025-07-01 00:04:53.863,0.15398446,0.090347044,0.6557938,0.14001821,0.23853464,-0.17530482,-0.13026068,0.10764989,0.4273177,0.02930631,0.1541091,0.10008577,0.12368623,0.14798287,0.06375772,0.23220722,-0.3382301,-0.28997925,-0.36938745,-0.117585115,802.6374,800.6227,807.47253,794.57874,700.293,-0.3516845703125,0.3466796875,0.8677978515625,3.54400634765625,-4.000091552734375,-0.79254150390625,315897.4358974359,8.071501831501831E7,3.2567252747252747E7,44.980255,1,1.0,1.0,1.0,1.0,55.00
2025-07-01 00:04:54.866,0.12628657,-0.033877634,0.678781,0.10188256,0.11713826,-0.33818445,0.09806571,0.06475044,0.5436387,0.06437356,0.24342166,0.28528512,0.06343112,0.030444613,0.03777015,0.14189759,-0.35531583,-0.21906923,-0.35995412,-0.19027767,796.1905,803.44324,801.02563,799.011,603.5897,-0.3486328125,0.3431396484375,0.8658447265625,3.87298583984375,-3.87298583984375,-0.478515625,316703.2967032967,8.065296703296703E7,3.2571282051282052E7,44.980255,1,1.0,1.0,1.0,1.0,55.00
2025-07-01 00:04:55.868,0.44486555,-0.12165717,0.21639492,-0.043290854,0.10675554,-0.3579043,-0.012050093,-0.18641418,0.2239668,0.047487203,0.286863,0.3919814,0.0795168,-0.00816693,0.16591337,0.13005382,-0.41351178,-0.38389713,-0.36818013,-0.18108451,780.07324,790.54944,799.011,779.2674,755.4945,-0.3460693359375,0.35125732421875,0.864501953125,3.6187744140625,-3.96270751953125,-0.814971923828125,316703.2967032967,8.079157509157509E7,3.2596263736263737E7,44.980255,1,1.0,1.0,1.0,1.0,55.00
2025-07-01 00:04:56.868,0.41934162,-0.06727158,0.44250453,0.23175809,0.45282793,-0.39255106,0.28541735,0.27926177,0.41193104,-0.29194707,0.34286883,0.30378667,0.059537236,0.029020062,0.14089566,0.21057177,-0.34178853,-0.46567026,-0.44453335,-0.18297064,778.86444,797.3993,792.96704,784.5055,753.47986,-0.34637451171875,0.3516845703125,0.86383056640625,3.715972900390625,-3.656158447265625,-0.785064697265625,316703.2967032967,8.078673992673993E7,3.258901098901099E7,44.980255,1,1.0,1.0,1.0,1.0,55.00
2025-07-01 00:04:57.871,0.6255149,-0.07650533,0.2619562,0.4499868,0.4720275,-0.1692227,0.35984045,0.45875838,0.48824185,-0.110842556,0.16990243,0.3207611,-0.06839709,0.053242333,-0.073458746,0.23077126,-0.17999393,-0.21309836,-0.42833877,-0.20809758,790.54944,799.41394,809.0842,792.1612,523.00366,-0.348876953125,0.3531494140625,0.86712646484375,3.9776611328125,-4.246826171875,-0.515899658203125,315897.4358974359,8.067311355311355E7,3.2538241758241758E7,44.980255,1,1.0,1.0,1.0,1.0,55.00
2025-07-01 00:04:58.873,0.54920906,-0.012335595,0.2968397,0.25983772,0.0064932755,-0.23358437,-0.027612213,0.20986302,0.3008797,-0.031614687,0.33948958,0.072879,0.025011282,0.08759317,-0.03418992,0.075478576,-0.28535178,-0.34796593,-0.44479248,-0.28377333,788.1319,801.02563,798.20514,788.93774,727.6923,-0.34686279296875,0.351806640625,0.86285400390625,4.194488525390625,-3.985137939453125,-0.859832763671875,316703.2967032967,8.071260073260073E7,3.2543076923076924E7,44.980255,1,1.0,1.0,1.0,1.0,55.00
2025-07-01 00:04:59.877,0.51087964,-0.14507489,0.46054703,0.33467448,0.2694528,-0.031270232,-0.024844995,0.22738636,0.23473959,-0.036962986,0.54716974,0.22136964,0.013474447,0.014408434,-0.07063857,0.09379104,-0.32371,-0.4285443,-0.40048546,-0.12026566,809.4872,807.8755,811.9048,813.5165,660.80585,-0.341064453125,0.35504150390625,0.87237548828125,3.828125,-3.33465576171875,-1.218719482421875,316703.2967032967,8.098175824175824E7,3.2603516483516484E7,44.980255,1,1.0,1.0,1.0,1.0,55.00
2025-07-01 00:05:00.885,0.6182462,-0.14877447,0.6601511,0.3945259,0.5465295,0.08926723,-0.026443586,0.3695128,0.36006895,0.18111408,0.47403574,0.35983878,-0.045757987,0.1349957,-0.0017874589,0.0945968,-0.112224475,-0.3942657,-0.38660842,-0.15149826,796.5934,803.44324,800.6227,795.38464,659.59705,-0.34478759765625,0.35479736328125,0.8634033203125,4.493560791015625,-4.284210205078125,-0.261688232421875,316703.2967032967,8.089875457875457E7,3.2534212454212453E7,44.980255,1,1.0,1.0,1.0,1.0,55.00
2025-07-01 00:05:01.887,0.5295366,-0.30892572,0.54582405,0.316338,0.33322906,-0.14215045,0.10087894,0.015108188,0.33508143,0.16130263,0.053079646,0.36912638,-0.0017837897,0.072398126,0.12929562,0.13896233,-0.14723693,-0.40050036,-0.3891422,-0.16179393,804.65204,804.65204,805.8608,800.6227,784.10254,-0.34368896484375,0.3583984375,0.8638916015625,3.745880126953125,-4.119720458984375,-0.844879150390625,316703.2967032967,8.058205128205128E7,3.242058608058608E7,44.980255,1,1.0,1.0,1.0,1.0,55.00
2025-07-01 00:05:02.889,0.45049554,-0.19559512,0.32544094,0.3495952,0.06671702,-0.34030712,0.0027865495,0.15802722,0.39880648,0.038320463,0.3367266,0.30752787,0.06858984,0.04148328,-0.015482543,0.27927503,-0.22345568,-0.35580435,-0.40366113,-0.20191237,807.8755,807.47253,804.65204,821.1722,738.5714,-0.3458251953125,0.3604736328125,0.86297607421875,3.955230712890625,-4.08233642578125,-0.919647216796875,315897.4358974359,8.053208791208792E7,3.23996336996337E7,44.980255,1,1.0,1.0,1.0,1.0,55.00
2025-07-01 00:05:03.892,0.27812994,-0.11661164,0.5827739,0.30540058,0.122599855,-0.3354731,0.24196006,0.262636,0.5293902,0.16362613,0.40501198,0.2876193,0.063862495,0.025854083,0.116691776,0.29239562,-0.23457526,-0.315214,-0.39758897,-0.21290554,807.47253,795.78754,795.38464,813.5165,792.96704,-0.34625244140625,0.35382080078125,0.86407470703125,3.940277099609375,-4.000091552734375,-0.530853271484375,315897.4358974359,8.079721611721611E7,3.2485054945054945E7,44.980255,1,1.0,1.0,1.0,1.0,55.00
2025-07-01 00:05:04.898,0.35734737,-0.68014324,0.4327174,0.36009923,0.17497316,-0.29627657,0.3960154,0.35338494,0.48235002,0.22852713,0.2439805,0.26339042,0.15906665,-0.10213806,0.17893976,0.21422379,-0.32361886,-0.3534498,-0.30883837,-0.16906123,799.81683,796.99634,783.2967,806.6667,824.7985,-0.34027099609375,0.3607177734375,0.862548828125,3.820648193359375,-4.134674072265625,-0.471038818359375,317509.1575091575,8.053772893772894E7,3.2505201465201464E7,44.736183,1,1.0,1.0,1.0,1.0,55.00
2025-07-01 00:05:05.899,0.62418973,-0.24243036,0.5756463,0.7092967,0.3287042,-0.05893563,0.47645128,0.408388,0.4496993,0.18973328,0.23885332,0.3448017,0.053089496,-0.1570451,0.06476127,0.18424803,-0.18279126,-0.38067216,-0.36193943,-0.096863605,811.50183,803.0403,792.96704,807.47253,757.1062,-0.34295654296875,0.36065673828125,0.86505126953125,3.805694580078125,-4.179534912109375,-0.755157470703125,316703.2967032967,8.05385347985348E7,3.2527765567765567E7,44.736183,1,1.0,1.0,1.0,1.0,55.00
2025-07-01 00:05:06.900,0.5308319,-0.29890755,0.32016286,0.80956966,0.20420563,-0.3844304,0.1650798,0.38257185,1.0254349,0.18158524,0.40850326,1.0593867,0.38275614,0.030016769,0.07197125,0.51656574,-0.12729211,-0.29116264,-0.41161555,-0.06414378,810.293,799.011,806.6667,805.4579,747.4359,-0.3399658203125,0.3602294921875,0.8634033203125,4.074859619140625,-3.45428466796875,-0.874786376953125,315897.4358974359,8.087941391941392E7,3.2576117216117214E7,44.736183,1,1.0,1.0,1.0,1.0,55.00
2025-07-01 00:05:07.903,0.38184315,0.08995085,0.7609452,0.52323717,0.29495952,-0.42634162,0.117953055,0.57671773,1.036315,0.25301722,0.52136904,1.2110982,0.45447305,0.04256029,-0.09476148,0.5673919,-0.15827797,-0.3176856,-0.40820095,-0.16748165,806.6667,797.8022,803.0403,795.38464,678.93774,-0.33648681640625,0.3658447265625,0.8614501953125,3.835601806640625,-4.2169189453125,-0.538330078125,315897.4358974359,8.071501831501831E7,3.2539853479853477E7,44.736183,1,1.0,1.0,1.0,1.0,55.00
2025-07-01 00:05:08.906,0.944379,0.4928121,0.6406493,0.9063878,0.3502619,-0.21433224,0.23616068,0.6596399,0.64179534,0.20040925,0.40152818,0.95662004,0.23187204,0.06669576,-0.035960626,0.4300024,-0.31900245,-0.30226284,-0.39986154,-0.06594481,800.6227,802.23444,799.81683,799.81683,687.3993,-0.335205078125,0.36517333984375,0.8656005859375,3.551483154296875,-4.044952392578125,-1.039276123046875,316703.2967032967,8.051435897435898E7,3.249069597069597E7,44.736183,1,1.0,1.0,1.0,1.0,55.00
2025-07-01 00:05:09.908,0.78452003,0.22050218,0.45198974,0.84353435,0.43574584,-0.005739272,0.05890095,0.5617004,0.7237034,0.1699765,0.43239817,0.8860056,0.19212665,0.066063955,0.029021967,0.46578828,-0.3962816,-0.30741286,-0.3106236,-0.123173974,808.68134,801.4286,818.3516,811.50183,735.7509,-0.33099365234375,0.37078857421875,0.86376953125,4.14215087890625,-4.08233642578125,-0.590667724609375,316703.2967032967,8.057882783882783E7,3.249069597069597E7,44.736183,1,1.0,1.0,1.0,1.0,55.00
2025-07-01 00:05:10.909,0.4722813,0.114157826,0.49135396,0.72770596,0.4629213,-0.18438122,0.04516099,0.58879834,0.93490446,0.15619315,0.40003583,0.89242756,0.412465,0.01669285,0.07047893,0.4912036,-0.37439847,-0.3075234,-0.37380826,-0.2621505,790.9524,804.2491,802.23444,795.38464,691.8315,-0.324462890625,0.38067626953125,0.86126708984375,4.0673828125,-4.119720458984375,-0.201873779296875,315897.4358974359,8.08076923076923E7,3.251003663003663E7,44.736183,1,1.0,1.0,1.0,1.0,55.00
2025-07-01 00:05:11.910,0.44241348,0.0944586,0.48146674,0.4898226,0.21280837,-0.6071278,0.25040483,0.48600385,0.7819913,-0.14008482,0.32083338,0.57550544,0.2748519,-0.057233185,-0.10289079,0.27599236,-0.38766602,-0.39723337,-0.46213198,-0.38893464,795.38464,799.81683,793.36993,784.5055,624.94507,-0.31561279296875,0.3875732421875,0.86505126953125,3.970184326171875,-3.925323486328125,-0.34393310546875,315897.4358974359,8.055304029304029E7,3.2469743589743588E7,44.703957,1,1.0,1.0,1.0,1.0,55.00
2025-07-01 00:05:12.911,0.34255198,-0.33361715,0.5091234,0.40451142,0.27712518,-0.24773298,0.21272722,0.24849974,0.76960176,0.13739587,0.351104,0.6367874,0.11431948,0.12928104,0.039322585,0.12804921,-0.18874076,-0.40288538,-0.39519817,-0.18187623,784.10254,790.54944,780.87915,782.0879,679.34064,-0.3140869140625,0.389404296875,0.85943603515625,4.02252197265625,-4.074859619140625,-0.83740234375,316703.2967032967,8.040234432234432E7,3.245040293040293E7,44.703957,1,1.0,1.0,1.0,1.0,55.00
2025-07-01 00:05:13.914,0.42585102,-0.19088034,0.931897,0.41016766,0.115557015,0.04838551,0.031134108,0.40970582,0.69039464,0.04876197,0.31643736,0.61997706,0.07921884,0.077688456,0.11129303,0.15003899,-0.17905436,-0.4644685,-0.435801,-0.100995295,780.4762,799.41394,788.5348,778.86444,670.07324,-0.3087158203125,0.400146484375,0.86309814453125,4.149627685546875,-4.104766845703125,0.25421142578125,316703.2967032967,8.051919413919413E7,3.247860805860806E7,44.703957,1,1.0,1.0,1.0,1.0,50.00
2025-07-01 00:05:14.923,0.5733432,-0.18568136,0.9004169,0.5928286,0.2976441,-0.11279415,-0.049130835,0.27532062,0.71599823,0.34585106,0.33052927,0.67692596,0.121439956,0.015992416,0.07877984,0.13791731,-0.2910297,-0.21326043,-0.30242553,-0.27580735,796.1905,799.41394,797.3993,804.2491,843.73627,-0.3013916015625,0.4049072265625,0.8603515625,4.209442138671875,-4.493560791015625,-0.231781005859375,315897.4358974359,8.061428571428572E7,3.250197802197802E7,44.703957,1,1.0,1.0,1.0,1.0,50.00
2025-07-01 00:05:15.924,0.36232117,-0.22602017,0.06045834,0.51691395,0.15516685,-0.15888238,-0.16043615,0.15187511,0.4686319,0.42363912,0.1607977,0.50981945,0.15182185,-0.043106057,0.09830274,0.20639992,-0.34134084,-0.26236427,-0.31379372,-0.14958872,802.6374,796.5934,809.4872,799.41394,727.6923,-0.2913818359375,0.4150390625,0.8572998046875,4.2767333984375,-4.493560791015625,-0.04486083984375,316703.2967032967,8.037736263736263E7,3.246007326007326E7,44.598682,1,1.0,1.0,1.0,1.0,50.00
2025-07-01 00:05:16.925,0.26074967,-0.41251895,0.29282916,0.3995011,0.30139658,-0.43226597,0.16944811,0.44485378,0.36229157,0.057785217,0.083138786,0.490707,0.13194898,-0.19218706,0.1268787,0.21564516,-0.31001955,-0.22380045,-0.19528285,-0.15538688,789.7436,797.3993,807.47253,787.72894,802.23444,-0.26910400390625,0.4361572265625,0.8514404296875,4.3365478515625,-4.373931884765625,0.61309814453125,316703.2967032967,8.02218315018315E7,3.2359340659340657E7,44.66396,1,1.0,1.0,1.0,1.0,50.00
2025-07-01 00:05:17.939,0.2623235,-0.3020002,0.5248943,0.39464,0.15164429,-0.35819614,0.39712733,0.09951754,0.38298067,0.105130166,0.31165767,0.3074725,0.18612686,-0.048784386,0.04733741,0.16466445,-0.30665025,-0.37942827,-0.33283097,-0.23431227,803.44324,798.20514,759.12085,834.4689,794.57874,-0.201416015625,0.48095703125,0.84613037109375,7.334747314453125,-6.2506103515625,5.630035400390625,316703.2967032967,8.021538461538461E7,3.2613186813186813E7,44.66396,1,1.0,1.0,1.0,1.0,50.00
2025-07-01 00:05:18.942,0.46234956,0.23483503,0.7218478,0.86506146,0.40104353,-0.24901105,0.24130248,0.43689188,0.462213,0.19435291,0.12511176,0.9002746,0.09584231,-0.02871214,0.055796664,0.3857151,-0.35137087,-0.4193118,-0.36610806,-0.19824304,812.71063,798.60803,813.91943,805.05493,620.9158,-0.18109130859375,0.49310302734375,0.84661865234375,2.75146484375,-3.00567626953125,-2.75146484375,316703.2967032967,8.033706959706959E7,3.3107985347985346E7,44.778473,1,1.0,1.0,1.0,1.0,50.00
2025-07-01 00:05:19.944,0.43251476,0.33123574,0.36254957,1.0469378,0.476236,-0.21581593,0.4846704,0.54442,0.801659,0.3677285,0.601709,0.92301935,0.3962258,0.03958646,0.09402572,0.4581385,-0.25646746,-0.45176777,-0.3845619,-0.029219322,795.78754,799.41394,816.7399,791.75824,824.7985,-0.21856689453125,0.46240234375,0.84857177734375,3.491668701171875,-3.820648193359375,-1.60003662109375,315897.4358974359,8.033626373626374E7,3.28210989010989E7,44.778473,1,1.0,1.0,1.0,1.0,50.00
2025-07-01 00:05:20.945,0.57985944,0.27027184,0.72435623,0.93429565,0.28568053,-0.17867045,0.6311855,0.38677356,0.83629394,0.1990662,0.76221526,0.9461718,0.31215352,0.029959263,0.18992415,0.38044345,-0.16302328,-0.3880908,-0.23807442,-0.13406539,817.5458,805.8608,802.23444,811.9048,786.9231,-0.2313232421875,0.4569091796875,0.85284423828125,3.72344970703125,-4.089813232421875,-0.46356201171875,316703.2967032967,8.033062271062271E7,3.2712307692307692E7,44.778473,1,1.0,1.0,1.0,1.0,50.00
2025-07-01 00:05:21.957,0.5311049,0.17792033,0.8352451,0.65122443,0.14896192,-0.020094182,0.71555007,0.06285992,0.5531703,0.006491081,0.68699473,0.5035771,0.2497522,-0.0710668,0.14954259,0.22087023,-0.17544705,-0.26355773,-0.28572163,-0.24312241,802.23444,796.99634,811.9048,809.89014,746.63007,-0.23260498046875,0.45611572265625,0.8538818359375,3.701019287109375,-4.179534912109375,-1.128997802734375,315897.4358974359,8.037897435897435E7,3.2679267399267398E7,44.778473,1,1.0,1.0,1.0,1.0,50.00
2025-07-01 00:05:22.959,0.34662473,-0.26400635,0.757175,0.26616204,0.07167035,-0.31833017,0.36007702,0.15179317,0.41628796,0.0052071996,0.3521097,0.40482897,0.28431696,-0.22084655,-0.119791344,0.119892955,-0.23852347,-0.2181659,-0.44352433,-0.14132574,806.26373,798.20514,797.8022,810.696,801.4286,-0.23773193359375,0.454345703125,0.85223388671875,3.4991455078125,-4.029998779296875,-0.5084228515625,316703.2967032967,8.022908424908425E7,3.2676849816849817E7,44.778473,1,1.0,1.0,1.0,1.0,50.00
2025-07-01 00:05:23.963,0.001921857,-0.5021521,0.7313238,0.2580906,-0.063579224,-0.26604286,0.25179988,0.16350684,0.18348762,-0.09048351,0.37317103,0.38258344,0.25402018,-0.12089905,-0.14497739,0.21152066,-0.23558584,-0.2420682,-0.4991999,-0.21812588,800.6227,799.81683,791.75824,796.1905,743.4066,-0.23626708984375,0.4515380859375,0.8492431640625,4.08233642578125,-4.17205810546875,-0.59814453125,316703.2967032967,8.050227106227106E7,3.270102564102564E7,44.778473,1,1.0,1.0,1.0,1.0,95.00
2025-07-01 00:05:24.964,-0.0026721682,-0.45919356,0.5441256,0.23769443,-0.14112139,-0.38742313,0.15820588,0.09826212,0.09525624,-0.1816892,0.3217483,0.41612536,0.27958784,-0.11180921,-0.020973435,0.16972944,-0.24977347,-0.3027904,-0.40791395,-0.23262592,788.5348,801.4286,801.8315,794.9817,724.0659,-0.231201171875,0.45513916015625,0.8509521484375,3.671112060546875,-3.8580322265625,-1.069183349609375,315897.4358974359,8.028227106227106E7,3.273003663003663E7,44.778473,1,1.0,1.0,1.0,1.0,95.00
2025-07-01 00:05:25.967,0.35864067,-0.13902764,0.44331214,0.33218315,0.39759052,-0.4179876,0.35136873,0.33500415,0.35479897,0.0015018863,0.4967774,0.50315094,0.328153,-0.019449987,-0.0030548968,0.097576536,-0.14429767,-0.34013948,-0.35391113,-0.12670101,799.81683,801.02563,796.5934,798.60803,729.707,-0.2371826171875,0.45294189453125,0.85296630859375,3.177642822265625,-3.372039794921875,-1.158905029296875,316703.2967032967,8.023391941391942E7,3.275904761904762E7,44.5553,1,1.0,1.0,1.0,1.0,95.00
2025-07-01 00:05:26.976,0.23755077,-0.11953221,0.55626744,0.25742722,0.41274476,-0.1938195,0.46156296,0.23705663,0.2602755,0.14277908,0.51933557,0.40780914,0.27563065,0.037573423,0.052236147,0.21129471,0.0033971576,-0.33093637,-0.4173771,-0.0943436,786.1172,796.5934,812.3077,781.685,613.663,-0.23052978515625,0.4539794921875,0.851806640625,3.87298583984375,-3.895416259765625,-0.61309814453125,316703.2967032967,8.005663003663003E7,3.2734065934065934E7,44.24588,1,1.0,1.0,1.0,1.0,95.00
2025-07-01 00:05:27.977,-0.040840723,-0.3307384,0.5733005,0.25490233,0.15888077,-0.5394377,0.2003489,0.19304965,0.33671895,-0.1388642,0.271307,0.24179302,0.11966293,-0.12095682,0.12241189,0.21889204,-0.18859485,-0.41714486,-0.47966528,-0.23248015,798.20514,799.011,796.99634,781.685,579.011,-0.2296142578125,0.45977783203125,0.8555908203125,3.9178466796875,-4.2169189453125,-0.538330078125,316703.2967032967,8.04789010989011E7,3.2841245421245422E7,44.24588,1,1.0,1.0,1.0,1.0,95.00
2025-07-01 00:05:28.978,-0.063039064,-0.44846517,0.64166,0.3710369,-0.07015437,-0.3782306,0.2826772,-0.05628729,0.28918874,-0.26397437,0.29384285,0.26759118,0.08931554,-0.07780235,0.0034122067,-0.022771992,-0.27138412,-0.33835074,-0.5225699,-0.22414024,800.2198,801.4286,789.7436,788.93774,724.4689,-0.222412109375,0.46319580078125,0.8505859375,3.013153076171875,-3.27484130859375,-1.248626708984375,315897.4358974359,8.040315018315019E7,3.28581684981685E7,44.24588,1,1.0,1.0,1.0,1.0,95.00
2025-07-01 00:05:29.979,0.5081471,-0.18308793,0.80745035,0.39773247,0.0041063484,-0.1720739,0.32707247,-0.042281274,0.39449462,0.06710409,0.35846478,0.44767585,0.15976053,0.06016237,-0.08626173,0.0652232,-0.2667579,-0.45457876,-0.38482538,-0.27106547,781.685,799.81683,802.6374,769.19415,651.53845,-0.22125244140625,0.46697998046875,0.85064697265625,3.880462646484375,-4.134674072265625,-0.8074951171875,315897.4358974359,8.033787545787546E7,3.277194139194139E7,44.24588,1,1.0,1.0,1.0,1.0,95.00
2025-07-01 00:05:30.982,0.22011168,-0.24826331,0.7496884,0.31110096,0.11953025,-0.19904633,-0.016363762,0.3185761,0.4936168,0.08260342,0.31184632,0.51274383,0.12510887,0.024775183,0.10008034,0.21018717,-0.17553133,-0.39314508,-0.38709942,-0.21462041,781.685,799.41394,795.38464,775.2381,603.9927,-0.2138671875,0.46539306640625,0.852783203125,4.1571044921875,-5.0244140625,-0.6878662109375,316703.2967032967,8.050065934065934E7,3.2844468864468865E7,44.24588,1,1.0,1.0,1.0,1.0,95.00
2025-07-01 00:05:31.991,0.22934154,-0.25957328,0.41945592,-0.05885652,0.09433471,-0.34156194,0.05987795,-0.08219264,0.27942234,0.06543727,0.21192575,0.09503307,0.04845252,-7.35544E-4,0.15541798,0.12870717,-0.22259359,-0.2779285,-0.33958957,-0.19707005,788.93774,804.65204,795.38464,789.34064,715.2015,-0.20159912109375,0.4744873046875,0.85064697265625,3.87298583984375,-3.99261474609375,-0.919647216796875,315897.4358974359,8.039509157509157E7,3.2898461538461536E7,44.24588,1,1.0,1.0,1.0,1.0,95.00
2025-07-01 00:05:32.993,0.19791603,-0.13024066,0.41247693,0.11863816,0.11729327,-0.29947224,0.19625205,0.07200476,0.34502167,-0.0042121587,0.40716535,0.24145582,0.023658874,-0.11174165,0.05763529,0.16990396,-0.3540882,-0.35967353,-0.3856832,-0.33644715,777.6557,797.8022,809.0842,774.83514,656.77655,-0.2078857421875,0.47735595703125,0.85089111328125,4.1571044921875,-4.53094482421875,-0.4486083984375,316703.2967032967,8.024923076923077E7,3.2854139194139194E7,44.24588,1,1.0,1.0,1.0,1.0,95.00
2025-07-01 00:05:33.996,0.55805564,-0.10153886,0.6704041,0.6984605,0.23269221,-0.25045902,0.34087753,0.117824994,0.33499214,0.012179734,0.36267716,0.37951332,0.06113252,-0.026602585,-0.2051027,0.1340806,-0.1879717,-0.45571727,-0.34076974,-0.43257868,787.326,807.47253,790.54944,773.22345,653.95605,-0.20159912109375,0.47296142578125,0.8511962890625,4.246826171875,-3.887939453125,-0.575714111328125,316703.2967032967,8.04007326007326E7,3.288234432234432E7,44.24588,1,1.0,1.0,1.0,1.0,95.00
2025-07-01 00:05:34.997,0.49950796,-0.3576629,0.51583916,0.79181516,0.15096559,-0.20835383,0.038938973,0.18374893,0.53756756,0.06462146,0.36057055,0.42450798,0.12149699,0.06793848,-0.07043483,0.22000678,-0.23108807,-0.44655702,-0.4383269,-0.28273365,790.14655,794.57874,801.02563,795.78754,802.6374,-0.1917724609375,0.481201171875,0.85015869140625,4.35150146484375,-4.71038818359375,-0.34393310546875,316703.2967032967,8.069245421245421E7,3.30410989010989E7,44.24588,1,1.0,1.0,1.0,1.0,60.00
2025-07-01 00:05:35.999,0.4739567,-0.22960049,0.5185187,0.7708828,0.3391273,-0.46665317,0.24742667,0.38781017,0.5753319,0.053873718,0.39685252,0.397197,0.11355059,0.0021817675,0.15950122,0.23186061,-0.37078252,-0.42731705,-0.40521026,-0.3450156,809.0842,801.4286,793.36993,796.5934,875.56775,-0.19061279296875,0.488525390625,0.846923828125,4.314117431640625,-4.47113037109375,-0.01495361328125,316703.2967032967,8.054739926739927E7,3.31007326007326E7,44.24588,1,1.0,1.0,1.0,1.0,60.00
2025-07-01 00:05:37.000,0.3576111,0.037883636,0.9019209,0.63581747,0.49477163,-0.52969706,0.54548967,0.4606704,0.4021277,-0.07703957,0.389944,0.3107849,0.03215345,-0.085992634,0.28317022,0.1111411,-0.35852545,-0.18431862,-0.22885874,-0.22246523,783.69965,797.8022,808.68134,792.1612,717.619,-0.184814453125,0.49517822265625,0.84375,3.850555419921875,-4.2169189453125,-0.2691650390625,316703.2967032967,8.03104761904762E7,3.2916190476190474E7,44.24588,1,1.0,1.0,1.0,1.0,60.00
2025-07-01 00:05:38.003,0.6177546,0.13117473,0.6305999,0.513029,0.58125836,-0.20270894,0.216701,0.54207855,0.25012642,-0.2265091,0.5278477,0.31286788,-0.021963792,-0.07220308,0.05797226,0.06940305,-0.27334768,-0.2012787,-0.25284684,-0.26529813,797.3993,799.41394,788.93774,803.44324,792.96704,-0.17706298828125,0.49713134765625,0.842041015625,4.14215087890625,-4.83001708984375,-0.73272705078125,315897.4358974359,8.026051282051282E7,3.3067692307692308E7,44.24588,1,1.0,1.0,1.0,1.0,60.00
2025-07-01 00:05:39.006,0.69129825,0.09653638,0.9422815,0.6212303,0.28411916,-0.11143347,0.40346992,0.4331692,0.26469833,0.16365242,0.4687189,0.48751977,0.1759091,0.042439986,0.19408499,0.17340903,-0.21349607,-0.27270573,-0.3194992,-0.19472964,812.71063,807.0696,795.38464,799.81683,796.5934,-0.1771240234375,0.49859619140625,0.8388671875,2.938385009765625,-4.029998779296875,-0.83740234375,316703.2967032967,8.056915750915751E7,3.3212747252747253E7,44.24588,1,1.0,1.0,1.0,1.0,60.00
2025-07-01 00:05:40.008,0.62167805,0.083245456,0.94792205,0.5785523,0.3659979,-0.32819638,0.51828635,0.4810195,0.78153396,0.03441442,0.5146446,0.71882015,0.24957043,-0.035388418,0.20639184,0.3719441,-0.15554257,-0.28375742,-0.3176517,-0.1363054,801.4286,807.47253,789.7436,792.1612,790.9524,-0.184814453125,0.48992919921875,0.84576416015625,3.30474853515625,-3.686065673828125,-1.33087158203125,316703.2967032967,8.054095238095237E7,3.3154725274725273E7,44.24588,1,1.0,1.0,1.0,1.0,60.00
2025-07-01 00:05:41.011,0.7398384,0.3759128,0.4160721,0.88839495,0.27779096,-0.1956729,0.26918212,0.52702683,0.8917525,-0.026246646,0.495479,0.72966594,0.22885501,-0.10827594,-0.02060707,0.34472078,-0.22795673,-0.21981177,-0.4105116,-0.12580678,800.2198,793.7729,847.76556,814.7253,824.7985,-0.19000244140625,0.48577880859375,0.84576416015625,3.5589599609375,-4.0673828125,-1.173858642578125,316703.2967032967,8.03967032967033E7,3.308864468864469E7,44.24588,1,1.0,1.0,1.0,1.0,60.00
2025-07-01 00:05:42.012,0.498346,-0.025119094,0.744874,0.83660144,-0.19908182,-0.46168226,0.16577785,0.049356278,0.7151063,0.18113531,0.4860209,0.602366,0.47562158,0.06352742,0.09460154,0.3385477,-0.05891317,-0.3308169,-0.42278036,-0.22974104,799.81683,799.011,809.4872,811.0989,798.20514,-0.2034912109375,0.47552490234375,0.84552001953125,3.820648193359375,-4.59075927734375,-0.814971923828125,316703.2967032967,8.04603663003663E7,3.3028205128205128E7,44.33127,1,1.0,1.0,1.0,1.0,60.00
2025-07-01 00:05:43.015,0.28672683,-0.084014125,0.48384255,0.45741528,0.059299655,-0.85543495,0.1685791,0.30839387,0.72050565,0.17508231,0.33081123,0.64769405,0.5480168,-0.041044675,0.15511888,0.50367206,-0.056432124,-0.29364735,-0.1818152,-0.13228895,805.4579,798.60803,805.8608,821.978,651.9414,-0.21136474609375,0.46807861328125,0.85260009765625,3.6187744140625,-3.985137939453125,-0.91217041015625,316703.2967032967,8.065054945054945E7,3.3069304029304028E7,44.396553,1,1.0,1.0,1.0,1.0,60.00
2025-07-01 00:05:44.016,0.37038124,0.09681238,0.3943729,0.56963205,0.0985932,-0.51390845,-0.012413571,0.3857653,0.79246175,0.39140376,0.46282372,0.76056933,0.37022138,0.057038195,0.098590344,0.54384136,-0.12536618,-0.3926683,-0.30641952,-0.17197281,805.05493,799.41394,790.9524,805.05493,775.2381,-0.21282958984375,0.46484375,0.8570556640625,3.5589599609375,-4.14215087890625,-0.889739990234375,316703.2967032967,8.099868131868131E7,3.307897435897436E7,45.04187,1,1.0,1.0,1.0,1.0,60.00
2025-07-01 00:05:45.018,0.33233762,-0.08243766,0.37673903,0.60115105,0.3953565,-0.26541153,-0.15756853,0.3523804,0.74113196,0.34861004,0.72899926,0.88230616,0.4935178,0.01685368,0.1571185,0.6278763,-0.14737567,-0.30567256,-0.48272136,-0.2130918,807.8755,800.6227,811.50183,813.5165,829.6337,-0.2117919921875,0.46929931640625,0.8497314453125,3.656158447265625,-3.96270751953125,-1.158905029296875,316703.2967032967,8.082703296703297E7,3.300080586080586E7,45.55609,1,1.0,1.0,1.0,1.0,55.00
2025-07-01 00:05:46.019,0.1098856,-0.35833997,0.34647456,0.1957581,0.48167318,-0.22604571,0.019451797,0.3342019,0.64902604,0.1542618,0.5475164,0.8283085,0.60640067,0.120499104,0.20712316,0.6086389,-0.10669247,-0.34420535,-0.49969378,-0.19466166,804.2491,806.26373,806.26373,803.0403,738.5714,-0.21734619140625,0.468017578125,0.85076904296875,3.6187744140625,-3.940277099609375,-0.9271240234375,316703.2967032967,8.05385347985348E7,3.2954871794871792E7,45.502953,1,1.0,1.0,1.0,1.0,55.00
2025-07-01 00:05:47.020,0.009549745,-0.11746663,0.4240612,0.14115778,0.45075518,0.009044303,0.24404606,0.4832332,0.65966153,0.2630887,0.3281563,0.54053277,0.55214214,0.14249247,0.12408616,0.5522003,-0.12605663,-0.26663914,-0.52890193,-0.13979259,809.89014,792.96704,799.41394,811.50183,753.8828,-0.21551513671875,0.47149658203125,0.848876953125,3.93280029296875,-4.074859619140625,-1.158905029296875,316703.2967032967,8.047970695970696E7,3.294197802197802E7,45.496452,1,1.0,1.0,1.0,1.0,55.00
2025-07-01 00:05:48.022,0.12024275,-0.13537125,0.4215376,0.26635784,0.23646991,-0.26308396,0.10743441,0.15442997,0.5066399,0.17150712,0.08379599,0.21160257,0.15439625,-0.022632249,0.06563692,0.16896394,-0.10216846,-0.25112712,-0.43393654,-0.23638526,791.3553,794.9817,789.34064,796.99634,719.6337,-0.21295166015625,0.4696044921875,0.85162353515625,3.895416259765625,-4.119720458984375,-1.233673095703125,316703.2967032967,8.056512820512821E7,3.3042710622710623E7,45.41345,1,1.0,1.0,1.0,1.0,55.00
2025-07-01 00:05:49.024,0.43546417,-0.0807264,0.49242395,0.3301996,0.22850144,-0.3568456,-0.42642507,0.23768957,0.110428564,-0.10152096,0.11241217,0.20134522,0.2292758,0.04321311,-0.053816605,0.20339544,-0.20595154,-0.38794526,-0.2891986,-0.27881202,796.5934,802.23444,807.0696,789.34064,610.84247,-0.2178955078125,0.465087890625,0.85009765625,3.865509033203125,-3.671112060546875,-0.426177978515625,316703.2967032967,8.045956043956044E7,3.3044322344322342E7,45.41345,1,1.0,1.0,1.0,1.0,55.00
2025-07-01 00:05:50.024,0.40711036,-0.07658533,0.66694736,0.30934408,-0.19465977,-0.24904674,-0.17469516,-0.06274434,0.15782839,-0.014430743,0.46802458,0.05076757,0.23651056,-0.05573759,-0.093274735,0.13550647,-0.14737712,-0.39862424,-0.34166685,-0.12227503,806.26373,804.2491,809.0842,801.4286,657.1795,-0.21240234375,0.4683837890625,0.85577392578125,3.850555419921875,-4.134674072265625,-0.83740234375,316703.2967032967,8.044908424908425E7,3.2984688644688644E7,45.41345,1,1.0,1.0,1.0,1.0,55.00
2025-07-01 00:05:51.030,0.41285414,-0.21602525,0.5513656,0.26475474,0.16020718,-0.29171377,0.059929363,-0.10465359,0.26833373,0.046384268,0.41261217,0.4317379,0.1105419,0.09344887,-0.044196475,0.010508539,-0.14772333,-0.43028316,-0.49492317,-0.15161604,788.1319,796.5934,794.57874,781.28204,566.1172,-0.2049560546875,0.47198486328125,0.84967041015625,4.568328857421875,-4.358978271484375,-0.366363525390625,315897.4358974359,8.071663003663003E7,3.306285714285714E7,45.41345,1,1.0,1.0,1.0,1.0,55.00
2025-07-01 00:05:52.031,-0.113895595,-0.47516423,0.43133634,0.04256815,0.23441526,-0.50533885,0.022610212,0.06435633,0.43806413,0.121569626,0.08060497,0.5456126,-6.278381E-4,0.015005872,0.0123059135,0.0929963,-0.19413264,-0.37562573,-0.50152606,-0.14167544,788.93774,801.02563,802.6374,779.2674,508.09525,-0.198486328125,0.4786376953125,0.8480224609375,3.72344970703125,-3.835601806640625,-0.874786376953125,316703.2967032967,8.054175824175824E7,3.3057216117216118E7,45.41345,1,1.0,1.0,1.0,1.0,55.00
2025-07-01 00:05:53.033,0.047958884,-0.4269425,0.6066831,0.19454288,-0.052058354,-0.4910273,0.19375703,0.1359657,0.42155725,0.1473147,0.3631806,0.34345284,0.1257888,-0.06204408,-0.029821109,0.12752485,-0.07520329,-0.35409144,-0.5717942,-0.25900117,798.20514,801.8315,804.2491,784.5055,651.9414,-0.204345703125,0.48345947265625,0.8470458984375,4.015045166015625,-3.925323486328125,-0.35888671875,316703.2967032967,8.050388278388278E7,3.298952380952381E7,45.41345,1,1.0,1.0,1.0,1.0,55.00
2025-07-01 00:05:54.035,0.33833632,-0.49388826,0.60983956,0.390836,-0.071634285,-0.48170882,0.20366696,0.13519195,0.20606777,-0.13600038,0.360766,0.3199647,0.12035585,-0.17316306,0.02228871,0.07401423,-0.058522116,-0.31724656,-0.3699994,-0.27925274,793.36993,795.38464,793.7729,785.7143,566.9231,-0.2001953125,0.47259521484375,0.8565673828125,4.314117431640625,-4.42626953125,-0.37384033203125,316703.2967032967,8.079238095238096E7,3.3027399267399266E7,45.41345,1,1.0,1.0,1.0,1.0,55.00
2025-07-01 00:05:55.037,0.25168738,-0.14685112,0.12248061,0.34336036,0.02986111,-0.4071057,0.10415087,0.11780587,0.3202711,0.020358486,0.11157343,0.18396476,0.0019214943,-0.134086,0.009815838,0.1442456,-0.17928016,-0.31299874,-0.3301849,-0.28545195,777.25275,800.2198,794.57874,774.43225,647.1062,-0.19342041015625,0.48175048828125,0.8470458984375,3.955230712890625,-4.134674072265625,-0.755157470703125,316703.2967032967,8.0612673992674E7,3.305157509157509E7,45.41345,1,1.0,1.0,1.0,1.0,55.00
2025-07-01 00:05:56.039,0.41769487,-0.13972971,0.41594657,0.2545287,0.0026038468,-0.090221204,0.14578883,0.08108002,0.3183201,0.15842767,0.21078783,0.19143763,-0.0948197,-7.248284E-4,0.084322765,0.13232052,-0.21329057,-0.35080957,-0.5433076,-0.23660079,790.9524,793.36993,785.31134,775.64105,802.23444,-0.196044921875,0.48284912109375,0.846435546875,3.043060302734375,-3.0206298828125,-1.532745361328125,316703.2967032967,8.056351648351648E7,3.309347985347985E7,45.41345,1,1.0,1.0,1.0,1.0,55.00
2025-07-01 00:05:57.041,0.34200788,-0.28741023,0.5459889,0.29600874,-0.009155388,-0.28148344,0.15907472,0.2767047,0.25375417,-0.10602573,0.24344057,0.46586463,-0.02476097,-0.062010728,-0.011274798,0.12508963,-0.11146719,-0.2627671,-0.35575578,-0.12760131,793.36993,804.2491,818.7546,792.96704,750.65936,-0.19110107421875,0.48199462890625,0.84991455078125,4.306640625,-4.134674072265625,-0.97198486328125,316703.2967032967,8.082542124542125E7,3.302095238095238E7,45.41345,1,1.0,1.0,1.0,1.0,55.00
2025-07-01 00:05:58.043,0.13162053,-0.40633076,0.54226255,0.4097663,0.22401407,-0.48991778,-0.012668993,0.43496898,0.27710608,-0.07268592,0.16390404,0.4387324,0.0112636015,-0.15502606,0.009761691,0.14661817,-0.20235018,-0.30052647,-0.24221636,-0.08117316,785.31134,800.6227,794.17584,787.326,700.293,-0.18975830078125,0.48681640625,0.84716796875,3.955230712890625,-4.194488525390625,-0.7476806640625,316703.2967032967,8.084556776556776E7,3.3098315018315017E7,45.41345,1,1.0,1.0,1.0,1.0,55.00
2025-07-01 00:05:59.045,0.2612903,-0.2559097,0.3374157,0.2535457,0.2828444,-0.28904283,-0.24611697,0.2921868,0.4656268,0.07599612,0.1992672,0.32642767,0.05830451,0.035870302,-0.10903876,0.092085816,-0.07832152,-0.37600553,-0.27483058,-0.2088311,805.05493,801.8315,809.4872,800.6227,761.53845,-0.1895751953125,0.48309326171875,0.8455810546875,3.768310546875,-4.20196533203125,-0.73272705078125,317509.1575091575,8.067150183150183E7,3.3065274725274723E7,45.41345,1,1.0,1.0,1.0,1.0,55.00
2025-07-01 00:06:00.056,0.58948684,0.13465121,0.3973337,0.28957006,0.22433998,-0.30272806,-0.12395245,0.28731295,0.5027257,0.15449001,0.10321191,0.119649276,0.07413729,0.08816587,-0.0034531953,0.14084409,0.035926007,-0.25312397,-0.4023814,-0.28133824,817.1429,805.05493,801.8315,830.4396,844.1392,-0.192626953125,0.48370361328125,0.8487548828125,4.448699951171875,-4.44122314453125,-0.61309814453125,316703.2967032967,8.067714285714285E7,3.3043516483516484E7,45.41345,1,1.0,1.0,1.0,1.0,55.00
2025-07-01 00:06:01.059,0.35584572,-0.0855842,0.64378065,0.55536085,0.32998666,-0.15989862,0.012353474,0.452833,0.33552724,0.18265554,0.32579124,0.15275437,0.08700885,0.001272291,-0.040466227,0.17587921,-0.1859059,-0.13515274,-0.31343043,-0.2696679,811.50183,805.05493,796.99634,826.0073,747.03296,-0.18939208984375,0.48779296875,0.85003662109375,3.581390380859375,-4.044952392578125,-0.635528564453125,316703.2967032967,8.081897435897435E7,3.2975018315018315E7,45.41345,1,1.0,1.0,1.0,1.0,55.00
2025-07-01 00:06:02.063,0.3359549,-0.3574449,0.23722833,0.61167413,0.39941674,-0.07139965,0.09710912,0.5939596,0.16968058,0.15049043,0.36640006,0.25146922,0.07786113,-0.0017009749,-0.0987981,0.080173545,-0.24254957,-0.21592094,-0.36226422,-0.18879907,813.5165,809.0842,796.5934,819.15753,834.87177,-0.18548583984375,0.48687744140625,0.8455810546875,3.81317138671875,-4.104766845703125,-0.755157470703125,315897.4358974359,8.062395604395604E7,3.3044322344322342E7,45.41345,1,1.0,1.0,1.0,1.0,55.00
2025-07-01 00:06:03.065,0.26647574,-0.22156243,0.38306278,0.28380376,0.3577837,0.106385775,0.38416746,0.5175524,0.40566322,0.18218881,0.19728124,0.27936688,0.021806719,-0.08850191,-0.075815804,0.15961617,-0.13013996,-0.41789392,-0.55662036,-0.18086381,816.337,803.44324,795.38464,816.7399,803.8461,-0.184814453125,0.49090576171875,0.84649658203125,3.491668701171875,-3.686065673828125,-0.85235595703125,316703.2967032967,8.065699633699633E7,3.3037875457875457E7,45.41345,1,1.0,1.0,1.0,1.0,55.00
2025-07-01 00:06:04.067,0.82675517,0.074966975,0.6565284,0.84907556,0.28379154,-0.10506315,0.35419074,0.41575202,0.8406724,0.27458188,0.6402662,0.78742665,0.18151033,-0.095562086,-0.038992524,0.2822733,-0.13231641,-0.48922452,-0.4826807,-0.19576174,807.0696,797.8022,799.81683,812.71063,823.1868,-0.18853759765625,0.4852294921875,0.847412109375,3.701019287109375,-3.828125,-0.889739990234375,316703.2967032967,8.067875457875457E7,3.2964542124542125E7,45.41345,1,1.0,1.0,1.0,1.0,55.00
2025-07-01 00:06:05.070,1.0173693,0.10201111,0.69542223,0.8947921,0.38240546,-0.28517023,0.36844435,0.38624737,0.8308458,0.22369187,0.6475617,0.86743706,0.22105028,-0.053434335,-0.05034627,0.16629604,-0.22527549,-0.31074718,-0.3174828,-0.17267849,815.12823,804.65204,790.14655,820.7692,823.1868,-0.1876220703125,0.48876953125,0.84649658203125,3.87298583984375,-4.2169189453125,-0.4486083984375,316703.2967032967,8.068358974358974E7,3.3045128205128204E7,45.403477,1,1.0,1.0,1.0,1.0,55.00
2025-07-01 00:06:06.073,0.72864336,0.6252813,0.7901901,0.43846288,0.13500132,0.13105093,0.37692234,0.26126218,0.41041452,0.16343305,0.4909798,0.5546248,0.08245536,0.08992245,-0.019160112,0.1520747,-0.123246945,-0.27698737,-0.38871095,-0.41188142,813.1135,804.65204,791.75824,812.71063,855.82416,-0.1898193359375,0.4871826171875,0.84442138671875,3.5888671875,-4.0972900390625,-0.710296630859375,316703.2967032967,8.044102564102563E7,3.295809523809524E7,45.46467,1,1.0,1.0,1.0,1.0,55.00
2025-07-01 00:06:07.075,0.92422897,0.72013247,0.9376531,0.5845497,0.23418033,0.20288917,0.40708303,0.3007392,0.12139067,0.40997645,0.58874434,0.10177357,0.09742248,0.09193289,0.13388987,0.31082422,-0.010233203,-0.36234516,-0.49236557,-0.39900514,807.8755,800.6227,812.3077,808.68134,791.3553,-0.19464111328125,0.48162841796875,0.8502197265625,3.850555419921875,-4.134674072265625,-0.8074951171875,316703.2967032967,8.025970695970696E7,3.28581684981685E7,45.46467,1,1.0,1.0,1.0,1.0,55.00
2025-07-01 00:06:08.078,0.60851204,-0.048445277,0.43930262,0.6422923,0.20596576,-0.12492249,0.16767469,0.3380891,0.67060125,0.2582663,0.590606,0.49535266,0.26383713,0.07271061,0.04410025,0.24005178,-0.043082237,-0.3987965,-0.4417711,-0.26232675,801.4286,795.78754,799.81683,819.5604,750.2564,-0.1907958984375,0.4884033203125,0.8426513671875,4.35150146484375,-4.000091552734375,-0.19439697265625,317509.1575091575,8.018879120879121E7,3.2878315018315017E7,45.63387,1,1.0,1.0,1.0,1.0,55.00
2025-07-01 00:06:09.080,0.6019712,0.04756767,0.34802958,0.64948404,0.14870203,-0.08727368,0.46634558,0.32861948,0.41846004,0.19346216,0.53356224,0.47235328,0.2520389,-0.004587565,-0.18215585,0.06249653,-0.075020656,-0.35342807,-0.46688738,-0.2164829,804.65204,801.02563,796.1905,801.4286,614.4689,-0.1864013671875,0.48992919921875,0.84521484375,3.7384033203125,-3.431854248046875,-1.00189208984375,316703.2967032967,8.045714285714285E7,3.2992747252747253E7,46.204594,1,1.0,1.0,1.0,1.0,55.00
2025-07-01 00:06:10.081,0.35893738,-0.034971748,0.2932955,0.411767,-0.086687215,-0.15166065,0.11122166,0.2543287,0.37411976,0.20115103,0.33456695,0.29544765,0.20550862,-0.12320684,-0.1938277,0.017445952,-0.08847824,-0.2896456,-0.50981057,-0.1899146,801.02563,809.89014,810.293,799.41394,716.8132,-0.18975830078125,0.48944091796875,0.84716796875,4.104766845703125,-4.05242919921875,-0.770111083984375,316703.2967032967,8.034593406593406E7,3.2936336996336997E7,46.204594,1,1.0,1.0,1.0,1.0,55.00
2025-07-01 00:06:11.083,0.17808545,0.011671031,0.62441874,0.1592222,0.23399441,0.08735965,0.12897864,0.30012646,0.14523727,0.024681238,0.13091785,0.2589176,0.095368676,-0.08039457,0.10666009,0.07776787,-0.20677736,-0.3953972,-0.51106787,-0.22785324,802.23444,805.8608,806.26373,811.0989,722.4542,-0.1893310546875,0.4842529296875,0.8433837890625,3.7982177734375,-3.84307861328125,-0.64300537109375,315897.4358974359,8.02178021978022E7,3.286945054945055E7,46.204594,1,1.0,1.0,1.0,1.0,55.00
2025-07-01 00:06:12.084,-0.10307214,-0.04944577,0.45245898,4.6193306E-4,0.13720372,-0.0025264572,-0.10825183,-0.16198806,0.14438012,-0.024242515,0.17668055,0.22891203,0.13646778,-0.011191895,0.09423571,0.14412136,-0.2685555,-0.381597,-0.2608978,-0.12734054,796.5934,802.23444,791.3553,793.36993,572.5641,-0.184814453125,0.48394775390625,0.8482666015625,3.96270751953125,-4.56085205078125,-0.650482177734375,316703.2967032967,8.029194139194138E7,3.2997582417582415E7,46.204594,1,1.0,1.0,1.0,1.0,55.00
2025-07-01 00:06:13.087,0.18063834,-0.15434715,0.6503848,0.34983665,0.0274347,-0.44876605,0.2522206,-0.12215101,0.1412005,-0.12906362,0.25768623,0.24792708,0.106871985,-0.0153714735,-0.045786135,0.2940933,-0.2149457,-0.29551348,-0.3112507,-0.0966037,803.44324,805.4579,794.9817,797.8022,625.7509,-0.18145751953125,0.49041748046875,0.84814453125,3.7384033203125,-4.119720458984375,-1.136474609375,316703.2967032967,8.049824175824176E7,3.3057216117216118E7,46.128456,1,1.0,1.0,1.0,1.0,55.00
2025-07-01 00:06:14.090,0.55204964,-0.18800597,0.67127156,0.29399532,0.04881468,-0.38728476,0.34181818,0.12474807,0.10768706,-0.2174935,0.29509163,0.65849316,0.12375623,-0.024311753,-0.11704479,0.2311323,-0.17609704,-0.3831377,-0.437974,-0.1578109,792.5641,795.38464,796.99634,786.52014,674.90845,-0.18658447265625,0.49066162109375,0.84600830078125,4.149627685546875,-4.38140869140625,-0.680389404296875,316703.2967032967,8.03821978021978E7,3.295970695970696E7,45.955204,1,1.0,1.0,1.0,1.0,55.00
2025-07-01 00:06:15.091,0.36937436,-0.06373104,0.46845466,0.046528913,0.51332015,-0.16842693,0.026192652,0.32988998,0.50331634,0.02400862,0.058791045,0.7324897,0.22700791,0.07009677,-0.10563066,0.24922079,-0.2856599,-0.3977743,-0.48524615,-0.20024492,801.4286,804.2491,787.72894,783.2967,527.8388,-0.1807861328125,0.490234375,0.844970703125,3.9178466796875,-4.14215087890625,-1.33087158203125,316703.2967032967,8.025326007326007E7,3.2985494505494505E7,45.91904,1,1.0,1.0,1.0,1.0,55.00
2025-07-01 00:06:16.092,0.5105498,0.041513182,0.49783584,0.48974177,0.4923276,-0.21647415,0.3426179,0.39514446,0.72416127,0.17629337,0.30035776,0.63110614,0.41590697,0.06932647,0.045201145,0.23157534,-0.22549097,-0.33625835,-0.37556517,-0.34861207,819.15753,808.68134,793.36993,797.8022,672.49084,-0.1759033203125,0.490966796875,0.8447265625,3.5888671875,-3.33465576171875,-0.1495361328125,316703.2967032967,8.044263736263736E7,3.3077362637362637E7,45.91904,1,1.0,1.0,1.0,1.0,50.00
2025-07-01 00:06:17.093,0.53720355,0.61805016,0.7011734,0.77352846,0.48494115,-0.014410241,0.3960017,0.6092323,0.16971225,0.10392788,0.32328933,0.3824135,0.14090708,-0.09259875,0.17044003,0.13783559,-0.26187894,-0.3274832,-0.3767114,-0.44807398,796.5934,794.57874,809.4872,790.54944,683.36993,-0.18743896484375,0.48785400390625,0.8505859375,3.6785888671875,-3.90289306640625,-0.859832763671875,316703.2967032967,8.054014652014652E7,3.3098315018315017E7,45.86386,1,1.0,1.0,1.0,1.0,50.00
2025-07-01 00:06:18.105,0.6115686,0.7147338,0.8879855,0.9842767,0.4960937,0.03314748,0.25663152,0.2505156,-0.07177393,0.51808536,0.6645038,0.54152155,0.21194473,0.088774554,0.104847334,0.31063843,-0.25172254,-0.5582299,-0.49597788,0.019850938,770.40295,788.93774,792.1612,766.3736,694.65204,-0.19000244140625,0.48712158203125,0.846923828125,3.54400634765625,-3.970184326171875,-1.562652587890625,316703.2967032967,8.043377289377289E7,3.3076556776556775E7,45.795856,1,1.0,1.0,1.0,1.0,50.00
2025-07-01 00:06:19.107,1.1835543,0.44548306,0.7102369,1.1241695,0.29535916,0.031566743,0.40674374,0.38374445,0.7853308,0.57433313,0.70299923,0.9148351,0.42766935,0.0711137,0.048571017,0.38719952,-0.12331345,-0.55458397,-0.55674666,-0.071630985,777.25275,791.3553,803.8461,778.86444,655.56775,-0.1915283203125,0.4820556640625,0.85028076171875,3.7982177734375,-3.8580322265625,-0.979461669921875,317509.1575091575,8.06062271062271E7,3.3166813186813187E7,45.773075,1,1.0,1.0,1.0,1.0,50.00
2025-07-01 00:06:20.108,0.31992275,0.02802564,0.5886536,0.5411885,0.3857493,0.0034006853,0.21963273,0.34062466,0.7021407,0.39333135,0.5330991,0.9757146,0.4627243,0.13270055,0.15140975,0.41690084,-0.11658384,-0.3118204,-0.22537985,-0.17041543,789.34064,803.8461,804.65204,785.7143,649.12085,-0.19464111328125,0.479248046875,0.8502197265625,3.611297607421875,-3.27484130859375,-1.248626708984375,316703.2967032967,8.098820512820512E7,3.319904761904762E7,45.773075,1,1.0,1.0,1.0,1.0,50.00
2025-07-01 00:06:21.110,0.2843445,-0.18344371,0.753198,0.5449958,0.5136255,0.039860826,0.42789507,0.47864875,0.68619764,0.33697632,0.32805213,0.95722103,0.55306345,0.11306841,0.06461629,0.30703023,-0.13762227,-0.21567014,-0.2532236,-0.15984546,808.68134,790.54944,844.1392,824.7985,743.4066,-0.2042236328125,0.47479248046875,0.8546142578125,3.775787353515625,-3.96270751953125,-1.016845703125,316703.2967032967,8.104380952380952E7,3.3206300366300367E7,45.653736,1,1.0,1.0,1.0,1.0,50.00
2025-07-01 00:06:22.110,1.212962,0.52576166,0.7301228,1.0254822,0.7654797,0.2858651,0.35688224,0.70321757,0.65106755,0.3748963,0.36291876,0.80799645,0.8328502,0.13884342,0.077178635,0.38473147,0.21966071,0.2500675,-0.19270152,-0.31605783,788.1319,794.17584,806.26373,792.5641,657.1795,-0.20843505859375,0.46875,0.84893798828125,3.237457275390625,-3.656158447265625,-1.39068603515625,316703.2967032967,8.10462271062271E7,3.31829304029304E7,45.653736,1,1.0,1.0,1.0,1.0,50.00
2025-07-01 00:06:23.112,1.1677202,0.48955944,0.31351164,0.9458574,0.71502745,0.2235104,-0.07606461,0.6529872,0.8764603,0.5333644,0.5641244,0.85557145,0.8280936,0.17117208,0.12419321,0.4616574,0.36591953,0.035535615,-0.24430831,-0.20557186,801.8315,803.8461,818.3516,782.0879,753.8828,-0.21270751953125,0.46856689453125,0.85198974609375,3.94775390625,-4.127197265625,-0.575714111328125,316703.2967032967,8.048454212454212E7,3.3073333333333332E7,45.653736,1,1.0,1.0,1.0,1.0,50.00
2025-07-01 00:06:24.114,0.3301524,-0.61653984,0.5645632,0.1690821,0.12472722,-0.48785278,0.14848748,0.05099367,0.7486415,0.46536192,0.56078786,0.2871954,0.6647988,0.14333048,3.5226467E-4,0.329461,0.13252449,-0.14976516,-0.29229537,-0.23830429,797.3993,797.8022,804.2491,802.23444,792.96704,-0.2152099609375,0.46197509765625,0.856201171875,3.820648193359375,-3.0206298828125,-1.256103515625,316703.2967032967,8.036446886446886E7,3.3083809523809522E7,45.653736,1,1.0,1.0,1.0,1.0,50.00
2025-07-01 00:06:25.116,0.09280023,-0.53489006,0.63397986,0.27244845,-0.120626256,-0.6288413,-0.0052255667,0.058322843,0.7128032,0.13446896,0.275788,0.4941152,0.6948716,0.20377676,0.23445542,0.35385317,0.11758144,-0.26734588,-0.47214788,-0.27089244,804.2491,794.9817,795.38464,796.5934,696.26373,-0.22430419921875,0.456298828125,0.84912109375,3.386993408203125,-3.0206298828125,-1.876678466796875,316703.2967032967,8.057882783882783E7,3.3213553113553114E7,45.653736,1,1.0,1.0,1.0,1.0,50.00
2025-07-01 00:06:26.117,0.3309649,-0.11576196,0.7791981,0.6532759,0.20701084,-0.20417108,0.14025898,0.28138345,0.7097575,0.36661896,0.35525873,0.63240314,0.6036106,0.18513298,0.19166549,0.3658927,0.11650411,-0.17268427,-0.332955,-0.1579498,800.6227,795.78754,796.1905,800.6227,806.6667,-0.2294921875,0.45245361328125,0.8546142578125,3.925323486328125,-3.880462646484375,-0.95703125,315897.4358974359,8.052080586080585E7,3.3206300366300367E7,45.653736,1,1.0,1.0,1.0,1.0,60.00
2025-07-01 00:06:27.119,0.45438594,0.24798621,0.57532585,0.7036487,0.10989733,-0.052755635,0.3978914,0.3163118,0.5219913,0.015368416,0.55347836,0.77938145,0.56203735,0.08872351,-0.024962133,0.6118551,0.06464881,-0.2780879,-0.35334265,-0.10520926,777.25275,798.60803,811.9048,797.8022,807.0696,-0.232666015625,0.4527587890625,0.85418701171875,3.880462646484375,-4.179534912109375,-1.472930908203125,316703.2967032967,8.060542124542125E7,3.3205494505494505E7,45.653736,1,1.0,1.0,1.0,1.0,60.00
2025-07-01 00:06:28.125,0.18900749,0.035955828,0.51320946,0.1297569,0.22946545,-0.20653753,0.26390234,0.24332827,0.6955154,0.22167775,0.35463303,0.84320194,0.5489053,0.018492747,0.041755665,0.52521646,0.18701857,-0.33794287,-0.31684548,-0.07259387,799.011,801.4286,808.2784,793.36993,724.0659,-0.23773193359375,0.45001220703125,0.85992431640625,3.865509033203125,-4.0972900390625,-1.1962890625,316703.2967032967,8.062637362637362E7,3.3210329670329668E7,45.653736,1,1.0,1.0,1.0,1.0,60.00
2025-07-01 00:06:29.134,0.047863595,-0.36583874,0.93727595,0.008595964,-0.15325633,-0.5500301,0.2601106,0.09698864,0.6670215,0.079013355,0.45972908,0.41801855,0.6416512,0.181388,0.113299526,0.43755063,0.116853274,-0.33140942,-0.24826565,-0.12182152,794.17584,800.2198,800.2198,810.696,853.4066,-0.237548828125,0.44635009765625,0.85821533203125,4.179534912109375,-4.23187255859375,-1.218719482421875,316703.2967032967,8.076014652014652E7,3.3224029304029305E7,45.60869,1,1.0,1.0,1.0,1.0,60.00
2025-07-01 00:06:30.135,0.03876356,-0.4318452,0.7330817,-0.042809837,-0.19770177,-0.14205779,0.3419454,-0.015031412,0.57862175,0.1787889,0.57382363,0.30703646,0.5845776,0.13649736,0.079992995,0.46546665,0.21209447,-0.22499478,-0.36655557,0.031298414,814.7253,801.4286,805.05493,809.4872,811.9048,-0.23699951171875,0.448974609375,0.8585205078125,3.75335693359375,-3.94775390625,-1.1663818359375,316703.2967032967,8.051435897435898E7,3.3186959706959706E7,45.601727,1,1.0,1.0,1.0,1.0,60.00
2025-07-01 00:06:31.136,-0.082694404,-0.4174627,0.28150573,-0.0035463523,-0.17049125,-0.26928213,0.052419115,0.18036018,0.27858114,0.12326893,0.52232826,0.3197156,0.518236,0.11917664,0.15653239,0.31708968,0.2283143,-0.29955193,-0.36140856,-0.07863492,809.0842,795.38464,797.8022,800.6227,666.4469,-0.24493408203125,0.4434814453125,0.8594970703125,3.730926513671875,-4.02252197265625,-0.76263427734375,316703.2967032967,8.039992673992674E7,3.3217582417582415E7,45.542114,1,1.0,1.0,1.0,1.0,60.00
2025-07-01 00:06:32.138,-0.14053874,-0.29985917,0.49602482,0.003719916,0.049589228,-0.23758627,-0.25306132,-0.13429412,0.77869695,-0.03777703,0.43004754,0.73769224,0.5127102,0.023099743,0.055082094,0.31503484,0.10405099,-0.3910135,-0.1938074,-0.13604498,810.293,807.8755,796.1905,815.5311,770.0,-0.24462890625,0.4390869140625,0.85882568359375,3.880462646484375,-3.57391357421875,-0.95703125,315897.4358974359,8.038461538461538E7,3.3236923076923076E7,45.542114,1,1.0,1.0,1.0,1.0,60.00
2025-07-01 00:06:33.143,-0.025746882,-0.27956542,0.51771516,0.030399304,-0.016355436,-0.19136335,0.13919204,0.063693136,0.8135646,-0.035872146,0.6393716,0.8093647,0.67390484,0.058457397,0.06486877,0.45026198,0.06755656,-0.24287751,-0.23234941,-0.023755917,810.293,795.38464,804.65204,809.4872,813.91943,-0.2454833984375,0.444091796875,0.853515625,3.850555419921875,-4.059906005859375,-0.64300537109375,316703.2967032967,8.064087912087911E7,3.3333626373626374E7,45.542114,1,1.0,1.0,1.0,1.0,60.00
2025-07-01 00:06:34.145,0.7024562,-0.17842728,0.64073324,0.08864699,-0.04337581,-0.15191184,0.11444397,0.14817338,0.78663695,-0.049585123,0.40612584,0.71157515,0.6194074,3.1006563E-4,0.068376705,0.34862724,0.10909467,-0.28183517,-0.3888027,-0.18468982,820.3663,799.81683,798.20514,819.5604,781.28204,-0.2474365234375,0.43450927734375,0.85809326171875,3.461761474609375,-3.626251220703125,-0.94207763671875,316703.2967032967,8.071582417582418E7,3.339084249084249E7,45.86297,1,1.0,1.0,1.0,1.0,60.00
2025-07-01 00:06:35.146,0.86442655,-0.046898436,0.6475537,0.46099672,0.14151144,-0.1546556,0.053916108,0.36065498,0.6237661,0.13315949,0.44042394,0.35010588,0.5927834,-0.13527752,0.12512715,0.28478786,0.25032708,-0.25164092,-0.20443751,-0.30998147,809.4872,803.0403,817.5458,817.9487,815.5311,-0.26776123046875,0.4100341796875,0.868896484375,0.874786376953125,-3.24493408203125,-4.80010986328125,316703.2967032967,8.066344322344323E7,3.3356996336996336E7,46.03893,1,1.0,1.0,1.0,1.0,60.00
2025-07-01 00:06:36.148,0.016403574,0.13481008,0.6827091,0.19583936,-0.061647292,-0.010714245,0.30592293,0.20140943,0.7578264,0.23730356,0.48442551,0.3629548,0.5457979,0.021489985,0.16443397,0.27336863,0.30838385,-0.16660981,-0.12607652,-0.029292073,793.36993,787.326,813.1135,817.1429,707.1429,-0.37310791015625,0.17364501953125,0.9134521484375,-11.94793701171875,-5.495452880859375,-30.3857421875,317509.1575091575,8.083106227106227E7,3.291135531135531E7,46.0564,1,1.0,1.0,1.0,1.0,55.00
2025-07-01 00:06:37.151,0.26799294,0.34957924,0.9792067,0.46378222,-0.14911948,0.31535015,0.33957055,0.19442436,0.7005979,0.19883475,0.44572365,0.8705924,0.76486856,0.5867969,0.256615,0.5820796,0.6306926,0.5145401,-0.10815819,0.75197893,998.86444,662.01465,831.2454,832.8571,714.7985,-0.37579345703125,-0.2127685546875,0.908447265625,-1.06170654296875,-2.444915771484375,-19.9481201171875,316703.2967032967,8.091084249084249E7,3.291296703296703E7,46.06861,1,1.0,1.0,1.0,1.0,55.00
2025-07-01 00:06:38.160,0.42292982,0.032281373,0.9792067,0.65785134,-0.10687073,-0.028658664,0.33957055,0.3252346,0.53886074,0.11354876,0.44572365,0.85385495,0.89775014,0.8217135,0.256615,0.7894386,0.83387023,0.81122565,-0.10815819,1.0486572,800.6227,866.30035,851.39197,810.293,668.0586,-0.32891845703125,-0.27801513671875,0.89794921875,6.646881103515625,-6.901092529296875,9.622650146484375,316703.2967032967,8.055626373626374E7,3.2717142857142854E7,46.06861,1,1.0,1.0,1.0,1.0,55.00
2025-07-01 00:06:39.162,0.42292982,0.032281373,0.9792067,0.65785134,-0.10687073,-0.028658664,0.33957055,0.3252346,0.53886074,0.11354876,0.44572365,0.85385495,0.89775014,0.8217135,0.256615,0.7894386,0.83387023,0.81122565,-0.10815819,1.0486572,786.52014,831.6484,789.7436,814.7253,730.9158,-0.39947509765625,0.087890625,0.91845703125,7.364654541015625,-8.246917724609375,12.598419189453125,316703.2967032967,8.074161172161172E7,3.2713113553113554E7,46.06861,1,2.0,1.0,1.0,2.0,55.00
2025-07-01 00:06:40.173,0.42292982,0.032281373,0.9792067,1.6989654,-0.10687073,-0.028658664,0.33957055,1.4947299,0.53886074,0.11354876,0.44572365,1.0147609,0.89775014,0.8217135,0.256615,1.0061367,0.83387023,0.81122565,-0.10815819,0.4799584,768.3883,804.2491,800.2198,809.4872,668.46155,-0.3265380859375,0.1280517578125,0.94464111328125,4.942169189453125,-4.74029541015625,0.097198486328125,316703.2967032967,8.037575091575092E7,3.2796923076923076E7,46.06861,1,1.0,1.0,1.0,1.0,55.00
2025-07-01 00:06:41.184,0.71747035,-0.0068344413,0.5396075,0.5169046,0.05622112,0.21203381,0.53550494,0.0797035,0.39174068,-0.014430917,0.36796293,0.47925213,0.29473028,0.08184851,0.06364006,0.19230662,0.063837044,-0.42612413,-0.3642552,0.12470684,784.90845,815.9341,803.8461,790.14655,779.67035,-0.31243896484375,0.1468505859375,0.93115234375,3.087921142578125,-4.42626953125,-1.80938720703125,315897.4358974359,8.032336996336997E7,3.2796923076923076E7,46.06861,1,1.0,1.0,1.0,1.0,55.00
2025-07-01 00:06:42.196,1.1712598,-0.12038202,0.79988736,0.86118937,0.75168234,-0.023122959,0.44165376,0.6317417,0.82863337,0.039456613,0.5958442,0.7004116,0.64198273,0.3804685,0.051700607,0.42339727,0.35586643,0.2344714,-0.109407075,0.21805014,787.326,795.38464,800.2198,791.75824,686.1905,-0.308349609375,0.1422119140625,0.9378662109375,3.9776611328125,-3.491668701171875,-1.009368896484375,316703.2967032967,8.037655677655677E7,3.281868131868132E7,53.003006,1,1.0,1.0,1.0,1.0,55.00
2025-07-01 00:06:43.197,0.49736091,-0.117860496,0.60070205,0.5195915,0.092338204,-0.23016684,0.27471992,0.25765398,0.24655482,0.35115016,0.60803145,0.48638973,0.4580286,0.36982828,0.19089155,0.46605453,0.3348301,0.30285838,-0.04354101,0.12638286,807.8755,789.7436,813.91943,801.8315,645.09155,-0.31719970703125,0.14208984375,0.93927001953125,4.358978271484375,-4.0972900390625,-0.5682373046875,316703.2967032967,8.054981684981684E7,3.2786446886446886E7,59.151985,1,1.0,1.0,1.0,1.0,55.00
